label,text
Dimorphic Hemorrhoids,"Constipation has made it quite difficult for me to use the restroom. My stool has been bloody when I do go, and it hurts. In addition, my anus has been quite itchy and inflamed, and I've been experiencing some butt soreness."
Allergy,"I'm nauseous, ill, and shaky. I have a huge throat, which makes it tough for me to breathe. I occasionally have nighttime chest aches and occasional sickness."
Psoriasis,My skin is extremely sensitive and quickly irritated by changes in temperature or humidity. My nails have developed dents on them. I am worried about this sudden change.
Dengue,The headache I have been experiencing is severe and is accompanied by a feeling of pressure in my head. I have mild fever along with headache. There are small red spots on my back.
Impetigo,"The sores on my face are beginning to weep clear fluid. Also, every night I get a high fever and chills, because of which I cannot sleep all night."
Varicose Veins,"The rash on my legs is spreading and becoming more severe. It is red, inflamed, and itchy, causing a lot of discomfort and difficulty sleeping at night."
Gastroesophageal Reflux Disease,"I have a persistent sour taste in my mouth, even when I haven't eaten anything acidic. I get frequent hiccups and a feeling of lump in my throat."
Common Cold,"I've been quite exhausted and ill. I have been sneezing a lot and am having trouble warming up. I'm so exhausted, and my head hurts. And I feel like I am boiling over with my high temperature."
Gastroesophageal Reflux Disease,"I don't feel like eating, and swallowing is challenging. Even after little meals, I frequently get this lingering sensation of fullness. My normal symptoms include nausea, heartburn, and tingling in my throat."
Jaundice,"I've felt really scratchy, nauseated, and worn out. I also had a high fever and lost weight. Both my skin and my urine have become yellow. I've also been experiencing stomach pain."
Drug Reaction,I have terrible mental clarity and find it difficult to stay focused. I regularly forget things and have problems remembering things.
Peptic Ulcer Disease,I have unintended weight loss and difficulty gaining weight. I have pain and discomfort that is relieved by taking antacids. My mouth tastes very bad
Jaundice,"I have been suffering from intense itching, vomiting, fatigue, and weight loss. My fever is high and my skin has turned yellow. My urine is dark and I have been experiencing abdominal pain"
Chicken Pox,"I'm worried about this rash on my skin. It's spreading rapidly and causing a lot of discomforts. I can hardly sleep at night because of the itching,"
Impetigo,"Over the last two days, the rash on my face has gotten more severe and inflamed, and the blisters have begun to bleed clear pus. It is really painful to deal with."
Migraine,"Acidity and indigestion are among the digestive problems I've been having, along with regular headaches, blurred vision, increased hunger, stiff neck, sadness, impatience, and visual disruption."
Allergy,"I have a sore throat and a lot of sneezing. There are times when the skin around my eyes and my lips swell. I find that once I start, I just cannot stop."
Typhoid,"I've had a persistent headache for the past week, and it's been getting worse. It's been accompanied by belly aches, constipation and diarrhea."
Varicose Veins,"My legs' skin around the veins is unusual. There appears to be a large bruise. Nowadays, I get frequent cramps when I sprint or run."
Drug Reaction,I have experinenced significant weight gain and become very obese. I have changes in my appetite and cravings for different foods
Cervical Spondylosis,"I have been dealing with back pain, a cough that won't go away, and weakness in my arms and legs. My neck hurts and I have had problems with dizziness and maintaining my balance."
Pneumonia,"I'm saturated with sweat and struggling to breathe. My throat is blocked with mucous, and I'm uncomfortable. My heart is racing, and my chest aches. I'm coughing up a darkish stringy mucous."
Peptic Ulcer Disease,I have difficulty swallowing food and often get a sensation of the food getting stuck in my throat. I have constant belching and bloating. There is a persitent sour taste in my mouth
Typhoid,"I've had a lot of bloating and constipation, which has been really painful. There is a lot of pressure and pain in my stomach area. I get a high fever and chills every night."
Diabetes,"I have a dry cough that never stops. I have palpitations and my infections don't appear to be getting better. Sometimes my throat hurts, but it seems to get better."
Impetigo,"Small red sores appeared near my nose and neck at first. I now have a high temperature, and the sores have gotten more painful and inflamed in recent days."
Chicken Pox,"I've been suffering from severe itching all over my body, along with a fever and headache. The red spots are starting to swell and it is getting really uncomfortable every day."
Diabetes,I have mood changes and have difficulty concentrating. My mind feels hazy and foggy at times and it gets difficult to do even regular chores
Peptic Ulcer Disease,"I occasionally have burning in my upper abdomen throughout the day or at night. I regularly get severe heartburn, indigestion, and nausea."
Fungal Infection,"I have lots of itchy spots on my skin, and sometimes they turn red or bumpy. There are also some weird patches that are different colors than the rest of my skin, and sometimes I get these weird bumps that look like little balls."
Psoriasis,"My joints are experiencing an unusual discomfort. Additionally, I've experienced weird skin peeling in various places on my body. I'm concerned that something is wrong with my body."
Hypertension,I've been experiencing balance issues in addition to feeling disoriented and dizzy. My headache has also been present nonstop.
Peptic Ulcer Disease,"On occasion, throughout the day or at night, I have burning in my upper abdomen. I frequently get extreme nauseous episodes, heartburn, and indigestion."
Gastroesophageal Reflux Disease,"I always get a sour taste in my mouth, even when I don't have anything acidic in my stomach. I regularly have the hiccups and a knot in my throat."
Drug Reaction,"I suffer migraines and headaches, and I've been having trouble falling asleep. My whole body has been trembling and shivering. At times, I have dizziness."
Peptic Ulcer Disease,"I have a stomach ache that keeps me from falling or staying asleep. After using the restroom, I feel worn out and lose interest in food. I'm constantly pretty anxious."
Hypertension,"I have been feeling fine all day, but suddenly developed a headache, chest pain, and dizziness while out for a run. It's been hard for me to maintain my balance since then"
Malaria,"I have a high fever, severe itching, chills, and vomiting. In addition, I've been perspiring a lot and have a headache. I've also been bothered by nausea and muscle ache."
Peptic Ulcer Disease,"My appetite and chronic hunger are both ferocious. My stomach may occasionally ache and spasm. I have gas and bloating after eating, which is really painful."
Gastroesophageal Reflux Disease,I frequently get a scratchy voice or a painful throat when I wake up. I have bad breath and a continual sore throat. I also vomit a lot.
Bronchial Asthma,"Hello, Mom and Father Recently, I've felt incredibly worn out and have had a cough that won't go away. My fever is really high, and my breathing has become shallow. Additionally, I've been coughing up a lot of mucous, thick sputum."
Impetigo,"Initially, I developed small red sores near my nose and neck. Now, I am having a high fever and the sores have become more painful and inflamed over the past few days."
Bronchial Asthma,"I've felt terribly weak and drained, and I've also had a cough that that won't go away. My fever has been exceptionally high, and it has been challenging to try to catch my breath. I've been creating a lot of mucous when I cough."
Diabetes,"I constantly have a dry cough. My infections don't seem to be healing, and I have palpitations. My throat hurts occasionally, but it does appear to get better."
Gastroesophageal Reflux Disease,"I get a sour taste in my mouth all the time, even when there is nothing acidic in my stomach. I often get the hiccups and have a lump in my throat."
Chicken Pox,"My arms and face have small lymph nodes, which are starting to swell. My day has been made really miserable by the constant itching and pain."
Diabetes,I have slow healing of wounds and cuts. I have this tingling sensation in my hand and numbness in both my hands and feet
Malaria,"I've had a high fever, chills, and intense itching. In addition, I have a headache and am perspiring a lot. I've been suffering from nausea as well as muscle ache."
Drug Reaction,"I have rashes in my chest and back and itch all over my body. I occasionally have flaky skin, which frequently creates markings on my body."
Bronchial Asthma,"I've been experiencing difficulty breathing, a chronic cough, and weariness. I've been producing a lot of thick, mucoid sputum while also running a very high temperature. Due to having to cope with all of this, I'm simply feeling extremely worn out and exhausted."
Impetigo,I have developed a skin rash on my face and neck. The rash is made up of red sores that are blistering. I am worried about my health.
Fungal Infection,"My skin has been itching a lot and developing a rash. Additionally, I have a few areas of my skin that are a different hue than the rest of it. Additionally, I have a few firm pimples or breakouts on my skin."
Varicose Veins,The prominent blood vessels on my calves are causing self-consciousness and embarrassment. I believe the problem is because of my overweight.
Dengue,The skin rash I have developed is accompanied by redness and swelling. I don't feel well as I have severe fever accompanied with body pain.
Gastroesophageal Reflux Disease,My throat feels as though food or acid is backing up. Lying down only makes my chest pain more. I regularly have heartburn or indigestion after eating and puke up.
Dimorphic Hemorrhoids,I'm having a lot of trouble with constipation and pain while trying to go to the bathroom. It hurts a lot in my anus and the area around it. My stool has been bloody and my anus is really irritated.
Hypertension,"My balance has been off, and I have a headache, chest pain, and dizziness. I've also observed that it's hard for me to concentrate."
Cervical Spondylosis,"Back pain, a hacking cough, and numbness in my arms and legs have been bothering me. In addition, my neck hurts, and I've having trouble staying balanced and without getting lightheaded."
Drug Reaction,"My monthly cycle has changed, and I've had an unexpected vaginal discharge. I occasionally lose my temper, and my moods change a lot."
Fungal Infection,"I've been having this constant itch and there are these red and bumpy spots on my skin. There are also some patches that are a different color than the rest of my skin, and I've had some bumps that are kind of like little lumps."
Acne,I've been having a very unhealthy rash on my skin latterly. It's filled with pus-filled pimples and blackheads. My skin has additionally been scurring heaps.
Pneumonia,"I'm dripping with perspiration and can't seem to catch my breath. My throat is filled with a lot of phlegm, and I feel awful. My heart is pounding, and my chest aches. I'm coughing up brownish mucous."
Psoriasis,"I've had trouble sleeping because of the itching and pain produced by the rash. My nails have little dents, which is really alarming. Moreover, my joints pain everyday and I have no idea what is causing it."
Dengue,The nausea I have been feeling is accompanied by a loss of appetite and feeling of unease. There is a distinct pain in my back and muscles pain too.
Jaundice,"I have been having severe itching, vomiting, and fatigue. I have also lost weight and have a high fever. My skin has turned yellow and my urine is dark. I am also experiencing abdominal pain."
Peptic Ulcer Disease,"My bloody stools have caused me to lose a lot of things, including iron and bloos. I now have anaemia as a result, and I typically feel rather weak."
Drug Reaction,"My rashes occasionally cause my skin to start to fall off. I'm more likely to get ill as a result. My hands occasionally start to tremble, and I start to shake."
Cervical Spondylosis,"I have been struggling with intense back pain, a chronic cough, and weakness in my arms and legs. My neck is sore and I have had problems with dizziness and loss of balance."
Urinary Tract Infection,"I've had low temps and bloody urine for the past four days. My pee smells terrible, and my head hurts like hell. I scarcely have any control over when I urinate, and the urges strike without warning."
Typhoid,"I am feeling quite weak. I'm having a lot of stomach discomfort and constipation, which is really bothering me. I have a strong urge to vomit at times, and as a result, I can't eat anything."
Dengue,The muscle pain I have been experiencing is severe and feels like a constant ache. There are red spots all over my body and the itching is causing me a lot of discomfort.
Common Cold,"I keep sneezing, and I'm miserable and exhausted. I have a lot of gunky things in my nose and throat, and my throat is really hurting. My neck also feels puffy and swollen."
Arthritis,"I've been experiencing muscular weakness and stiffness in my neck recently. My joints have swollen, making it difficult for me to walk about without becoming stiff. Walking has also been excruciatingly uncomfortable."
Migraine,"I have been feeling depressed and irritable, and have noticed a change in my vision."
Malaria,"I have a high fever, chills, and severe itching. In addition, I have a headache and have been perspiring a lot. I've also been bothered by nausea and muscular ache."
Arthritis,"My neck has been so tense, and I've been feeling like my muscles are incredibly weak. I have trouble moving since my joints have enlarged. To walk has been quite painful."
Urinary Tract Infection,"I get blood in my pee sometimes and sometimes get nauseous whie peeing. I also have a bad smell in my pee and sometimes get high temperatures at nights, help me"
Jaundice,"I've been throwing up and experiencing intense itching. Along with losing weight, I'm also really exhausted. My skin has become yellow, and my fever is really high. I've been having stomach pain and my pee is black."
Peptic Ulcer Disease,"My hunger and appetite are persistent and ravenous. Periodically, my stomach may cramp and spasm. After eating, I have bloating and gas, which makes me quite uncomfortable."
Impetigo,"I'm running a high temperature. Near my nose, red sores are forming. The lesions are painful, and yellow rust-colored fluid is oozing from them."
Chicken Pox,"I am exhausted and have lost my appetite. I feel vomiting and can't eat anything. In addition, little red spots are beginning to appear on my skin and near the neck. I am really worried about my health."
Varicose Veins,"The veins on my legs are causing a lot of discomforts when I sit for long periods of time. They are swollen and protruding from my skin, making them painful and noticeable."
Typhoid,"I've been suffering from constipation and stomach discomfort, which has been really uncomfortable. Last night, I had a mild fever too."
Pneumonia,"I'm having trouble breathing and am really uncomfortable. I'm sweating profusely and have a lot of mucus in my throat. My chest aches, and my heart is racing. I'm coughing up dark mucous."
Arthritis,"Recently, my muscles have felt quite weak, and my neck has been really tight. I have swollen joints and find it difficult to move about without becoming stiff. It has also been really uncomfortable to walk."
Migraine,"I have been experiencing acidity, indigestion, headaches, and blurred and distorted vision, as well as excessive hunger, a stiff neck, depression, irritability, and visual disturbance. These symptoms have been affecting my daily life and causing me discomfort."
Malaria,"Along with my intense scratching, chills, nausea, and high fever, I've also been feeling really unwell. I have a headache and am also perspiring a lot. I've been uncomfortable from nausea and muscle ache, too."
Acne,I awoke this morning to see a horrible rash on my skin. There are several blackheads and pimples loaded with pus. My skin has also been scurrying about.
Psoriasis,My skin is very sensitive and reacts easily to changes in temperature or humidity. I often have to be careful about what products I use on my skin.
Hypertension,"While taking a walk, I suddenly started experiencing headache, chest pain, and dizziness after feeling fine all day. Since then, it has been challenging for me to concentrate and focus."
Allergy,"I always feel exhausted, have bad taste, and have an extremely scratchy throat. I also have muscular pain and heat. My entire body simply cramps up occasionally."
Diabetes,"My throat and mouth are dry. I've also been getting hungry more and more. I do, however, occasionally feel rather exhausted."
Impetigo,There are red sores on my face and near my nose. I have noticed that the rash is spreading more quickly on my neck and chest.
Impetigo,My nasal sores have crusted up and become difficult to touch. The wounds used to leak a yellow-rust coloured fluid. It is taking a lot longer to deal with using medication.
Hypertension,"I have been dealing with a headache and chest pain for a few days now, but today the dizziness and loss of balance became much worse."
Urinary Tract Infection,"My urine often has a weird odour, is crimson or black in colour, and both. My body's temperature has been fluctuating often, which typically keeps me up at night."
Pneumonia,"I've been coughing a lot and feeling incredibly chilly and exhausted. I have a pretty high fever, and it's difficult for me to breathe. I've been perspiring a lot and generally feeling weak and ill. I've had some quite thick and black phlegm."
Dengue,I have developed red spots on my body that are itchy and inflamed. I am also experiencing high fever along with chills and shivering.
Hypertension,"When I first experienced a headache, chest pain, and lightheadedness, I was at work. Since then, it has been challenging for me to focus and concentrate on my work."
Hypertension,"I have been experiencing a headache that feels like a sharp pain in my temples, along with chest pain and dizziness."
Migraine,"Along with excessive appetite, a stiff neck, depression, impatience, and visual disturbance, I've also been having indigestion, headaches, blurred vision, and acid reflux."
Urinary Tract Infection,"I have to use the restroom frequently, yet only a few drops of pee are usually produced. My stomach aches a lot, and I can't seem to control the desire to urinate."
Common Cold,"I've been sneezing incessantly and I just can't get this chill to go away. I feel so weak and exhausted, and my cough won't stop. My temperature is really high."
Common Cold,"I've had a nasty cough and cold for days. My sinuses are congested, and I have facial pressure. I've also been coughing up mucus, and it pains my chest. I can't smell anything and my muscles are aching."
Urinary Tract Infection,"Frequent urges to urinate with little output, pain during urination, cloudy or bloody urine, strong or foul-smelling urine, pelvic pain, low fever, nausea and vomiting"
Common Cold,"I can't stop sneezing, and I'm exhausted and sick. My throat is really uncomfortable, and there is a lot of junk in my nose and throat. My neck is also swollen and puffy."
Fungal Infection,"My skin has been really scratchy, and there are rashes all over my body. I have some bumps that are quite firm, as well as some areas that are a darker shade from the rest of my skin. It's extremely unpleasant."
Acne,I've been dealing with a really nasty rash on my skin lately. It's covered in blackheads and pimples that are packed with pus. My skin has also been really scurrying.
Fungal Infection,"I've had a pretty uncomfortable itch all over my body, as well as red and bumpy areas on my skin. There are also certain patches of my epidermis with a distinct shade than the rest of it, and I've had some pimples that resemble little balls."
Common Cold,"I feel quite weak, and my lymph nodes are enlarged. My eyes are burning, and my throat hurts. My sinuses are under strain, and my nose is stuffy. I can't smell anything, and my chest hurts."
Migraine,"In add to frequent headaches and blurred vision, increased appetite, a stiff neck, anxiety, irritability, and visual disturbance, I have been having stomach problems, including indigestion and acidity."
Drug Reaction,I am experiencing changes in my menstrual cycle and unexpected vaginal discharge. I often get mood swings and feel agitated from time to time
Hypertension,"When I first experienced a headache, chest pain, and lightheadedness, I was out shopping. Since then, it has been difficult for me to concentrate on my work."
Malaria,"I've experienced severe itching, chills, nausea, and a high fever. Along with having a headache, I'm also perspiring a lot. I've also been bothered by nausea and muscle ache."
Impetigo,"I have been developing sores on my face and nose area. I am not sure what is causing this. The sores on my face are swollen and tender to the touch, and I have a burning sensation and redness of the skin."
Dengue,"I have been feeling nauseous and have a constant urge to vomit, which is accompanied with mild fever and headache."
Diabetes,I have a dry mouth and throat. I also have been experiencing an increased appetite and hunger. However I do feel very tired at times
Psoriasis,"My skin has been peeling, especially on my knees, elbows, and scalp. This peeling is often accompanied by a burning or stinging sensation."
Malaria,"I've had intense itching all over my body, accompanied by chills and vomiting. My fever is really high and I've been sweating excessively. I also have a headache and feel nauseous. My muscles are really painful."
Psoriasis,"My skin rash has extended to other areas of my body, including my chest and belly. It is irritating and unpleasant, and it is frequently worst at night. I'm also experiencing skin flaking."
Gastroesophageal Reflux Disease,"After eating, I get queasy and frequently throw up everything I've eaten. I always get severe abdominal ache and have terrible acid reflux."
Peptic Ulcer Disease,"My mouth is filled with an acidic, sour flavour. Burping and belching are frequent in me. For a few hours, my upper abdomen has felt pressured or full."
Bronchial Asthma,"Hey Mom, Hey Dad, I've been feeling really exhausted lately and have had this persistent cough. My breathing has become shallow, and my fever is very high. I've also been coughing up a lot of thick, mucoid sputum"
Urinary Tract Infection,"I have to constantly to go the bathroom to relieve myself, but cant seem to empty my bladder. I get these very strong and uncontrollable urges to pee and sometimes get dark or bloody pee"
Bronchial Asthma,"In addition to sleepiness, I've been having trouble breathing due to a persistent cough. I've been coughing up a lot of thick, mucoid sputum and have a high fever."
Urinary Tract Infection,I occasionally urinate with blood in it and feel a little queasy. Help! I also occasionally get horrible pee odours and excessive overnight temps.
Malaria,"Strong itchiness, chills, nausea, and a high temperature have been plaguing me. Besides having a headache, I'm also perspiring a lot. I've been suffering from severe muscle pain and nausea."
Drug Reaction,"I suffer migraines and headaches, and I've been having trouble falling asleep. My muscles have been trembling and twitching. I sometimes feel dizzy."
Migraine,"I've been suffering visual disruptions, seeing things as distorted, and eyesight problems."
Diabetes,I have blurred vision and it only seems to be getting worse. I feel fatigued and tired all the time. I also feel very dizzy and light headed at times
Pneumonia,"I've been exhausted and chilly, and I can't stop coughing. When I do, it pains in my chest and makes my heart race. My coughing mucous has a disgusting brownish hue."
Dengue,"My whole body is paining a lot and I don't feel like eating anything. I have mild fever and get chills every night. Also, there are some red spots developing on my back and neck."
Fungal Infection,"Doctor, My skin is covered in a very uncomfortable rash, along with some odd patches of a different hue. My skin also has a few pimples that resemble little knots"
Dengue,"I have developed a skin rash that covers my entire body and is accompanied by intense itching. My body pains and I have a mild fever, acompanied with headache and chills."
Migraine,"I have been suffering from acid reflux, indigestion, and frequent headaches, as well as distorted vision, excessive hunger, a sore neck, depression, irritability, and visual disturbance."
Typhoid,"Diarrhea has been really watery and foul-smelling, and it's been accompanied by abdominal pain. I feel like vomiting most of the time."
Impetigo,I have a high fever and am really weak. My face has gotten sores. The blisters are itchy and painful. A yellow ooze frequently leaks from the wounds.
Dengue,"There are rashes on my skin, which itch if I touch them. I don't feel good as my joints pain whole day. At night, I have mild fever and get chills, because of which I can't sleep too."
Varicose Veins,The skin around the veins on my legs is dry and flaky. It seems there is a major bruise and my legs have started to swell.
Migraine,"I have been struggling with acid reflux, indigestion, and headaches, as well as blurred and distorted vision, excessive hunger, a sore neck, depression, irritability, and visual disturbance."
Bronchial Asthma,"I've got a cough that won't go away, and I'm exhausted. I've been coughing up thick mucous and my fever is also pretty high."
Impetigo,"I've been suffering from a high fever for the past few days. Sores are forming around my nose and there are rashes on different parts of my body. The sores are severe, and I'm feeling really uneasy these days."
Impetigo,"The rashes on my face are not healing. I tried some medications but it is not helping much. Recently, I noticed small sores near my nose. They are painful and very difficult to handle."
Allergy,"I've been losing my appetite and having trouble swallowing. My nose has been running, and I have a sore throat."
Fungal Infection,"Recently, I've been itching myself a lot, and my skin is covered with rashy patches. Furthermore, there are a few regions where my skin doesn't appear to be its usual tone, and I've experienced a few lumps that are exceptionally painful."
Typhoid,"I have constipation and belly pain, and it's been really uncomfortable. The belly pain has been getting worse and is starting to affect my daily life. Moreover, I get chills every night, followed by a mild fever."
Typhoid,"I have been experiencing diarrhea and have had loose, watery stools several times a day. I have lost my appetite and feel nauseated all the time. I am starting to get a mild fever too."
Drug Reaction,"My monthly cycle has changed, and I've had an unexpected vaginal discharge. I frequently experience mood swings and experience occasional agitation."
Migraine,"Along with headaches, indigestion, acid reflux, excessive appetite, a sore neck, sadness, impatience, and visual disturbance, I have also been feeling blurred and distorted vision."
Cervical Spondylosis,"I've been having periodic coughing fits, terrible back pain, and limb weakness. I've been feeling neck pain as well as a dizzy and unstable sensation."
Impetigo,I initially had rashes on my face and near my nose. But now the rash is spreading down my arms and legs.
Diabetes,I have a feeling of tremors and muscle twitching. I have decreased sense of smell or taste and I feel fatigued. Sometimes I have a feeling of rapid hearbeat or palipatations
Dimorphic Hemorrhoids,"My bowel motions are giving me a lot of problems right now. Going is difficult, and going hurts when I do it. When I go, my anus bleeds and is really uncomfortable. I'm in a lot of discomfort and it hurts extremely bad."
Fungal Infection,"There are rashy areas all over my skin, which has been really irritating. Additionally, I have some bumps that are fairly firm and some patches that are a different colour from the rest of my skin."
Diabetes,"I have blurry vision, and it seems to be getting worse. I'm continuously fatigued and worn out. I also occasionally have acute lightheadedness and vertigo."
Acne,I woke up this morning and found that I have a really nasty rash all over my skin. There are a ton of blackheads and pimples that are filled with pus. My skin has also been really scurrying.
Pneumonia,I can't seem to get enough air and I'm sweating a lot. I don't feel well and there's a lot of phlegm in my throat. My chest hurts and my heart is racing. The mucus I'm coughing up is reddish in color.
Arthritis,"Recently, the muscles in my neck have become tight and weak. Since my joints have matured, it is difficult for the American government for me to run without becoming stiff. Walking has also been quite unpleasant."
Common Cold,"My eyes are constantly red and runny. A persistent tightness in my sinuses has also been bothering me. I've been having a lot of difficulties breathing and constantly feel fatigued. In addition, I have a lot of throat mucus and inflamed lymph nodes."
Peptic Ulcer Disease,I have abdominal pain and it gets only worse if I bend over or lie down. I feel discomfort when I eat certain foods such as spicy or acidic food. Sometimes I get loose stools because of this
Diabetes,"I have respiratory issues, especially when doing out. Unexpectedly, I'm sweating and flushed. I frequently have yeast infections and urinary tract infections"
Arthritis,"My muscles have been quite weak, and my neck has been really stiff. My joints have swollen and I've been experiencing a lot of stiffness when I move around. Walking has also been excruciatingly uncomfortable."
Drug Reaction,I have awful mental clarity and have trouble focusing. I frequently forget things and struggle with memory.
Arthritis,"My muscles have been quite weak, and my neck has been really stiff. My joints have swollen, making it difficult for me to move without becoming stiff. Walking has been quite uncomfortable as well."
Cervical Spondylosis,"I have been struggling with back pain, a cough that won't go away, and weakness in my extremities. My neck hurts and I have had problems with dizziness and losing my balance."
Malaria,"Along with my intense scratching, chills, nausea, and high fever, I've also been feeling really unwell. Along with my headache and excessive sweating, My muscles hurt a lot, and I feel queasy."
Malaria,"I've had a high temperature, vomiting, chills, and intense itching. I also have a headache and am perspiring a lot. I've been really uncomfortable lately from nausea and muscle ache."
Common Cold,My eyes are red and watery all the time. I've also had this pressure in my sinuses that won't go away. I'm always feeling tired and I've been having a lot of trouble breathing. I've also had a lot of gunk in my throat and my lymph nodes are swollen.
Varicose Veins,The pain in my calves is constant and becomes worse when I stand or walk for long periods of time. I am getting constant cramps and can't run for longer periods of time.
Gastroesophageal Reflux Disease,"I get frequent heartburn and indigestion, especially eating spicy foods or fatty foods. I get chest pain that gets worse when I lie down or bend over. I also often have chest pain"
Hypertension,"For a few days now, I've been suffering from a headache and chest pain, but today the dizziness and lack of balance got considerably worse."
Common Cold,"I keep sneezing, and my eyes don't quit dripping. It's incredibly difficult for me to breathe because it feels like there is something trapped in my throat. I often feel exhausted, and lately, I've had a lot of phlegm. Moreover, my lymph nodes are enlarged."
Hypertension,"I have been having a headache, chest pain, dizziness, and trouble with my balance. It has also been hard for me to focus and concentrate."
Gastroesophageal Reflux Disease,"Belching and burping are common in me. I often get chest pain that radiates to the back of my neck, my jaw, and my arm. In my chest, there is pressure and stress."
Malaria,"I've had intense itching, chills, vomiting, and a high fever. I'm also sweating excessively and have a headache. Nausea and muscle pain have also been bothering me."
Fungal Infection,"I've been itching a lot, and it's been accompanied with a rash that looks to be getting worse over time. There are also some patches of skin that are different colours from the rest of the skin, as well as some lumps that resemble little nodes."
Arthritis,I've been feeling really weak in my muscles and my neck has been really stiff. My joints have been swelling up and it's been hard to move around. Walking has been really painful.
Acne,"Yesterday, I noticed an enormous rash all over my skin. There are a lot of pus-filled pimples and blackheads all over my face, and my skin has been scurrying a lot."
Diabetes,"My mouth and throat are dry. Additionally, I've been growing increasingly hungry. But on occasion, I do feel rather worn out."
Drug Reaction,I have hair loss and there is a significant change in the texture of my hair. I have dry and itchy sclap and increased dandruff. My skin is also getting very dry
Peptic Ulcer Disease,I have difficulty sleeping due to abdominal pain or discomfort. I have a loss of appetite and feel fatigued after going to the bathroom. I feel very tited all the time
Dimorphic Hemorrhoids,"I've recently been suffering from constipation and digestive discomfort. My anus is quite painful, and it has been bleeding whenever I go. It's excruciatingly painful, and I'm quite uneasy."
Pneumonia,"I've been feeling really sick with a high fever, shortness of breath, sweating, chills, and extreme fatigue. My heart rate is rapid, and I've been coughing up a lot of brownish sputum."
Gastroesophageal Reflux Disease,"regularly have indigestion and heartburn, especially after eating spicy or fatty foods. My chest pain is worse when I hunch over or lie down. Additionally, my chest hurts a lot."
Chicken Pox,"I have lost my appetite completely and can't seem to eat anything. I feel like vomiting and feel exhausted. I noticed rashes on my skin, which is really concerning me."
Varicose Veins,The veins on my calves are very prominent and are causing me a lot of discomforts. They are swollen and protrude from my skin.
Cervical Spondylosis,"I've had terrible back pain, a persistent cough, and weakness in my arms and legs. I have issues with dizziness and balance loss, and my neck hurts."
Fungal Infection,I have an itchy skin and lots of red bumps on my arms and legs. There are some weird looking spots on my skin too. And sometimes there are bumps that feel kind of hard.
Psoriasis,"I have experienced difficulty sleeping due to the itching and discomfort caused by the rash. There are small dents in my nails, which is really concerning."
Acne,"This morning when I woke up, I discovered that I have an extremely bad rash all over my body. There are several pus-filled pimples and blackheads all around. My skin has also been moving around a lot."
Allergy,"I'm dizzy, nauseated, and shaky. I'm having trouble breathing since my throat is swollen. On occasion, throughout the night, my chest hurts and I feel sick."
Chicken Pox,"I am starting to develop tiny red spots all over my face and neck area, and it itches when I touch them. The itching is making my day very uncomfortable."
Varicose Veins,"I am experiencing too many cramps in the last couple of days. I think something is not right. I believe there is a small bruise on my calves, but I am not sure about it."
Fungal Infection,"There are red, bumpy areas on my skin, and I've been scratching myself nonstop. Additionally, I have some bumps that resemble little lumps and some spots that are a different shade of skin than the rest of my body."
Drug Reaction,"I have a metallic taste in my mouth, and also have a sense of change of taste and smell. Sometimes get very unbearable joint pain and muscle pain"
Cervical Spondylosis,"I've had back pain, a persistent cough, and weakness in my arms and legs. My neck hurts, and I've been feeling off-balance and woozy."
Cervical Spondylosis,"I have been experiencing severe back pain, a cough that comes and goes, and weakness in my limbs. My neck also hurts and I have been feeling dizzy and off balance."
Chicken Pox,I feel tired every day. There are red spots all over my arms and back and it itches if I touch them. I am really worried and not sure what to do.
Bronchial Asthma,"I've been experiencing shortness of breath, a persistent cough, and a high fever. I've also been producing a lot of thick, mucoid sputum, and I'm feeling so drained and exhausted. It's been so hard to deal with all of this."
Dengue,"I have been feeling extremely tired and fatigued, and I have no energy to do anything. The fatigue is so severe that I struggle to get out of bed. I have noticed small red spots on my arms and legs."
Hypertension,"I've been suffering from symptoms including a headache, chest pain, dizziness, losing my balance, and trouble concentrating."
Typhoid,"I've been having a lot of trouble staying hydrated because of the vomiting and diarrhea. I have a high fever, constipation, and a headache. I am also starting to get a strange pain in my stomach area and I can't do anything physical."
Malaria,"I've been experiencing a lot of scratching, chills, vomiting, and a fever. I also have a headache and am perspiring a lot. Additionally hurting me have been nausea and muscle soreness."
Hypertension,"I have been struggling with a headache that feels like a tight band around my head, along with chest pain and dizziness."
Varicose Veins,"I have a rash on my legs that is giving me a lot of pain. There appears to be a cramp, and I can see visible veins on the calf."
Cervical Spondylosis,"My muscles haven't been very strong, and I've been experiencing back ache. I've been feeling lightheaded and wobbly on my feet, and my neck hurts."
Allergy,"I get symptoms of asthma, such as wheezing and breathing problems. I frequently have headaches and fever. All the time, I feel exhausted."
Urinary Tract Infection,"I have to go the bathroom all the time, but the urine output is very low often just a few drops. My stomach hurts a lot and and cant seem to be able to control my urges to pee"
Pneumonia,"I've been experiencing chills, feel really exhausted, and my cough just won't go away. When I cough, my chest aches and my heart is pounding. It's a disgusting brownish hue, the mucous I'm coming up."
Typhoid,"I am having a terrible pain in my abdominal part, and I've been feeling really nauseated. I'm also experiencing a mild fever. I am really worried."
Arthritis,"Recently, I've been suffering neck muscle weakness and stiffness. My joints have enlarged and it is difficult for me to walk without feeling stiff. Walking has also been excruciatingly uncomfortable."
Impetigo,I have been experiencing extreme fatigue and a high fever. There are rashes near my nose and mouth. The rash is itchy and makes it very difficult for me to sleep.
Impetigo,"The sores around my nose are now surrounded by red, inflamed skin. The rash has caused my skin to become dry and flaky, with a visible yellow colored fluid coming out of the sores."
Malaria,"Strong itchiness, chills, nausea, and a high fever are all part of my current condition. In addition, I have a headache and have been perspiring a lot. I've been suffering from nausea as well as muscle ache."
Acne,"I recently experienced a severe skin rash. Blackheads and pimples filled with pus are clogging it. Additionally, my skin has been quite irritated."
Allergy,"Along with losing my appetite, I've been having swallowing issues. I have a sore throat, and my nose has been running."
Common Cold,I've been sneezing a lot and feeling really tired and sick. There's also a lot of gross stuff coming out of my nose and my throat feels really scratchy. And my neck feels swollen too.
Arthritis,My neck has been very tight and my muscles have felt quite weak recently. it's tough on behalf of me to maneuver around while not changing into stiff thanks to my swollen joints. Walking has additionally been very uncomfortable.
Common Cold,"I've been sneezing nonstop and I can't seem to shake this chill. I'm feeling really weak and tired, and my cough won't go away. My fever is really high"
Dengue,I have a high fever accompanied with severe headache and body pain. I experince chills every night. There is a distinct pain behind my eyes too.
Common Cold,"For days, I've had a nasty cough and cold. My sinuses are clogged, and I have facial pressure. I've also been creating phlegm, and coughing pains my chest. I can't smell anything, and my muscles are aching."
Allergy,"I get breathing issues and wheezing, which are asthma symptoms. I regularly have fevers and headaches. I'm always worn out."
Allergy,"My skin is irritated and inflamed. Sometimes, they can flake. My lips and cheeks expand, and it is really unpleasant. Because of the puffing, I occasionally have headaches and wet eyes."
Chicken Pox,"I have seen rashes on my skin, and it's difficult for me not to scratch. Also, I've had a high fever for several days. I'm not sure what's causing it."
Jaundice,"I've had a scratchy stomach and been throwing up. Aside from losing weight, I am also really exhausted. I have a high fever and yellow skin. Besides having stomach ache, my pee is black."
Arthritis,"My muscles have been quite weak, and my neck has been really stiff. My joints have swollen, making it difficult for me to walk about without feeling stiff. Walking has also been really uncomfortable."
Dimorphic Hemorrhoids,I'm having a lot of trouble going to the bathroom and it's really painful when I do. My stool has been bloody and I've had some pain in my butt. My anus has been really itchy and irritated too.
Common Cold,"My cough and cold have been awful for days. My sinuses are congested, and my face is under strain. Additionally, I've been coughing up phlegm, and it hurts in my chest. I have no sense of smell, and my muscles hurt a lot."
Allergy,"I sneeze a lot and my nose is running. My eyes ache and are damp, and I frequently croak. My head hurts all the time."
Dengue,The chills and shivering I have been experiencing are accompanied by a feeling of coldness and high fever. I have also developed rashes on my arms and red spots on my neck.
Migraine,"I have been feeling excessively hungry, even after eating, and have had a stiff neck."
Malaria,"I've been experiencing severe itching, chills, vomiting, and a high fever. I'm also sweating a lot and have a headache. Nausea and muscle pain have been causing me a lot of discomfort."
Dimorphic Hemorrhoids,I've been having a lot of trouble with my bowel movements lately. It's hard to go and it hurts when I do. My anus is really sore and it's been bleeding when I go. It's really painful and I'm really uncomfortable.
Chicken Pox,Enlarged lymph nodes are giving me a great deal of pain. I have rashes all over my body and because of which I cannot sleep all night.
Acne,"I've recently struggled with a really irritating skin rash. There are blackheads and pus-filled pimples all over it. Additionally, my skin has been scurring a lot."
Common Cold,"My eyes are always red and itchy, and my nose feels all stuffy and congested. I just feel kind of sick and tired all the time, and I keep coughing up all this gunk. My throat feels sore and scratchy, and I've noticed that the bumps on my neck are bigger than usual"
Impetigo,"There are rashes around my nose, with large red sores. I noticed that the rash was spreading to other parts of my body. Also, I have a high fever every night."
Allergy,"I have trouble breathing and get short of breath. I have a dry, hacking cough, itchy eyes, and swelling all over my face and body."
Allergy,"I have nasal congestion and a blocked nose. On occasion, during the night, I have stiffness and chest pain. Additionally, I've lost my senses of taste and smell."
Hypertension,"I've been experiencing dizziness and anxiousness, as well as a loss in my attention and concentration and ability to concentrate."
Dimorphic Hemorrhoids,"Lately I've been really constipated, and it's been really painful when I do go to the bathroom. I've also noticed some blood in my stool, and my anus has been really irritated."
Varicose Veins,The swelling in my legs is causing me to have difficulty fitting into my shoes. I can't sprint or stand for long periods of time. I can see some swollen blood vessels.
Drug Reaction,"I have rashes on my back and chest, and my entire body itches. My skin may be dry and flaky at times, which frequently leaves body marks."
Pneumonia,"I've had chills, lethargy, a cough, a high temperature, and difficulties breathing lately. I've been sweating profusely and generally feeling ill and weak. I've also had some quite thick and black phlegm."
Peptic Ulcer Disease,"I unintentionally lose weight and find it challenging to gain it back. To relieve the pain and discomfort I feel, I take antacids. My mouth hurts so severely right now."
Allergy,My skin is swollen and itchy. They may occasionally flake. It hurts a lot when my cheeks and lips swell. I occasionally get headaches and watery eyes from the puffing.
Urinary Tract Infection,"In the last four days, I've experienced low temperatures and blood in my pee. My head hurts so much and my urine smells awful. The desires to urinate seldom come on cue, and I hardly ever have any control over when they do."
Bronchial Asthma,"I have a persistent cough and have been feeling quite fatigued. My fever is through the roof, and I'm having trouble breathing. When I cough, I also cough up a lot of mucous."
Jaundice,"I've been constantly feeling scratchy, sick, and tired out. In addition, I've lost weight and have a temperature. My urine is dark, and my skin has turned yellow. Furthermore, I have been experiencing stomach pain."
Fungal Infection,"I've had a rash on my skin that looks like dischromic patches, and I also have a lot of nodular eruptions and really bad itching. During the previous week, it has become worse."
Hypertension,"Along with a headache and chest pain, I also experienced fainting and balance issues. Additionally, I've discovered that it's hard for me to focus."
Varicose Veins,"The skin around the veins on my legs is dry and flaky, causing discomfort and irritation. I am also starting to get frequent cramps."
Typhoid,I've been having a lot of trouble keeping hydrated because of the vomiting and diarrhea. There is a mild fever along with constipation and headache.
Migraine,"I have been struggling with digestive issues, including acid reflux and indigestion, as well as regular headaches and impaired vision, excessive hunger, a sore neck, depression, irritability, and visual disturbance"
Allergy,I'm always worn out and experiencing a tingle in my throat. I've also started to have dry skin. My eyes occasionally swell up
Common Cold,"I've been coughing a lot and finding it difficult to breathe. My throat hurts and I feel like I have a lot of phlegm trapped in my chest. My nose has been running a lot, and I've been feeling really congested."
Jaundice,"I've been losing weight and experiencing nausea, itching, and exhaustion. My skin has become yellow, and I have a severe fever. I have dark urine, and I've been having stomach pain."
Jaundice,"I've been itchy and throwing up. In addition, I have lost weight and feel really exhausted. My skin has become yellow and I have a severe temperature. I have abdominal ache and black urine."
Pneumonia,"I've been feeling very lousy, with a high temperature, shortness of breath, sweating, chills, and extreme weariness. My heart is beating, and I've been coughing up a lot of brownish phlegm."
Chicken Pox,"My skin rash is causing me a great deal of pain. There are also small red spots developing near my neck. Since yesterday, I have had a severe fever, headache and fatigue."
Drug Reaction,I have difficulty in maintianing concentration and very low mental clarity. I often forget things and in general have difficulty remembering things
Dimorphic Hemorrhoids,"My bowel motions have been really difficult for me recently. Going is difficult, and it aches when I do. When I go, my anus bleeds and is really uncomfortable. I'm in a lot of discomfort and it hurts extremely bad."
Bronchial Asthma,"I am currently dealing with a number of health issues, including a dry cough, difficulty breathing, a high fever, and increased mucus production. I am also feeling very weak and tired"
Bronchial Asthma,"I've had a lot of sleepiness, a cough that refuses to go away, and breathing difficulty. I've been coughing up a lot of thick, mucoid saliva and have a high fever."
Impetigo,"I developed a minor rash near my nose a few days ago. Now, the rash is accompanied by a burning sensation and redness of the skin. I feel it is some kind of an infection."
Arthritis,"Lately, my neck has been tight and my muscles have been weakened. I have swelling joints that make it difficult for me to move about without getting stiff. It has also been agonisingly painful to walk."
Fungal Infection,"All over my body has been itching like crazy, and now there are red areas all over. Additionally, some of the patches have a different tone than my natural skin. And on my skin, there are these lumps or pimples that have developed."
Malaria,"I've had a high temperature, vomiting, chills, and intense itching. I also have a headache and am perspiring a lot. My discomfort has also been brought on by nausea and muscle ache."
Varicose Veins,"The skin on my calves is itchy and inflamed, causing a lot of discomfort and difficulty sleeping at night. The blood vessels have started to protrude out, which is concerning."
Cervical Spondylosis,"My muscles lack strength, and I have been experiencing back pain and a dry cough. I've been experiencing neck pain and feeling lightheaded and unstable on my feet."
Urinary Tract Infection,"I frequently vomit and get discomfort at my pelvic area. My urine occasionally smells almost unbearably bad, and there is occasionally blood in it. Because of my headaches at times, I have problems falling asleep."
Fungal Infection,"Recently, I've been scratching myself a lot, and my skin is covered with rashy places. Additionally, I've had a few pimples that are rather firm, and there are certain spots on my body that have a different shade of brown than the rest of my skin."
Urinary Tract Infection,"I have been frequently getting sudden strong urges to pee. There is blood in my pee sometimes and it is very foul smelling. I think I have an infection, what do I do?"
Fungal Infection,"I've been really itchy lately and there are these rashy spots all over my skin. There are also some areas that don't look like the normal color of my skin, and I've had some bumps that are kind of hard"
Migraine,"I have been experiencing acidity, indigestion, headaches, and blurred and distorted vision, as well as excessive hunger, a stiff neck, depression, irritability, and visual disturbance."
Diabetes,I have persistent dry cough. My infections dont seem to be healing and I have palpitations. I also have this problem of sore throat that does seem to go away
Jaundice,"I've been experiencing intense itching and nausea. I have lost weight and am also really exhausted. My skin has become yellow, and I have a severe fever. I have dark urine, and I've been having stomach pain."
Acne,"This morning, I saw a large rash all over my body. There are a lot of pus-filled pimples and blackheads all over my face, and my skin has been scurrying a lot."
Arthritis,"My neck has been really stiff, and I've had terrible muscle weakness. Due to the swelling in my joints, it has been challenging to move about. Walking has been quite unpleasant."
Acne,My skin has simply nonheritable a nasty rash. It's packed with pus-filled pimples and blackheads. My skin has been very sensitive moreover.
Varicose Veins,"Recently, the pain in my calves has been constant and becomes worse when I stand or walk for long periods of time. My legs have started to swell and also some blood vessels are quite noticeable."
Drug Reaction,"My body itches all over, and I have rashes on my back and chest. My skin can be flaky on sometimes, which commonly results in body marks."
Fungal Infection,"I have a pretty irritating itch all over my body, and my skin also has a few red, bumpy areas. I've also had some pimples that resemble small balls and other spots that are a different colour than the rest of my skin."
Migraine,"I have been suffering from acid reflux, indigestion, and regular headaches, as well as distorted vision, excessive hunger, a sore neck, depression, irritability, and visual disturbance."
Malaria,"I've experienced severe itching, chills, nausea, and a high fever. Besides having a headache, I'm also perspiring a lot. I've been terrible with nausea and muscle ache."
Urinary Tract Infection,"I have lower abdominal ache and a bursting sensation when I urinate. Since I began to experience these additional symptoms, I have also been experiencing low body temperatures. I've been weak as a result of this."
Dengue,"I have been experiencing severe joint pain that makes it difficult for me to move and perform my daily activities. Also, I have lost my apetite because of which I feel weak."
Varicose Veins,"I have a rash on my legs that is causing a lot of discomforts. It seems there is a cramp and I can see prominent veins on the calf. Also, I have been feeling very tired and fatigued in the past couple of days."
Dengue,There is a constant behind my eyes. I have developed red spots on my neck and face and rashes on my arms. My arms and legs pain a lot. . The spots are itchy and uncomfortable and it is worrying me.
Psoriasis,"I have noticed a sudden peeling of skin at different parts of my body, mainly arms, legs and back. Also, I face severe joint pain and skin rashes."
Urinary Tract Infection,I noticed blood in my urinating. I occasionally feel sick after urinating. I frequently feel as though I have a fever.
Bronchial Asthma,"I've been struggling to breathe, coughing constantly, and feeling worn out. I have a very high fever and have been coughing up a lot of thick, mucoid saliva. I simply feel so worn out and exhausted from trying to deal with everything."
Dengue,I have developed rashes on my body. I am also experiencing high fever along with chills and headache. My joints and back hurt and there is a strange pain in the back of my eyes.
Peptic Ulcer Disease,"I'm feeling both bloated and uneasy. Because I've been losing weight, I no longer like eating. I occasionally get tarry, black stools and blood in my vomit."
Gastroesophageal Reflux Disease,"I have indigestion and heartburn. I frequently vomit everything I eat, and it is hard for me to swallow since food gets caught in my throat. My upper abdomen is in discomfort."
Arthritis,"My muscles have been really weak, and my neck has been extremely stiff. My joints have swollen, making it difficult for me to walk about without feeling stiff. Walking has also been really uncomfortable."
Fungal Infection,"My skin has been acting up recently, becoming extremely itchy and rashes-prone. Additionally, there are certain spots that deviate from my natural skin tone in terms of hue. And now my skin has these lumps or bumps that weren't there before."
Dengue,"The joint pain I have been experiencing is severe and feels like a constant ache. My head aches most of the time and I am starting to develope mild fever, accompanied with chills."
Allergy,I have itchy and red skin. Sometimes these result in flaking. My face and lips puff up and causes a lot of inconvinience. I get watery eyes sometimes and headches when the puffing gets severe
Varicose Veins,The cramps in my calves have been making it difficult for me to walk and do my daily activities. They come on suddenly and last for several minutes.
Drug Reaction,"I have headaches and migraines, and I have been having difficulties sleeping. My entire body has been shaking and twitching. Sometimes I become lightheaded."
Jaundice,I have been feeling itchy and have been vomiting. I am also very tired and have lost weight. My fever is high and my skin has become yellow. I have been experiencing abdominal pain as well.
Allergy,"I feel queasy, nauseous, and dizzy. I have a swelling throat and am having breathing issues. I occasionally have chest discomfort and nausea at night."
Migraine,"Stomach acid, indigestion, frequent headaches, hazy and distorted vision, increased appetite, stiff neck, depression, irritation, and visual distortion have all been bothering me."
Dimorphic Hemorrhoids,"I've been experiencing a lot of bowel movement issues recently. It's difficult to go, and it hurts when I do. My anus is quite painful, and it has been bleeding whenever I go. It's really painful and I'm really uncomfortable."
Hypertension,"Along with a chest pain and dizziness, I've had a headache that seems like a sharp pain in my forehead."
Fungal Infection,"I've been having this really annoying itch all over my body, and I have red and bumpy spots on my skin too. There are also some areas that are a different color than the rest of my skin, and I've had some bumps that look like little balls."
Gastroesophageal Reflux Disease,I often get aburning sensation in my throat while and especially after eating. Sometimes this also leaves a sour or bitter taste in my mouth and I get nauseos beacuse of this
Dimorphic Hemorrhoids,"I've been terribly constipated lately, and when I do go to the bathroom, it hurts a lot. Aside from that, my anus has been really itchy, and I've observed some blood in my stool."
Impetigo,I have noticed that the sores are taking longer to heal and are more prone to infection. The sores on my face are swollen and tender to the touch and very uncomfortable to handle.
Cervical Spondylosis,"In addition to having excruciating back pain, I've also been coughing up mucus and feeling weak all over. I've been feeling lightheaded and unstable on my feet, and my neck hurts as well."
Gastroesophageal Reflux Disease,"My tendency is to belch and burp frequently. I frequently get chest pain that spreads to my arm, jaw, and the back of my neck. There is pressure and stress in my chest."
Typhoid,"I have been feeling really fatigued and weak, and I can't seem to get rid of it. I have a mild fever and a strange pain in my abdominal area. I can't understand what is happening."
Hypertension,"I have been experiencing a headache, chest pain, dizziness, and difficulty maintaining my balance. I also feel like I am having trouble concentrating"
Peptic Ulcer Disease,"A sour, acidic taste is all over my mouth. Belching and burping are common in me. I have pressure or fullness in my upper abdomen for a few hours."
Gastroesophageal Reflux Disease,"Even when I don't have anything acidic in my stomach, I constantly have a sour taste in my mouth. I frequently have a lump in my throat and the hiccups."
Varicose Veins,"The veins on my legs are very noticeable and are causing me a lot of discomforts. They are swollen and protrude from my skin, making them visible through my clothing."
Jaundice,"I've been experiencing intense itchiness, nausea, and exhaustion. I also had a high fever and lost weight. Both my skin and my urine have become yellow. Additionally, my stomach hurts."
Cervical Spondylosis,"Pain typically, a coughing cough, and numbness in my arms and legs have been plaguing me. In addition, my neck hurts, and I've having trouble staying balanced and without getting woozy."
Acne,"I've recently been experiencing a severe skin rash. Blackheads and pimples packed with pus are everywhere. Additionally, my skin has been scurring a lot."
Pneumonia,"I've been feeling really drained and cold, and I can't stop coughing. It hurts in my chest when I do, and my heart feels like it's racing. The mucus I'm coughing up is a gross brownish color."
Allergy,"I have a runny nose and I am sneezing all the time. My eyes are itchy and often watery, and I am coughing all the time. My head hurts and all the time"
Fungal Infection,"My skin frequently develops itchy bumps that can occasionally turn red or rough. Aside from that, my skin occasionally develops strange pimples that resemble small balls and some odd spots that are a different hue from the rest of my skin."
Gastroesophageal Reflux Disease,"I have a loss of appetite and difficulty swallowing. I often have this persistent feeling of fullness, even after eating small meals. I usually throw up and get heartburn and a tingling sensation in my throat"
Drug Reaction,I have fever and feel very dizzy and lightheaded. My heart is beating very fast and I feel very confused. I am not able to think very clearing and everything feels very foggy
Dengue,"I have been experiencing muscle pain and headache. The muscle pain feels like a constant ache and is worse when I try to use the affected muscles. There are small red spots developing on my face, neck and arms."
Chicken Pox,I'm worried about these red spots on my skin. It's spreading rapidly and causing a lot of problems. I also developed a mild fever and headache every night.
Varicose Veins,"As I am overweight, I have noticed that my legs are swollen and the blood vessels are more visible than usual. The swelling seems to be getting worse over time."
Dengue,I have been experiencing severe joint pain that is making my day very difficult. I feel like vomiting all the time and have a mild headache too.
Urinary Tract Infection,"I have a mild temperature and blood in my pee. My head hurts almost constantly, and I frequently experience severe, involuntary desires to urinate. Additionally, I've been experiencing lower back ache"
Pneumonia,"I've been getting chills, feeling tired, and I can't seem to shake this cough. My chest aches and my heart feels like it's racing at a million miles per hour when I cough. I'm coughing out a foul rusty phlegm."
Psoriasis,"I have red and inflammatory skin around my mouth, nose, and eyes. It is frequently irritating and unpleasant. Recently, it has got very painful."
Drug Reaction,"My sex desire has decreased, and I'm finding it harder to function sexually. I regularly have brain fog and feel quite dizzy and disoriented."
Drug Reaction,"When I have a fever, I feel quite woozy and lightheaded. My heart is pounding, and my head is absolutely foggy. My ability to think properly is impaired, and everything appears to be somewhat blurry."
Malaria,"I've had a high temperature, vomiting, chills, and intense itching. I also have a headache and am perspiring a lot. I'm queasy, and my muscles hurt a lot."
Diabetes,Both my water intake and frequency of urination have increased. My mouth and throat regularly feel dry. My appetite and hunger have both increased recently.
Peptic Ulcer Disease,"I have trouble falling or staying asleep because of stomach ache. After using the restroom, I feel drained and lose my appetite. I constantly feel really anxious."
Dengue,I have been experiencing muscle pain that makes it difficult for me to move around. I have lost my apetite and feel vomiting. My legs and back pain a lot.
Dengue,The body pain I have been feeling is extreme. I has lost my appetite and developed rashes on my arms and face. The back of my eyes pain a lot.
Dengue,I have been feeling nauseous and have a constant urge to vomit. There is a strong pain behind my eyes and there are small red spots all over my arms.
Impetigo,"A rash has developed around my nose and lips, with huge red lesions that are painful and emit a yellow rust-colored fluid."
Chicken Pox,"The high fever, swollen lymph nodes and headache are causing me a lot of trouble. I don't feel like eating anything and feel weak and fatigued. It's hard for me to concentrate on my daily life."
Gastroesophageal Reflux Disease,"Especially after eating, my throat regularly feels like it is burning. I also occasionally get a bitter or sour aftertaste, which makes me feel sick."
Varicose Veins,My legs are causing a lot of discomforts when I exercise. I get frequent cramps and the blood vessels have become quite noticeable.
Typhoid,"I have been experiencing chills and fever, along with severe abdominal pain. I've been feeling really miserable overall, and I just can't seem to shake these symptoms."
Malaria,"Strong itchiness, chills, nausea, and a high temperature have been plaguing me. Along with having a headache, I'm also perspiring a lot. I've also been bothered by nausea and muscle ache."
Psoriasis,The skin on my palms and soles is thickened and has deep cracks. These cracks are painful and bleed easily.
Peptic Ulcer Disease,"My bloody stools have caused me to lose iron and bloos, among other things. I now have anaemia from this, and I generally feel quite weak."
Typhoid,"I've also been experiencing some diarrhea and constipation, which has been really worrying. It feels like a sharp, stabbing pain in my belly area. I feel tired all the time."
Psoriasis,"My skin is peeling, particularly on my knees, elbows, and scalp. This peeling is frequently accompanied by a stinging or burning feeling."
Gastroesophageal Reflux Disease,"My throat often feels like it is burning, especially after eating. A bitter or sour aftertaste that I occasionally experience also makes me feel unwell."
Chicken Pox,There are small red spots all over my body that I can't explain. It's worrying me. I feel extremely tired and experience a mild fever every night.
Chicken Pox,"I'm feeling really sick and lost my appetite. I've seen little red patches on my arms, neck and face that itch when I touch them."
Diabetes,I have rashes and skin irritations especially in the folds of the skin. There is also very slow healing of any cuts and bruises I have on my skin
Varicose Veins,The veins on my legs are very noticeable and cause me discomfort. It seems like there is a major bruise and I get cramps when I run.
Hypertension,"In addition to feeling dizzy and lightheaded, I've been having problems keeping my equilibrium. My capacity to concentrate and focus has also been slipping, I've noticed."
Diabetes,"My body is shaking and trembling. My senses of taste and smell have gotten weaker, and I feel exhausted. I occasionally have palpitations or a rapid pulse."
Chicken Pox,The itching is making it hard for me to sleep at night. I can't get any rest. I have also lost my appetite and feel lethargic.
Gastroesophageal Reflux Disease,"I'm not in the mood to eat, and swallowing is difficult. I often have this lingering feeling of fullness even after little meals. My typical symptoms include heartburn, nausea, and throat tingling."
Hypertension,"I woke up this morning with a headache and chest pain, and as the day has gone on, I've also been feeling dizzy and unsteady on my feet"
Typhoid,"I am experiencing a lot of belly pain and constipation, which has been really annoying. Sometimes, I feel a strong urge to vomit, and because of all of these, I am feeling very weak."
Acne,"When I woke up this morning, I saw a terrible rash on my skin. Blackheads and pus-filled pimples are all over the place. Additionally, my skin has been shifting a lot."
Dengue,I have been experiencing a severe fever that is accompanied by pain behind my eyes and headache. I feel tired and exhasuted because of which I cannot do any work.
Bronchial Asthma,"Recently, I have had a number of concerning symptoms, including a dry cough, impaired breathing, a high fever, and a lot of mucus. I also feel very weak and tired."
Common Cold,I've been really weary and ill. I've been suffering from a severe cough and sore throat. I've got a lot of chills and a pretty high temperature. I simply feel tired and run down.
Malaria,"I'm suffering from intense itching, chills, vomiting, and a high fever. I've also been sweating a lot and have a headache. Nausea and muscle pain have also been bothering me."
Fungal Infection,"I've been itching and have rashy patches all over my skin recently. There are also some regions that don't appear to be the regular tone of my skin, and I've experienced some painful bumps."
Dimorphic Hemorrhoids,"I've been having constipation and bowel motions that hurt recently. When I go, my anus bleeds and is really uncomfortable. I'm in a lot of discomfort and it hurts extremely bad."
Migraine,"I have been struggling with acid reflux, indigestion, and headaches, as well as blurred and distorted vision, excessive hunger, a sore neck, depression, irritability, and visual disturbance. These symptoms have been causing me a lot of problems and making it difficult to concentrate and function normally."
Chicken Pox,There are small red spots all over my body. The spots are itchy and uncomfortable. I also have a mild fever and headache.
Hypertension,"I felt fine all day, but when I was driving home from work, I suddenly started to have headache, chest discomfort, and dizziness. Since then, it has been challenging for me to concentrate and focus while driving."
Pneumonia,"I've recently been suffering with chills, lethargy, a cough, a high temperature, and difficulties breathing. I've been sweating profusely and generally feeling ill and weak. I've also had some quite thick and red phlegm."
Malaria,"I've had severe itching, chills, vomiting, and a high fever. I'm also sweating excessively and have a headache. Nausea and muscle pain have also been causing me a lot of discomfort."
Impetigo,"I've had rashes on my face. I'm developing little sores around my nose, and a yellow ooze is frequently oozing from them. The lesions have become even more painful."
Dimorphic Hemorrhoids,"Lately I've been experiencing constipation, pain during bowel movements, and pain in my anus. My stool has also been really bloody and my anus has been really irritated."
Urinary Tract Infection,I have been urinating with blood in it. I occasionally feel queasy when urinating. I frequently almost have a fever at the same time.
Typhoid,The stomach discomfort has been severe and frequent. Vomiting and constipation have also happened. I'm concerned about my health.
Arthritis,"I've been experiencing severe muscular weakness, and my neck has been really stiff. It has been difficult to move about since my joints have swollen. It has been really uncomfortable to walk."
Hypertension,"I had a headache and chest pain this morning, and as the day wore on, I also started to feel unsteady and unstable on my feet."
Chicken Pox,"I have no energy and have lost my appetite. I'm feeling really sick and don't know what's wrong. Also, there are small red spots starting to show on my skin."
Acne,"When I awoke this morning, I realised that I had a severe rash all over my body. There are many pus-filled pimples and blackheads all over the place. My skin has also been scurring a lot."
Dengue,I have developed red spots on my arms and legs that are itchy and inflamed. I have been feeling nauseaus and have a constant urge to vomit. This is accomapanied by mild fever.
Peptic Ulcer Disease,I frequently get swallowing issues and the sensation that food is getting stuck in my throat. I regularly belch and feel bloated. My aftertaste is unpleasant all the time.
Psoriasis,"I've had trouble sleeping because of the itching and pain produced by the rash. My nails have little dents, which is really alarming. There is a noticeable inflammation in my nails."
Acne,"I woke up this morning to find that I have a terrible rash all over my body. Blackheads and pus-filled pimples are all over the place. Additionally, my skin has been changing a lot."
Gastroesophageal Reflux Disease,"I have heartburn and indigestion. I often vomit whatever I eat and have difficultly swallowing food, beacuse the food gets stuck in my throat. I have a nagging pain in my upper abdomen"
Peptic Ulcer Disease,I inadvertently lose weight and have a hard time gaining it back. I use antacids to get rid of the pain and discomfort I experience. It aches so much in my mouth.
Urinary Tract Infection,"My pee has a strong, unpleasant scent and a hazy appearance. Since these symptoms started appearing, I regularly feel the desire to urinate at night and have been experiencing high temperatures"
Impetigo,I have been suffering from a high fever for the last couple of days. Sores are developing near my nose. The sores are painful and I am feeling very uncomfortable these days.
Urinary Tract Infection,"My spirits have been incredibly low, and my pee smells awful. My kidney region hurts a lot, and I can't seem to hold my urine in. I get these unreasonable urges all the time."
Impetigo,"I have noticed that the sores on my face are healing more slowly and are more likely to become infected. My cheek sores are large, painful to the touch, and extremely difficult to handle. I can't seem to get rid of these sores."
Chicken Pox,I have no energy and have lost my appetite. I have a high fever and severe headache and don't know what's wrong.
Typhoid,"Most of the time I feel fatigued. I don't want to eat anything. I get a high fever and chills every night. Moreover, I have been vomiting since yesterday."
Fungal Infection,"I've been rather itchy recently, and I have rashy blotches all over my skin. There are also certain regions that are more dark in color than the rest of my skin, and I've got some painful lumps."
Varicose Veins,My legs' swelling has become worse over the last couple of days. I can see the blood vessels protruding out of the skin. This is quite unusual.
Arthritis,"I've been experiencing stiffness and weakness in my neck muscles recently. Since my joints have grownup, it's heavy on behalf of American state to run whereas not getting stiff. additionally, walking has been very uncomfortable."
Hypertension,"In addition to a head pain, chest pain, instability, and balance issues, I've already been feeling unwell. I also suppose I'm having issues focusing."
Malaria,"I've had intense itching, chills, vomiting, and a high fever. I'm also sweating a lot and have a headache. Nausea and muscle pain have been making me feel miserable."
Drug Reaction,I have rashes on my skin and these flake off from time to time. This leaves me prone to infection. My fingers start twitching and sometimes I experience tremors.
Psoriasis,"The rashes on my skin are not healing. Moreover, I have noticed a sudden peeling of the skin, especially the skin on my elbows and knees. I am really worried about this."
Arthritis,"My neck has been extremely stiff and my muscles have been extremely weak. As a result of swelling in my joints, I find it difficult to move around without feeling stiff. Additionally, walking has been extremely uneasy."
Pneumonia,I can't seem to catch my breath and I'm sweating a lot. I feel really sick and have a lot of phlegm in my throat. My chest hurts and my heart is racing. The mucus I'm coughing up is yellowish.
Gastroesophageal Reflux Disease,"I have a tendency to burp and belch regularly. I often get chest discomfort that radiates to my arm, jaw, and neck. My chest feels tight and stressed."
Diabetes,"I'm drinking more water and urinating more frequently. My throat and mouth are frequently dry. Recently, my appetite and hunger have both grown."
Dimorphic Hemorrhoids,I've been having a lot of trouble going to the bathroom lately. It's been really painful and I've been experiencing pain in my anus. My stool has also been bloody and my anus has been really irritated.
Allergy,"I have trouble breathing and easily get out of breath. My face and torso are swollen, my eyes hurt, and I have a dry, hacking cough."
Malaria,"I have a high fever, severe itching, chills, and vomiting. I also have a headache and have been perspiring a lot. My discomfort has also been brought on by nausea and muscle ache."
Gastroesophageal Reflux Disease,"Even when I don't have anything acidic in my stomach, I constantly have a sour taste in my mouth. I frequently have hiccups and a lump in my throat."
Urinary Tract Infection,I have been having pain in my bladder and have been getting
Allergy,"I always feel exhausted, have a bad taste in my mouth, and my throat itches a lot. Also heated and painful are my muscles. My entire body can cramp up at times."
Bronchial Asthma,"I feel really fatigued and weak, and I have a bad cough. My fever is really high, and my breathing has become shallow. When I cough, a lot of saliva comes out as well."
Diabetes,My wound is healing more slowly these days. My feet and hands are tingling and becoming numb. I feel really fragile.
Acne,My skin has just acquired a nasty rash. It's full of pus-filled pimples and blackheads. My skin has been really sensitive as well.
Drug Reaction,"My skin occasionally peels off the rashes that I have. This makes me more vulnerable to infections. My hands begin to shake, and occasionally I have tremors."
Bronchial Asthma,"Hey, I've got a dry cough, trouble breathing, and a high fever. I'm producing a lot of mucus and am feeling quite weak and exhausted."
Varicose Veins,I have noticed that there are bruises on my legs that I cannot explain. They are not painful but are concerning to me.
Bronchial Asthma,"Doctor Due to a high fever, I haven't been able to breathe via my nose or mouth for a few days and feelinf too tired. Please recommend some medications for me."
Migraine,"Along with increased hunger, a sore neck, melancholy, impatience, and visual distortion, I've also been experiencing acid reflux, indigestion, frequent headaches, and blurred eyesight."
Bronchial Asthma,"My fever is through the roof, and I'm so weak and tired out. I've been coughing up a lot of mucous, and managing all of these symptoms has been really hard. Everything is making me so upset."
Urinary Tract Infection,"I've been experiencing really low moods and very bad urine odour. I can't seem to keep my urine back, and the area near my kidneys hurts a lot. I frequently experience these irrational cravings."
Typhoid,"Because of the vomiting and diarrhea, I've been having a lot of difficulties staying hydrated. I have a high fever, as well as constipation and headache."
Peptic Ulcer Disease,I have been having bloody stools which has resulted in bloos loss and loss of iron. Thiis has caused me anemia and I feel very weak in general
Impetigo,"My face is covered in sores. Most of them are near my nose and lips. The lesions are causing discomfort or suffering, and a yellow or rust-colored fluid is oozing from them."
Typhoid,"I am experiencing constipation and stomach ache. The discomfort has gotten worse, and it is seriously interfering with my everyday life. I feel like I have lost my appetite to eat anything."
Allergy,"I often sneeze and have a runny nose. My eyes are scratchy and frequently runny, and I frequently cough. My head hurts constantly."
Common Cold,"I've had a terrible cough and cold for days. My face is tired and my sinuses are blocked. In addition, my chest hurts from the phlegm I've been coughing up. I can't smell, and my muscles are in terrible pain."
Bronchial Asthma,"feeling extremely exhausted and have had this persistent cough. It's been hard for me to catch my breath, and my fever is very high. I've also been producing a lot of mucus when I cough"
Typhoid,"I've also been suffering from diarrhea, which has been really uncomfortable. It comes and goes, and it's accompanied by stomach aches and vomiting."
Varicose Veins,The swelling in my legs has gotten worse over the past few weeks and is causing me difficulty fitting into my shoes. It is also causing discomfort when I sit for long periods of time.
Gastroesophageal Reflux Disease,"I regularly wake up with a scratchy voice or a sore throat. My throat is constantly irritated, and I have horrible breath. I frequently throw up."
Arthritis,"My muscles area unit quite weak, and my neck has been terribly stiff. My joints have swollen, making it hard on behalf of Maine to steer regarding whereas not feeling stiff. Walking has put together been terribly uncomfortable."
Cervical Spondylosis,"I have been experiencing severe back pain, a cough that produces phlegm, and weakness in my muscles. My neck also hurts and I have been feeling dizzy and unsteady on my feet."
Jaundice,"I've been feeling scratchy and throwing up. I have lost weight and am also really exhausted. My skin has become yellow, and I have a severe fever. I have stomach ache and black urine."
Drug Reaction,"I am quite queasy and dizzy when I have a temperature. My brain is completely cloudy, and my heart is racing. I'm having trouble thinking straight, and everything seems a little fuzzy."
Dimorphic Hemorrhoids,"Recently, I've been having a lot of difficulty using the restroom. My bowel movements have been extremely uncomfortable and difficult for me to have. My anus has been quite inflamed, and my stool has been extremely bloody."
Pneumonia,"I have a lot of difficulty breathing. I don't feel well, and I'm perspiring a lot. My chest hurts, and I have a lot of mucus in my throat. I'm having trouble breathing, and the phlegm I'm coughing up has a strange hue."
Malaria,"Strong itchiness, chills, nausea, and a high fever are all part of my current condition. Besides having a headache, I've been perspiring a lot. I've been uncomfortable from nausea and muscle ache, too."
Peptic Ulcer Disease,I can't get to sleep or remain asleep because I have a stomach pain. I get exhausted after using the bathroom and stop being hungry. I worry a lot of the time.
Migraine,"I have been experiencing acidity, indigestion, and headaches, as well as blurred and distorted vision, excessive hunger, a stiff neck, depression, irritability, and visual disturbance"
Allergy,I have asthma like symptoms like wheezing and difficulty breathing. I often get fever and have headaches. I feel tired all the time
Dengue,"I have been experiencing chills and shivering, despite being in a warm environment. My back pains all the time and there are red spots on my arms."
Typhoid,"I've also had some diarrhea, which has been really unpleasant. It's been coming and going, and it's been accompanied by abdominal cramps and bloating."
Dimorphic Hemorrhoids,"I've been having a lot of trouble going to the bathroom lately, and it's been really painful. I've also noticed that my stool has been bloody and my anus has been really irritated."
Psoriasis,"My skin rash gets worse in the winter when the air is dry. To keep my skin moisturized, I have to moisturize more regularly and use humidifiers. I am also facing joint pain."
Fungal Infection,"Recently, I've been scratching myself a lot, and my skin is covered with rashy places. In addition, there are a few spots where my skin doesn't appear to be its usual shade, and I've experienced a few lumps that are quite painful."
Dengue,I have developed rashes on my body that are itchy and. I have lost my appetite and feel very tired all day. I feel something is wrong with my body.
Cervical Spondylosis,"Back pain, a persistent cough, and numbness in my arms and legs have been bothering me. I've had trouble staying balanced and experiencing dizziness, and my neck hurts."
Bronchial Asthma,"I've been dealing with a bad cough, breathing issues, and drowsiness. I've been coughing up a lot of thick, mucoid sputum and have a high fever. All of this has been really exhausting and exhausting, and right now I'm feeling rather ill."
Typhoid,"I've been having diarrhoea and loose, watery stools many times a day. I've lost my appetite and am always sick. I'm also developing a mild fever. Also, my abdominal part pains a lot. I don't know what the reason behind all of these is."
Jaundice,"Extreme itchiness, sickness, and exhaustion have all been plaguing me. In addition, I developed a fever and lost weight. My pee is black, and I've developed a yellow rash. Additionally, I've had stomach ache."
Hypertension,"I've been encountering poor balance, a headache, chest pain, and dizziness. My ability to pay attention and focus has also been problematic."
Common Cold,I can't stop coughing and I feel really cold. My sinuses are all blocked and I have a lot of mucus. My chest hurts and I can't smell anything. My muscles are also really sore.
Common Cold,"I have red, watery eyes all the time. My sinuses have also been bothered by a constant tightness. My breathing has been quite tough, and I've been feeling worn out all the time. My lymph nodes are irritated, and I also have a lot of throat mucous."
Urinary Tract Infection,Blood has been found in my urination. I sometimes have nausea when urinating. I regularly feel like I'm almost feverish.
Chicken Pox,I've lost my appetite and can't seem to eat anything. I'm worried about my health.
Urinary Tract Infection,My pee smells strongly and seems cloudy. I've had fevers and frequent overnight urination needs ever since these symptoms began.
Cervical Spondylosis,"Back pain, a coughing cough, and numbness in my arms and legs have been plaguing me. In addition, my neck hurts, and I've having trouble staying balanced and without getting woozy."
Psoriasis,"My skin is peeling in places, especially on my knees, elbows, and arms. This peeling is often accompanied by a painful or burning sensation. I am also developing small dents on my nails, which is really concerning."
Pneumonia,"My fever is really high, and I'm having difficulty breathing. I'm drenched in sweat and shivering with chills. I'm quite fatigued, and my heart is racing. I'm also expecting some brownish phlegm."
Dengue,The high fever I have been experiencing is accompanied by sweating and weakness. My muscles pain as a result I cannot work all day.
Cervical Spondylosis,"My muscles have been quite weak, and I've been coughing up phlegm along with significant back discomfort. In addition to feeling weak and disoriented, my neck has been hurting."
Jaundice,I've been itchy and throwing up. I've lost weight and am also really exhausted. My skin has become yellow and I have a severe temperature. My stomach has also been hurting.
Diabetes,"I struggle to focus and have emotional swings. At times, my head seems cloudy and foggy, making it challenging for me to do even simple tasks."
Migraine,"Along with impaired eyesight, increased appetite, a sore neck, melancholy, impatience, and regular headaches, I've also been experiencing heartburn, acid reflux, and indigestion."
Psoriasis,"There is strange pain in my joints. Also, I have noticed strange peeling of skin in different parts of my body. I am afraid there is something wrong going on with my body."
Chicken Pox,"I'm feeling really sick and uncomfortable like something is wrong inside. I don't know what it could be. I noticed small red spots on my arms, which itches if I touch them."
Diabetes,"Particularly in the crevices of my skin, I have skin rashes and irritations. My skin bruises and cuts take a while to heal as well."
Chicken Pox,"I'm feeling fatigued and have no energy. I can barely keep my eyes open during the day, and I've been feeling lethargic and unable to motivate myself."
Psoriasis,"I have noticed that my skin has become more sensitive than it used to be. There is a silver like dusting on my skin, especially on my back and elbows."
Dimorphic Hemorrhoids,"I've been suffering from severe constipation lately, and whenever I do go to the restroom, it hurts a lot. Aside from that, my anus has been really itchy, and I've observed some blood in my stool."
Psoriasis,"My nails are slightly dented. Even my joints are now experiencing excruciating discomfort. My skin has a silver-like powder, especially on my back and elbows."
Allergy,I hace difficulty in breething and shortness of breath. I cough uncontrollably and get itchy eyes and swelling on my face and other body parts
Allergy,"I frequently sneeze, and my nose runs. I constantly cough, and my eyes are sore and watery. My head hurts all the time."
Bronchial Asthma,"I've had this cough that's been lingering for days and difficulty breathing. My fever is sky-high, and I'm feeling so weak and tired. I've also been producing a lot of mucus when I cough, and it's just been so overwhelming to deal with all of these symptoms. I'm getting so frustrated with all of this."
Chicken Pox,I have no energy and have lost my appetite. I'm feeling really sick and don't know what's wrong.
Migraine,"As well as with excessive appetite, a tense neck, depression, irritability, and visual disturbance, I've also been having indigestion, headaches, blurred vision, and acid reflux. These symptoms have been disturbing me and interfering with my usual activities."
Impetigo,"The rash on my face has become more painful and inflamed over the past few days, and the sores are beginning to weep clear fluid. It is getting extremely painful with each day."
Urinary Tract Infection,"I've been having frequent, strong, sudden urges to urinate. I occasionally urinate with blood in it, and the stench is horrible. What ought I to do if I think I'm infected?"
Fungal Infection,"I have raised lumps, a rash that looks red and inflamed, discoloured areas of skin that are different colours from the rest of my skin, and itching on my skin."
Chicken Pox,The high fever and swollen lymph nodes are causing me much discomfort. I have a headache and feel weak and fatigued. It's hard for me to concentrate because of the fever.
Fungal Infection,"My skin has been really itchy lately, and it occasionally erupts into a rash. In addition, I have a few odd areas of skin that are a different coloration from the rest of me, and occasionally I develop little bumps that look like nodules."
Hypertension,"I've had intense aches in my chest, a headache that won't go away, and I've been feeling dizzy and unsteady."
Pneumonia,I'm having a hard time breathing and I feel really uncomfortable. I'm sweating a lot and there's a lot of phlegm in my throat. My chest hurts and my heart is beating fast. The mucus I'm coughing up is brownish.
Jaundice,"Extreme itchiness, nausea, and fatigue have been troubling me. In moreover, I experienced a fever and lost weight. My pee is black, and I've developed a yellow rash. The ache in my stomach is also present."
Dengue,"I'm experiencing extreme body pain, headache and vomiting. I've developed red spots that covers my entire body and causes severe itching."
Arthritis,"Recently, my muscles have felt quite weak, and my neck has been really tight. I have swollen joints, making it difficult for me to move. Walking has also been painful."
Varicose Veins,"The veins on my calves have become very prominent and causing discomfort. I can't stand for long periods of time, as it causes pain in my legs, similar to cramps."
Common Cold,"I've been feeling really tired and sick. I've been sneezing a lot and I can't seem to get warm. I'm so tired and my head is killing me. And my fever is really high, like I'm boiling."
Psoriasis,"The skin around my mouth, nose, and eyes is red and inflamed. It is often itchy and uncomfortable. There is a noticeable inflammation in my nails."
Diabetes,"I'm shaking and trembling all over. I've lost my sense of taste and smell, and I'm exhausted. I occasionally get palpitations or a speeding heart."
Migraine,"I have been experiencing acid reflux and difficulty digesting my food, along with regular headaches and impaired vision"
Acne,"Recently, I've been experiencing a lot of acne breakouts with pimples that contain pus. I've also been struggling with blackheads."
Typhoid,"I've been experiencing chills, fever, and extreme stomach discomfort. I've been generally unhappy, and I can't seem to get rid of these symptoms."
Pneumonia,"I've been feeling really weak and cold lately, and this cough won't go away. It hurts in my chest when I cough, and my heart is pounding. The mucus I'm bringing up is a rusty brown color."
Drug Reaction,"My hair's texture has significantly changed, and I'm experiencing hair loss. My scalp is dry and itching, and my dandruff is becoming worse. My skin is also becoming really dry."
Pneumonia,"I've recently had chills, exhaustion, a cough, a high temperature, and breathing issues. I've been perspiring a lot and generally feeling weak and ill. I've had some quite thick and black phlegm. My heart has been racing quite quickly."
Migraine,"Along with eyesight problems, increased appetite, a sore neck, melancholy, irritability, and regular headaches, I have also been experiencing acid reflux, indigestion, and frequent dizziness. My regular activities have been made more tough by these symptoms, which have been causing me a great deal of distress."
Arthritis,"I've been experiencing stiffness and weakness in my neck muscles recently. Since my joints have grown, it's hard for me to walk without getting stiff. Additionally, walking has been extremely uncomfortable."
Pneumonia,"I'm having a lot of problems breathing. I'm not feeling good, and I'm sweating a lot. I have a lot of mucous in my throat and my chest hurts. My breathing is laboured, and the phlegm I'm coughing up has an odd tint."
Impetigo,"I noticed a skin rash on my face. It was made up of a blistering sore. Today I observed a yellow colored fluid coming out of the sores, I am not sure what it is."
Cervical Spondylosis,"I've been having intermittent coughing fits, significant back pain, and limb weakness. I've been experiencing neck pain as well as a dizzy and unsteady sensation."
Malaria,"I've been experiencing severe body itchiness, chills, and vomiting. I have a really high fever, and I've been perspiring a lot. I also feel queasy and have a headache. My muscles are in excruciating discomfort."
Acne,"I woke up this morning to find that I had a major rash all over my body. It's covered in pus-filled pimples and blackheads, and my skin has been scurrying a lot"
Allergy,"I have stomach cramps, nausea and diarrhea. My throat is swollen, and I have difficulty breathing. Sometimes at night night I get chest pain and nauseous."
Urinary Tract Infection,"My lower abdomen aches, and it feels like it may explode when I urinate. Since I began experiencing these new symptoms, my body temperature has been consistently low. That's why I've been weak."
Allergy,I have a nasal congestion and blocked nose. Sometimes at night I have chest pain and tightness. I have also lost my sense of smell and taste
Psoriasis,I've had trouble sleeping because of the itching and pain produced by the rash. My nails have little dents. I am also experiencing skin peeling in different parts of my body.
Urinary Tract Infection,I get a burning sensation when I pee. Sometimes a lot of pain and foul smelling urine. I have been getting more urges to urinate at night
Drug Reaction,"I'm feeling really lightheaded and dizzy when I have a temperature. My mind is completely muddled, and my heart is racing. I find it difficult to think clearly, and everything seems quite hazy."
Jaundice,"I've been itchy and have been throwing up. Along with losing weight, I'm also really exhausted. My skin has turned yellow, and my fever is high. Additionally, I get stomach ache and dark urine."
Cervical Spondylosis,"Back discomfort, a persistent cough, and weakness in my limbs have been bothering me. I have issues with vertigo and losing my equilibrium, and my neck hurts."
Dimorphic Hemorrhoids,"I've been having difficulty using the restroom. It's been difficult to go, and it aches when I do. My anus is quite painful, and it has been bleeding whenever I go. It's excruciatingly painful, and I'm quite uneasy."
Typhoid,"I've had a persistent stomach pain for the past week, and it is not healing even with medication. I feel like vomiting and can't eat anything, and because of which I have become extremely weak."
Bronchial Asthma,"Doctor Due to a high fever, I haven't been able to breathe via my nose or mouth for a few days and feeling too tired.sometimes mucus has been seen too.Please recommend some medications for me."
Psoriasis,"My arms, face and back are all red and irritated. It is frequently irritating and unpleasant. My nails have a strange inflammation and have developed small dents. I have never seen anything like this."
Hypertension,"Along with a headache, chest pain, instability, and balance issues, I've also been feeling dizzy. I also think I'm having problems focusing."
Acne,"My skin has developed a terrible rash that is not inherited. It has a lot of blackheads and pus-filled pimples. Furthermore, my skin has been exceedingly sensitive."
Impetigo,"I have developed skin rashes made up of blistering sores. The blistering sores are raised, fluid-filled lesions and they are painful to touch. I am also suffering from a high fever."
Common Cold,I've been feeling really sick and I've had a lot of fatigue. I've had a really bad cough and my throat has been really sore. I've had a lot of sinus pressure and my nose has been really congested. I just feel really run down and miserable.
Diabetes,"I get skin irritations and rashes, especially in my skin's crevices. Cuts and bruises on my skin also take a while to heal."
Chicken Pox,"My skin rash is giving me a lot of pain and discomfort. It's red and swollen, and it's spreading throughout my body."
Drug Reaction,"I struggle to maintain focus, and my mental clarity is really poor. I have trouble remembering things and frequently forget stuff."
Diabetes,"I've been drinking more water and urinating more frequently. My throat and mouth frequently feel dry. Recently, both my hunger and appetite have grown."
Common Cold,"My eyes are usually red and runny, and my nose is always stuffy. I've also been having difficulty breathing and my chest hurts. In addition, I can't smell anything and my muscles are quite painful."
Jaundice,"I've felt really scratchy, nauseated, and worn out. I also had a high fever and lost weight. Both my skin and my urine have become yellow. Additionally, my stomach has been hurting."
Common Cold,"I can't quit sneezing, and my nose is running. I'm also constantly chilly and exhausted, and I've been coughing a lot. My fever is also really high, well above usual."
Bronchial Asthma,"I've had ongoing health problems for a week, including a dry cough, breathing difficulties, and general weakness."
Bronchial Asthma,"Hey, I've had a dry cough, breathing difficulties, as well as a high fever. a lot of mucous is being produced, and I feel incredibly weak and tired."""
Allergy,"I frequently have exhaustion, a terrible taste in my mouth, and throat itchiness. My muscles are also burning and uncomfortable. Sometimes I have cramps all throughout my body."
Cervical Spondylosis,"My arms and legs have been weak, and I have been suffering from back pain and a persistent cough. In addition to experiencing neck pain and balance issues, I also suffer dizziness."
Diabetes,"My vision is foggy, and it appears to be growing worse. I feel exhausted and worn out all the time. I also have severe dizziness and lightheadedness on occasion."
Drug Reaction,I've gained a lot of weight and am currently quite fat. I have many inclinations and cravings.
Impetigo,"I am suffering from extreme fever and weakness. I have developed sores on my face. The sores itchy and uncomfortable. Often, a yellow colored ooze comes out of the sores."
Malaria,"I have a high fever, chills, and severe itching. Along with my headache and excessive sweating, I've been terrible with nausea and muscle ache."
Allergy,I always feel exhausted and have a tickle in my throat. My skin has also started to feel dry. I occasionally get ocular swelling.
Common Cold,"I've been quite exhausted and ill. I'm sneezing nonstop and am quite cold. My head is throbbing, and I lack energy. Additionally, I have a very high fever and feel like I am on fire."
Dengue,"I have been feeling nauseous and have a constant urge to vomit. I get high fever and chills every night and feel terrible because of this. Also, I feel I have lost my appetite."
Psoriasis,"Because of dry, flaky areas on my skin, I am prone to infections. My joints are in extreme pain . My knees and elbows' skin are starting to peel off."
Jaundice,"The itch, the nausea, and the weariness have been bothering me. In addition, I developed a fever and lost weight. My pee is black, and I've developed a yellow rash. Additionally, I've had stomach ache."
Psoriasis,"I have experienced fatigue and a general feeling of malaise. I often feel tired and have a lack of energy, even after a good night's sleep."
Bronchial Asthma,"I've had a nagging cough that won't go away, and my breathing has become labored. My fever is also very high, and I'm feeling very weak and tired. I've been producing a lot of mucus when I cough"
Hypertension,"I have been feeling lightheaded and unsteady on my feet, and have also noticed a decline in my ability to focus and concentrate."
Peptic Ulcer Disease,"I have stomach ache, and bending over or lying down just makes it worse. When I consume certain meals, such as spicy or acidic cuisine, I have discomfort. This sometimes causes me to have loose stools."
Jaundice,I have been having severe itching and vomiting. I am also very tired and have lost weight. My fever is high and my skin has turned yellow. My urine is dark and I have been experiencing abdominal pain
Jaundice,"I've had a scratchy stomach and been throwing up. I have also lost weight and am really exhausted. I have a high fever and yellow skin. As well as you, I have been having stomach pain."
Arthritis,"My muscles have been feeling really weak, and my neck has been extremely tight. I've been experiencing a lot of stiffness when I walk about and my joints have been swollen. Walking has also been really uncomfortable."
Pneumonia,I can't seem to catch my breath and I'm sweating a lot. I feel really sick and have a lot of phlegm in my throat. My chest hurts and my heart is racing. The mucus I'm coughing up is brownish and stringy.
Fungal Infection,"A rash that appears to be developing throughout my skin has been accompanying my recent bouts of intense itching and discomfort. On my skin, I also have some dischromic spots and little lumps that seem to be appearing everywhere."
Cervical Spondylosis,"I have been suffering from back pain, a productive cough, and weakness in my limbs. My neck is sore and I have had issues with dizziness and balance."
Arthritis,I've been feeling really weak in my muscles lately and my neck has been really stiff. My joints have been swelling up and it's hard for me to move around without feeling stiff. Walking has been really painful too.
Cervical Spondylosis,"I've been struggling with severe back pain, a dry cough, and limb weakness. I've been feeling lightheaded and wobbly on my feet, and my neck hurts."
Dimorphic Hemorrhoids,"I've been having trouble going to the restroom recently. When I try to go, it's really uncomfortable, and my anus hurts a lot. I've also had some blood in my stool, and my anus has been really uncomfortable."
Acne,I've recently been battling a pretty itchy rash on my skin. There are pus-filled pimples and blackheads all over it. My skin has also been scurring a lot.
Peptic Ulcer Disease,I have a sour acidic taste in my mouth. I have frequent belching and burping. I have a feeling of pressure or fullness in my upper abdomen that last for a few hours
Psoriasis,"I've observed that my skin is more sensitive now than it used to be. My skin has a silvery film, especially on my back and elbows."
Urinary Tract Infection,"I've been experiencing frequent, intense, abrupt cravings to urinate. Sometimes I get blood in my pee, and it smells awful. What should I do if I believe I have an infection?"
Urinary Tract Infection,My is pee is dark and often bloody and often has a very unfathomable smell. I have been having temperature fluctuations pretty frequently and often am not able to sleep at night because of this
Hypertension,"I've had intense aches in my chest, a head pain that refuses to go away, and I've been feeling dizzy and unsteady."
Impetigo,"I am feeling really sick. I have a high fever and headache. I noticed rashes on my arms and face. I am extremely worried about this. Today, I observed red sores near my nose."
Bronchial Asthma,"I have a cough that has continued for days, and I feel really weak and tired. My fever is high, and my breath has become strained. When I cough, I also generate a lot of mucus."
Diabetes,"I have rashes and skin irritations, especially in the crevices of my skin. My skin bruises and cuts also take a long time to heal."
Urinary Tract Infection,"I've had low temps and blood in my urine for the past three days. My pee smells terrible, and my head hurts so much. Urinary urges seldom occur on cue, and I almost never have any control over when they do."
Arthritis,"I've been experiencing muscular weakness and stiffness in my neck recently. My joints have swollen, creating it troublesome on behalf of me to run regarding while not changing into stiff. Walking has additionally been agonizingly uncomfortable."
Arthritis,I've been feeling really weak in my muscles lately and my neck has been really stiff. My joints have been swollen and it's hard for me to move around. It's also been painful to walk.
Peptic Ulcer Disease,"I occasionally have burning in my upper abdomen throughout the day or at night. I get heartburn, indigestion, and regular episodes of severe nausea."
Migraine,"I've been getting frequent headaches and hazy vision, as well as acid reflux and indigestion after meals."
Pneumonia,"I've been coughing a lot recently with chest pain and feeling incredibly chilly and exhausted. Additionally, my heart is thumping rapidly, and the phlegm I cough up has a reddish hue."
Urinary Tract Infection,I have been getting blood in my pee. Sometimes I get nauseous while peeing. This often almost coincides with me having a high temperature
Dengue,"As a result of my regular vomiting, I've lost my appetite. My muscles, joints and back constantly hurt. I am starting to have fever too. I am really worried and not sure what to do."
Allergy,"I feel tired all the time, I have lost my taste and have a really sore throat. I also get feverish and often have muscle aches. Sometimes my whole body just cramps up"
Dimorphic Hemorrhoids,I'm having a lot of trouble with my bowel movements lately. It's hard to go and it hurts when I do. My anus is really sore and it's been bleeding when I go. It's really painful and I'm really uncomfortable.
Hypertension,"I was in the middle of a meeting when I suddenly developed a headache, chest pain, and dizziness. It's been hard for me to focus and concentrate on the discussion since then."
Pneumonia,"I've been having chills and feeling exhausted, and I can't seem to shake this cough. My chest hurts when I cough, and my heart feels like it's going a million miles an hour. The phlegm I'm coughing up is a dirty rust color."
Acne,"This morning when I woke up, I discovered an extremely bad rash on my skin. There are several pus-filled pimples and blackheads all around. My skin has also been moving around a lot."
Urinary Tract Infection,There is blood in my urine and I have a low fever. My head hurts almost all the time and I get very strong uncontrollable urges to pee. I have been having pain in lower back also
Typhoid,The abdominal pain has been frequent and really painful. Constipation and vomiting have also occurred. I'm quite worried about my health.
Chicken Pox,"I have a skin rash that's red and inflamed, and it's spreading all over my body. I've been experiencing intense itching, especially on my arms and legs."
Peptic Ulcer Disease,My bowel movements have become constipated and diarrheal. I often feel quite tired and lack both energy and appetite.
Migraine,"Together with increased hunger, a sore neck, anxiety, irritation, and visual distortion, I've also been experiencing acid reflux, indigestion, frequent headaches, and impaired eyesight."
Arthritis,"My muscles are quite weak, and my neck has been very stiff. My joints have swollen, creating it troublesome on behalf of me to steer concerning while not feeling stiff. Walking has conjointly been very uncomfortable."
Fungal Infection,"Doctor, My skin is covered in an uncomfortable rash and has a few odd patches of skin that are a different colour. There are a few pimples on my skin that resemble little knots."
Cervical Spondylosis,"Back discomfort, a breathing difficulty, and weakness in my limbs have been hurting me. I have issues with vertigo and losing my balance, and my neck hurts."
Hypertension,"I have been feeling fine all day, but suddenly developed a headache, chest pain, and dizziness while out for a walk. It's been hard for me to focus and concentrate since then."
Allergy,I have a plugged nose and nasal congestion. I occasionally have stiffness and chest discomfort during the night. I've also lost my ability to smell and taste.
Dengue,"My back hurts all the time, and my arms and neck have rashes. The back of eyes pain a lot. I also have fever and it is making we worried about my health."
Common Cold,"I've been experiencing severe weariness and a sickly sensation. My throat has been really painful and I've had a fairly severe cough. My nose has been quite stuffy, and I've had significant sinus pressure. I'm really miserable and extremely exhausted."
Bronchial Asthma,"I've been struggling with difficulty breathing, a constant cough, and fatigue. My fever is extremely high, and I've been coughing up a lot of thick, mucoid sputum. It's been so hard to deal with all of this, and I'm just feeling so drained and worn out"
Bronchial Asthma,"Doctor , from couple of days i am not able to brethe propelry , lying on bed due to high fever , lot of mucus gets out . please suggest me some medicines."
Impetigo,"There are sores on my face and mostly near my nose and lips. The sores are causing discomfort or pain, and there is a discharge of yellow or rust-colored fluid from them."
Chicken Pox,I have seen rashes on my arms and neck and it itches if I scratch them. I've also had a high fever for a few days. I have no idea what is causing it. The itching is causing me a lot of discomforts.
Chicken Pox,"My lymph nodes are swollen, causing discomfort in my neck and armpits. I don't know what's causing it."
Pneumonia,"With a high temperature, shortness of breath, sweating, chills, and intense exhaustion, I've been feeling quite poorly. I've been coughing up a lot of brownish phlegm and my pulse rate is racing."
Migraine,"I have been experiencing digestive issues, including acidity and indigestion, as well as regular headaches and distorted vision, excessive hunger, a stiff neck, depression, irritability, and visual disturbance."
Acne,"When I awoke this morning, I saw a severe rash across my skin. There are many pus-filled pimples and blackheads all over the place. My skin has also been shifting a lot."
Acne,I woke up this morning to find a really nasty rash on my skin. There are a ton of blackheads and pimples that are filled with pus. My skin has also been really scurrying.
Gastroesophageal Reflux Disease,I feel uneasiness after eating and usually vomit whatever I've eaten. I always have this pain in my abdomen and have really bad acid reflux
Cervical Spondylosis,"I've been battling with back pain, a dry cough, and limb weakness. I've been feeling dizzy and unstable on my feet, and my neck hurts."
Diabetes,My wound is recovering more slowly now. Both my hands and feet are tingling and going numb. I feel very weak
Impetigo,"I've observed that the lesions on my face are healing slower and are more prone to infection. The lesions on my cheeks are huge, unpleasant to the touch, and incredibly difficult to treat. I can't seem to get these sores to go away."
Gastroesophageal Reflux Disease,"Especially after eating, my throat frequently feels scorching. I occasionally get a bitter or sour aftertaste that makes me feel sick."
Diabetes,My wound is healing slowly and at a slower rate. My hands and feet are numb and tingling at the same time.
Peptic Ulcer Disease,Constipated and diarrheal bowel motions have been happening to me. I frequently have a lack of energy and appetite.
Acne,"A nasty rash has just appeared on my skin. Blackheads and pimples packed with pus are everywhere. Additionally, my skin has been extremely sensitive."
Varicose Veins,Standing or walking for long periods of time has been causing a lot of pain in my legs. It feels like a cramp and becomes worse the longer I am on my feet.
Gastroesophageal Reflux Disease,"I have heartburn and indigestion. I regularly throw up everything I eat, and swallowing is difficult for me since food gets stuck in my throat. I'm experiencing pain in my upper abdomen."
Common Cold,"I've been wheezing a lot and am generally feeling sick and exhausted. My throat feels really scratchy, and a lot of gross stuff is flowing out of my nose. My neck also feels bloated."
Psoriasis,"My skin is breaking out in rashes. When I scratch or rub the rash, it frequently bleeds. In addition, I've observed little dents in my nails. There is a noticeable inflammation in my nails."
Dimorphic Hemorrhoids,"I've been constipated and it's really hard to go to the bathroom. When I do go, it hurts and my stool has been bloody. I've also been having some pain in my butt and my anus has been really itchy and irritated."
Malaria,"Strong itchiness, chills, nausea, and a high temperature have been plaguing me. Besides having a headache, I'm also perspiring a lot. My muscles are quite sore, and I feel sick."
Drug Reaction,"My entire body itches, and I have rashes on my back and chest. Sometimes my skin might be dry and flaky, which often results in body stains."
Peptic Ulcer Disease,"My mouth is filled with a sour, acidic flavour. I have frequent belching and burping. My upper abdomen has felt pressed in or full for the past few hours."
Hypertension,"I have been experiencing symptoms such as a headache, chest pain, dizziness, loss of balance, and difficulty focusing."
Drug Reaction,My tongue also has a metallic aftertaste in addition to a change in taste and scent. occasionally get acute muscle and joint ache
Cervical Spondylosis,"I have been suffering from back pain, a dry cough, and a lack of strength in my muscles. My neck is sore and I have been feeling dizzy and unsteady on my feet"
Drug Reaction,"Both chest pain and extreme nausea are present. Recently, my chest has been hurting. I frequently shiver a lot and am really anxious."
Arthritis,"My neck has been extremely tight and my muscles have been feeling extremely weak. My joints have been swollen and I've been walking around with a lot of stiffness. Additionally, walking has been extremely uneasy."
Allergy,"I always feel worn out, have unpleasant taste in my mouth, and have a really itchy throat. My muscles are also hot and hurting. Sometimes my whole body just cramps up."
Hypertension,"I instantly experienced a headache, chest pain, and dizziness while working out. Since then, it has been challenging for me to keep my balance."
Cervical Spondylosis,"I've been experiencing back pain, a persistent cough, and numbness in my arms and legs. I've been having trouble staying balanced and managing my vertigo, and my neck hurts."
Allergy,"My throat always tickles, and I'm worn out. Additionally, my skin has started to feel dry. Ocular inflammation occasionally affects me."
Diabetes,"My mouth and throat are dry. Additionally, I've been growing increasingly hungry. However, I do get periodic bouts of exhaustion."
Chicken Pox,I have red spots on my arms and legs and itching them makes it difficult for me to sleep at night. I also have severe headaches and a mild fever.
Cervical Spondylosis,"Backache, a difficulty breathing, and limb weakness have been bothering me. I have balance and dizzy concerns, and my neck suffers."
Impetigo,My cheeks and nose are covered with red sores. I've observed that the rash on my neck and chest is spreading faster. I am also developing a mild fever.
Chicken Pox,"I've had a high fever for the past few days. I don't know what's causing it. Also, I noticed rashes on my skin and it's hard for me to resist scratching."
Acne,"A skin rash with several pus-filled pimples and blackheads has been bothering me lately. Additionally, my skin has been scurring a lot."
Varicose Veins,"I have noticed that the blood vessels in my legs are getting more noticeable than usual. It is a little concerning to me. Moreover, I am experiencing cramps every day."
Typhoid,"I have had a fever for the last couple of days. Now, I am starting to experience a severe pain in my stomach area and suffering from constipation."
Jaundice,"I have been experiencing severe itching, vomiting, fatigue, and weight loss. My fever is high and my skin has turned yellow. My urine is dark and I have been experiencing abdominal pain"
Drug Reaction,"I have itching all over my body, and rashes in my chest and back. I get flaky skin from time to time and often this leaves marks on my body."
Gastroesophageal Reflux Disease,"I always have foul breath and a sour taste in my mouth, and occasionally, the tingling in my throat makes it difficult to swallow meals."
Hypertension,"I have been experiencing chest pain, dizziness, and a headache that feels like a continual pressure in my forehead."
Psoriasis,"I've seen a sudden peeling of skin on various regions of my body, mostly my arms, legs, and back. In addition, I have significant joint pain and skin rashes. The rash is spreading to different parts of my body."
Fungal Infection,"I've had a pretty uncomfortable itch all over my body, as well as red and bumpy areas on my skin. There are also certain patches of my skin that are a different hue than the rest of it, and I've had some pimples that resemble little balls."
Arthritis,"I've been experiencing muscular weakness and stiffness in my neck recently. My joints have enlarged, making it difficult for me to move. Walking has also been difficult."
Peptic Ulcer Disease,"I feel bloated and uneasy at the same time. I've been losing weight, and I no longer like eating. I occasionally get bloody vomit and dark, tarry stools."
Malaria,"Along with a high fever, I've had chills, vomiting, and severe itching. Besides having a headache, I'm also perspiring a lot. I've been terrible with nausea and muscle ache."
Dengue,"I am experiencing very high fever and chills every night. It is really concerning me. Moreover, I don't feel like eating anything and my back, arms, legs pain a lot. There is a strange pain behing my eyes. I can't do any physical activities."
Urinary Tract Infection,"I have pain in my abdomen, and often get feverish. I have sudden and strong urges to pee. The pain is almost constant, and often increases at night time. My pee almost always has a foul smell"
Bronchial Asthma,"I've been having issues with exhaustion, a dry cough, and breathing. I have a very high fever and have been coughing up a lot of thick, mucoid phlegm."
Dimorphic Hemorrhoids,I've been having trouble going to the bathroom. It's been really hard to go and it hurts when I do. My anus is really sore and it's been bleeding when I go. It's really painful and I'm really uncomfortable.
Gastroesophageal Reflux Disease,"I frequently have indigestion and heartburn, especially after eating spicy or fatty foods. My chest hurts when I lean forward or while I'm lying down. Additionally, my chest hurts a lot."
Chicken Pox,"I have swollen lymph nodes and red spots all over my body, and they are causing discomfort. I also have a mild fever and feel tired most of the time."
Varicose Veins,I have been experiencing a rash on my legs that is causing a lot of irritation and discomfort. It is red and inflamed and appears to be spreading.
Dimorphic Hemorrhoids,I've been having a really hard time going to the bathroom lately. It's really painful when I try to go and my anus hurts a lot. There's also been some blood in my stool and my anus has been really itchy.
Gastroesophageal Reflux Disease,"I don't feel like eating, and swallowing is challenging. Even after eating little meals, I frequently get this lingering sense of fullness. Typically, I have heartburn, nausea, and tingling in my throat."
Drug Reaction,I am experiencing a decrease in my sex drive and difficulty to fucntion sexually. I feel very light headed and confused and often experince brain fog
Migraine,"In addition to recurrent headaches and blurred vision, increased appetite, a stiff neck, sadness, irritability, and visual disturbance, I have been having stomach problems, including indigestion and acidity."
Varicose Veins,"The prominent veins on my calves are causing self-consciousness and embarrassment. They are swollen and protrude from my skin, making them very noticeable."
Chicken Pox,"I have little red spots all over my body that I don't understand. It worries me. I have lost my appetite and every night, I am exhausted and have a severe headache."
Typhoid,"I am experiencing constipation and stomach ache, which has been really difficult. The discomfort has gotten worse, and it is seriously interfering with my everyday life."
Peptic Ulcer Disease,"Bending down or reclining down only makes my stomach feel more. I have pain after eating some foods, such as hot or acidic food. I occasionally get loose stools as a result of this."
Psoriasis,"There is a silver like dusting on my skin. Moreover, the skin on my arms and back are starting to peel off. This is strange and really concerning me."
Fungal Infection,There are now red blotches all over my body where I have been itching horribly all over. A few of the patches also differ in complexion from my natural skin. And these lumps or bumps have developed on my skin.
Varicose Veins,"My calves have been cramping up when I walk or stand for long periods of time. There are bruise marks on my calves, which is making me worried. I feel tired very soon."
Fungal Infection,"Doctor, I have these red rashes that keep popping up and my skin is continuously itching. In addition, I've observed some odd color-different spots on my skin, as well as some little nodules on my skin that appear to be expanding."
Diabetes,"I have trouble breathing, especially when exercising. I'm flushed and sweating in an unexpected way. I have yeast infections a lot."
Urinary Tract Infection,My pee smells strongly and is cloudy in appearance. I've had high temperatures and a regular urge to urinate at night since these symptoms first materialised.
Hypertension,"Along with chest pain, dizziness, and a headache that feels like a narrow zone around my head, I have been having a lot of trouble."
Acne,My skin has now developed a revolting rash. There are pus-filled pimples and blackheads everywhere. My skin has also been really sensitive.
Allergy,"My skin is red and scratchy. These can occasionally flake. My cheeks and lips swell, which is really annoying. I occasionally have headaches and runny eyes because to the puffing."
Fungal Infection,"On my arms and legs, I have a lot of red pimples and itchy skin. My skin also has a few odd-looking lesions. And occasionally there are bumps that are somewhat uncomfortable."
Peptic Ulcer Disease,"I have persistant, gnawing hunger and apetite. Sometimes I get abdominal cramps and spasms. There is bloating and gas after eating which causes me a great deal of uneasiness"
Bronchial Asthma,"I've been feeling really ill lately. I've had this persistent cough and difficulty breathing, and my fever has been off the charts. I'm also feeling extremely exhausted, and I've been producing a lot of mucus when I cough. It's just been so overwhelming to deal with all of these symptoms"
Bronchial Asthma,"I have been feeling extremely tired and weak, and I've also been coughing a lot with difficulty breathing. My fever is very high, and I'm producing a lot of mucus when I cough."
Bronchial Asthma,"I've been having a tough time with this constant cough, difficulty breathing, and fatigue. My fever is high, and I've been coughing up a lot of thick, mucoid sputum. It's all been rather draining and exhausting, and I'm feeling quite sick at the moment."
Psoriasis,"Because of dry, flaky areas on my skin, I am prone to infections. My joints are in excruciating agony. The skin on my knees and elbows is beginning to flake."
Drug Reaction,"Chest pain and severe nausea are present. Recently, my chest has been hurting. I tremble a lot and am quite anxious."
Hypertension,"I've been experiencing balance issues, a headache, chest pain, and dizziness. My ability to concentrate and focus has also been challenging."
Varicose Veins,"The cramps in my calves are becoming more frequent and intense, making it difficult for me to walk and do my daily activities."
Typhoid,"I've been feeling exhausted and weak, and I can't seem to get rid of it. Because of the vomiting and nausea, I've entirely lost my appetite. My belly pains which are causing me concern."
Common Cold,"My sinuses feel stuffy, and my eyes have been quite red. I simply lack energy, and my throat has been really scratchy. Along with the swelling in my lymph nodes, I've also been coughing up a lot of phlegm."
Typhoid,I am having severe stomach discomfort and diarrhoea. I have a high fever along with a headache. The previous several days have been really unpleasant.
Cervical Spondylosis,"Back ache, a chronic cough, and limb weakness have been bothering me. I have troubles with disorientation and balance loss, and my neck hurts."
Common Cold,"I've been quite exhausted and ill. My throat has been quite painful, and I've had a fairly nasty cough. I've got a lot of chills and a pretty high temperature. Simply put, I feel really run down and feeble."
Fungal Infection,"I've been quite itchy recently, and I have rashy patches all over my skin. There are also certain regions that are darker in colour than the rest of my skin, and I've got some firm lumps."
Drug Reaction,"I've gained a lot of weight and am now quite fat. My appetite varies, and I have desires for various things."
Diabetes,My throat and mouth are dry. I've also been feeling more hungry and more hungry. But sometimes I do feel quite exhausted.
Drug Reaction,"I've noticed a difference in my monthly cycle and an unexpected vaginal discharge. I become irritable every now and again, and my moods swing a lot."
Urinary Tract Infection,"I have to go to the bathroom a lot, but generally only a few drops of urine come out. I have severe stomach pains and an overwhelming want to urinate."
Bronchial Asthma,"I've had a persistent cough for days, and I also have breathing problems. I'm so weak and exhausted, and my fever is through the roof. It's been very difficult to manage all of these symptoms, and I've also been coughing up a lot of mucus. I'm becoming so angry over everything."
Typhoid,"I have been getting a headache for the past week that has been growing worse. It has been accompanied by stomach pains, constipation, and diarrhea. I don't know what is happening and I am really worried about it."
Typhoid,"I have had some constipation and belly pain, which has been really uncomfortable. The pain has been getting worse and it's really affecting my daily life."
Acne,I've just developed a skin rash with several pus-filled pimples and blackheads. My skin has also been quite sensitive.
Pneumonia,"My temperature is very high, and I'm having a hard time breathing. I'm sweating profusely, and I'm shaking with chills. I'm really tired, and my heart is beating really fast. I also have some brownish phlegm coming up"
Arthritis,My neck has been extremely tight and my muscles have been feeling extremely weak. It is difficult for me to move around without becoming stiff due to my swollen joints. Walking has also been extremely uncomfortable.
Diabetes,"I have breathing problems, especially when I'm outside. I'm suddenly flushed and perspiring. I experience yeast infections and urinary tract infections rather regularly."
Diabetes,I often feel the want to urinate and experience these intense desires. I often feel dizzy and confused. I also lost my sight.
Peptic Ulcer Disease,"Both my appetite and ongoing hunger are fierce. There are times when my stomach hurts and cramps. Following a meal, I have very painful gas and bloating."
Varicose Veins,The skin on my calves has become inflamed and red. My legs hurt if I try to run or do any physical activities.
Typhoid,"The diarrhea has been quite fluid and smelly, and it has been accompanied by severe abdominal pain and headache. Most of the time, I feel like vomiting."
Bronchial Asthma,"My persistent cough, breathing problems, and exhaustion have been making things difficult for me. I've been producing copious amounts of thick, mucoid sputum while also having a high fever. I'm currently feeling fairly ill because everything has been so tiring and exhausting."
Psoriasis,"I have been experiencing a skin rash on my arms, legs, and torso for the past few weeks. It is red, itchy, and covered in dry, scaly patches."
Dimorphic Hemorrhoids,"I've been having a lot of problems using the restroom recently. It's been excruciatingly uncomfortable, and I've been feeling agony in my anus. My stool has been bloody as well, and my anus has been really inflamed."
Allergy,"I have respiratory issues and experience breathlessness. My face and torso are swollen, my eyes are itching, and I have a dry, hacking cough."
Psoriasis,"I am starting to have rashes on my skin. The rash often bleeds when I scratch or rub it. Moreover, I have noticed small dents in my nails."
Varicose Veins,I am overweight and have noticed that my legs are swollen and the blood vessels are visible. My legs have swollen and I can see a stream of swollen veins on my calves.
Pneumonia,"I'm dripping with perspiration and can't seem to catch my breath. My throat is filled with a lot of phlegm, and I feel awful. My heart is pounding, and my chest aches. I'm coughing up a stringy, brownish mucous."
Typhoid,"Because of the vomiting and diarrhea, I've been having a lot of difficulties staying hydrated. There is a mild fever, too, as well as stomach pain."
Typhoid,"I have developed diarrhea. It is accompanied by severe pain in my belly area. I don't feel like eating anything, and most of the time, I have a mild headache."
Psoriasis,"I'm having joint discomfort in my fingers, wrists, and knees. The pain is frequently aching and throbbing, and it worsens when I move my joints."
Common Cold,"I'm coughing nonstop and I'm shivering terribly. I have a stuffy nose and my face is under strain. In addition, my throat is coughing up some nasty gunk, and my chest hurts. My muscles hurt a lot, and I can't smell anything."
Common Cold,"My nose always feels stuffy and congested, and my eyes are always red and itching. I have a feeling of being unwell and fatigued, and I keep hacking up this gunk. I have a scratchy, irritated throat, and I've seen that my neck's bumps are larger than usual."
Cervical Spondylosis,"Back pain, a dry cough, and stiffness in my arms and legs have been bothering me. I've had problems staying balanced and experience dizziness, and my neck hurts."
Bronchial Asthma,"I've been experiencing a high fever, a persistent cough, and shortness of breath. I've also been producing a lot of thick, mucoid sputum, and I'm feeling very tired and weak."
Pneumonia,"I'm drenched with sweat and struggling to breathe. I don't feel well and have a lot of mucous in my throat. My chest aches, and my heart is racing. I'm coughing up mucus that is crimson in colour."
Jaundice,"I've been feeling really scratchy, dizzy, and worn out. In addition, I've lost weight and have a temperature. My urine is dark, and my skin has turned yellow. Additionally, I get stomach pain."
Jaundice,"I have been suffering from itching, vomiting, and fatigue. I have also lost weight and have a high fever. My skin has turned yellow and my urine is dark. I have also been experiencing abdominal pain"
Migraine,"Along with distorted eyesight, excessive appetite, a painful neck, melancholy, irritability, and regular headaches, I have also been experiencing acid reflux, indigestion, and regular headaches."
Chicken Pox,"There are red spots all over my body that I can't explain. The spots are itchy and starting to swell, and they are spreading rapidly."
Dengue,My shivers and shivering have been accompanied with a sensation of coldness and a very high fever. Rashes on my arms and red patches on my neck have also appeared.
Typhoid,"I have lost my appetite and have noticed a significant weight loss. I have abdominal pain, especially in the area of my stomach and intestines. I am concerned about my health."
Gastroesophageal Reflux Disease,"I frequently have heartburn and indigestion, particularly after consuming spicy or fatty foods. When I lie down or stoop over, my chest discomfort worsens. My chest hurts quite a bit too."
Arthritis,"Lately, I've been having stiffness and weakness in my neck muscles. Since my joints have matured, it is difficult for the American state to operate without becoming stiff. Furthermore, walking has been quite painful."
Gastroesophageal Reflux Disease,"I have a feeling of food or acid backing up into my throat. I chest pain which gets worse if I lie down. I get frequent heartburn or indigestion, after eating food and vomit it out"
Varicose Veins,The veins in my legs are causing discomfort and difficulty sleeping at night. I have no idea why it is happening. I get cramps when I sprint.
Cervical Spondylosis,"I've had back pain, a cough that won't go away, and limb weakness. I've been experiencing neck pain, instability, and balance concerns."
Gastroesophageal Reflux Disease,"I have frequent belching and burping. I have chest pain that often radiates to the back of my neck, jaw and arm. I get a feeling of tightness and pressure on my chest"
Common Cold,"I've been feeling awful, with a lot of congestion and a runny nose. I've been coughing a lot and having a lot of chest pain. My fever has been really high, and I've been experiencing severe muscular discomfort."
Impetigo,"I am experiencing skin rashes with burning sores. The blistering sores are fluid-filled, elevated, red colored lesions that are unpleasant to touch. I also have a high fever."
Diabetes,"I have trouble breathing, especially outside. I start to feel hot and start to sweat. I frequently have urinary tract infections and yeast infections."
Psoriasis,"My genital skin is red and irritated. It is frequently irritating, burning, and unpleasant. There are also rashes in various places of the body. Also, I have a strange pain in my joints."
Peptic Ulcer Disease,"I have both bloating and unease. I no longer like eating because I've been losing weight. I sometimes vomit blood and have tarry, black stools."
Acne,I awoke this morning to see that I had a horrible rash all over my skin. There are several blackheads and pimples loaded with pus. My skin has also been scurrying about.
Impetigo,"I believe I have some skin disease. There are rashes on my face and small sores near my nose. The sores have become red, and painful and some kind of a yellow ooze discharges from them."
Hypertension,"I suddenly experienced a headache, chest pain, and dizziness in the middle of a conference. Since then, it has been challenging for me to concentrate and focus on the topic."
Malaria,"I've had a high fever, chills, and intense itching. In addition, I have a headache and am perspiring a lot. I've been in a lot of agony from muscle ache and nausea."
Chicken Pox,"I've had a high fever for the past few days, and it's starting to worry me. I don't know what's causing it. Also, I have red spots all over my arms and legs, some of which are swollen."
Fungal Infection,"All over my body, I've been scratching so much that my skin has become red and developed pimples. Additionally, I occasionally get these nodules that resemble little pimples, as well as these strange patches that are a different hue from the rest of my skin."
Migraine,"I've been grumpy and gloomy lately, and I've also noticed a change in my vision."
Pneumonia,"I've been experiencing chills, feeling worn out, and I can't seem to get rid of this cough. When I cough, my chest aches and my heart feels as like it is beating a million miles per hour. I'm coughing up a nasty rust-colored phlegm."
Chicken Pox,There are small red spots all over my body that I can't explain. The bumps are itchy and uncomfortable and seem to spread rapidly. It's worrying me.
Allergy,"I often sneeze and have a sore throat. My lips and the area around my eyes occasionally swell. Once I start sneezing, I just can't stop."
Bronchial Asthma,"With my persistent cough, respiratory issues, and exhaustion, I've been struggling. I have a high fever and have been producing a lot of thick, mucoid sputum while coughing. I currently feel rather sick as a result of how draining and tiresome everything has been."
Urinary Tract Infection,"My stomach hurts, and I frequently acquire a temperature. I experience sudden, intense cravings to urinate. The discomfort is virtually always there and frequently gets worse at night. My pee nearly always smells bad."
Impetigo,I have a high fever. There are red sores developing near my nose. The sores are painful and have yellow rust-colored ooze coming out from them.
Common Cold,I'm constantly sneezing and my body is shaking from being cold. I'm so tired I can barely move and my head is killing me. My fever is through the roof
Cervical Spondylosis,"Along with a phlegmy cough and muscle weakness, I've been dealing with excruciating back pain. In addition to feeling woozy and shaky on my feet, my neck has been hurting."
Pneumonia,"I've been having a lot of respiratory issues lately along with chills, exhaustion, a cough, and a high temperature. I've been sweating profusely and generally feeling ill and weak. My chest aches, and my heart has been racing rapidly."
Cervical Spondylosis,"I have been experiencing intense back pain, a dry cough, and a lack of strength in my limbs. My neck hurts and I have been feeling dizzy and unsteady on my feet."
Migraine,"Along with headaches, indigestion, acid reflux, excessive appetite, a sore neck, sadness, impatience, and visual disturbance, I have also been experiencing blurred and distorted vision."
Acne,I just developed a really nasty rash on my skin. There are tons of blackheads and pimples that are filled with pus. My skin has also been really scurrying.
Gastroesophageal Reflux Disease,I regularly feel sick after eating and puke up the entire meal. I constantly get horrible acid reflux agony and stomach discomfort.
Pneumonia,"I'm sweating profusely and finding it difficult to catch my breath. I feel quite ill, and my throat is very mucous. My heart is pounding, and my chest aches. I'm coughing up thick mucous that resembles rust."
Psoriasis,"I've had trouble falling asleep because of the rash's pain and itching. The skin on my fingers are starting to peel off. My nails have a few tiny cracks, which is really worrying."
Jaundice,"I've been feeling extremely scratchy, sick, and worn out. In addition, I've lost weight and have a temperature. My urine is dark, and my skin has turned yellow. Additionally, I've been having stomach pain."
Peptic Ulcer Disease,"Bloating and unease are both present in me. I've been losing weight and losing interest in food. I occasionally get tarry, black stools and vomit that contains blood."
Diabetes,I frequently feel the want to urinate and frequently have these strong cravings. I frequently feel woozy and bewildered. I've also had sight loss.
Urinary Tract Infection,I occasionally urinate with blood in it and occasionally feel queasy while doing so. Help! I also occasionally get high temps at night and have a terrible odour coming from my pee.
Fungal Infection,"I've had a lot of itching on my skin, which occasionally turns into a rash. There are also some odd patches of skin that are a different hue than the rest of me, and I occasionally get little pimples that resemble nodules."
Arthritis,"Recently, the muscles in my neck have become tight and weak. It's difficult for me to run now since my joints are older without getting tight. The act of walking has also been quite unpleasant."
Allergy,I always get a tickle in my throat and feel fatigued. My skin has begun to feel dry as well. I have ocular edema on occasion.
Urinary Tract Infection,"I regularly vomit and get pelvic pain. There is occasionally blood in my pee, and it occasionally has an absolutely intolerable odour. I occasionally have trouble falling asleep because of my migraines."
Peptic Ulcer Disease,"I've lost a lot of stuff because of my bloody stools, including iron and bloos. As a result, I now have anaemia and generally feel rather weak."
Bronchial Asthma,"Mom, Dad, I've been feeling really tired and weak lately, and I've had this cough that just won't go away. It's been hard for me to catch my breath, and my fever has been really high. When I cough, I've been producing a lot of mucus."
Migraine,"Along with excessive appetite, a stiff neck, headaches, indigestion, and acid reflux, I've also been experiencing sadness, impatience, and visual distortion."
Gastroesophageal Reflux Disease,"It feels like food or acid is backing up in my throat. My chest discomfort only becomes worse while I'm lying down. After eating, I frequently have heartburn or indigestion and throw up."
Arthritis,"My muscles have been feeling really weak, and my neck has been extremely tight. I have swollen joints and find it difficult to move about without becoming stiff. It has also been really uncomfortable to walk."
Fungal Infection,"I've been experiencing a lot of itching, which has been accompanied with a rash that appears to be growing worse over time. There are also certain areas of skin that are different colours from the rest, and I've spotted several lumps that resemble little nodes."
Acne,I've been noticing a really nasty rash on my skin lately. It's covered in blackheads and pimples that are packed with pus. My skin has also been really scurrying.
Cervical Spondylosis,"I have been dealing with back pain, a persistent cough, and weakness in my limbs. My neck is sore and I have had issues with dizziness and loss of balance."
Typhoid,"I'm having severe stomach pain and constipation. Every night, I get a headache and chills. The last few days have been really painful."
Diabetes,"My vision is blurry, and it feels like it's getting worse. All the time, I feel worn out and fatigued. I occasionally have extreme lightheadedness and vertigo as well."
Dengue,"The fatigue I have been feeling is extreme and makes it difficult for me to perform even basic tasks. I feel vomitting and developed rashes on my arms, neck and legs."
Common Cold,"I'm constantly sneezing, and the cold is making my body tremble. I'm so exhausted that I can hardly move, and my head hurts. My fever is quite high."
Drug Reaction,"Sometimes my skin starts to flake off from my rashes. I'm more prone to becoming sick as a result. On occasion, my hands begin to quiver and I begin to tremble."
Migraine,"In addition to having a stiff neck and eye issues, I have been always hungry."
Varicose Veins,The swelling in my legs is causing me to have difficulty fitting into my shoes and is causing discomfort when I sit for long periods of time.
Diabetes,"I frequently feel the want to urinate and have these strong cravings. I get woozy and disoriented a lot. Moreover, I have lost my vision considerably"
Jaundice,"I've been losing weight, feeling really fatigued, and throwing up a lot. My skin has become yellow, and I have a severe fever. I have dark urine, and I've been having stomach pain."
Malaria,"Along with a high fever, I've had chills, vomiting, and severe itching. Along with my headache and excessive sweating, I've been feeling awful with nausea and muscle ache."
Migraine,"I have been suffering from acid reflux, indigestion, frequent headaches, and impaired vision, as well as excessive hunger, a sore neck, depression, irritability, and visual disturbance."
Cervical Spondylosis,"Back pain, a productive cough, and limb weakness have been bothering me. I have balance and dizzy concerns, and my neck hurts."
Hypertension,"I've been experiencing dizziness and shakiness, as well as a loss in my attention span and ability to concentrate."
Fungal Infection,"My skin always itches, and occasionally it becomes quite rough and red. In addition, I occasionally get little pimples that resemble tiny balls and certain spots that are a different colour from the rest of my skin. It severely irritates me and itches."
Dimorphic Hemorrhoids,"I've been experiencing problems using the restroom recently. It's quite difficult for me to go, and it hurts when I do. I've also been experiencing buttock soreness and bloody stools. My anus has also been quite itching and sensitive."
Common Cold,I've been feeling really exhausted and sick to my stomach. I've had a really bad cough and my throat has hurt a lot. I've experienced substantial sinus pressure and a congested nose. I'm really unpleasant and worn out.
Dimorphic Hemorrhoids,"Constipation, discomfort with bowel motions, and anus pain have all recently been bothering me. My anus has been quite inflamed, and my stool has been extremely bloody."
Migraine,"Along with eyesight problems, increased appetite, a sore neck, melancholy, irritability, and regular headaches, I have also been experiencing acid reflux, indigestion, and frequent migraines. My regular activities have been made more challenging by these symptoms, which have been causing me a great deal of distress."
Arthritis,I've been feeling really weak in my muscles and my neck has been really stiff. My joints have been swelling up and it's hard for me to move around without feeling stiff. Walking has been really painful too.
Peptic Ulcer Disease,I've been experiencing bowel movements that are both constipated and diarrhoeic. I often lack the will to eat and energy.
Gastroesophageal Reflux Disease,"I have a chronic bad breath and a sour taste in my mouth, It sometimes gets difficult to swallow food because of this tingling sensation in my throat"
Varicose Veins,The blood vessels on my legs are quite visible and give me a lot of pain. They're large and protrude from my skin. It is unusual and I am worried about it.
Varicose Veins,"The skin around the veins on my legs is red, inflamed, and itchy. It is causing a lot of discomforts and I am starting to get regular cramps."
Dimorphic Hemorrhoids,"I've been experiencing a lot of bowel movement issues recently. It's difficult to go, and it hurts when I do. My anus is quite painful, and it has been bleeding whenever I go. It's excruciatingly painful, and I'm quite uneasy."
Peptic Ulcer Disease,I have a strong appetite and am constantly hungry. My stomach occasionally aches and cramps. I have really painful gas and bloating after eating.
Dimorphic Hemorrhoids,"Recently, I've been having a lot of discomfort and difficulty using the restroom. Additionally, I've noticed that my anus has been quite sore and that my stool has been bloody."
Dimorphic Hemorrhoids,"Recently, I've been having a lot of difficulty using the restroom. When I do, it hurts a lot, and I've noticed some blood in my stool. Around my anus, I've also been experiencing some discomfort and itching."
Migraine,"I have been enduring frequent headaches, blurred vision, excessive appetite, a sore neck, anxiety, irritability, and digestive difficulties including indigestion and acid reflux."
Pneumonia,"I'm having a lot of trouble breathing and am really uneasy. I'm feeling unwell and am perspiring a lot. My chest hurts and I have a lot of mucus in my throat. My heart is racing, and the hue of the mucus I'm coughing up is off."
Cervical Spondylosis,"I have been experiencing severe back pain, a persistent cough, and weakness in my limbs. My neck also hurts and I have been feeling dizzy and off balance."
Acne,My skin has recently been severely rashy. Blackheads and pus-filled pimples have blocked it. My skin has been quite delicate as well.
Chicken Pox,"I've been suffering from severe itching all over my body, and it's driving me insane. I also have a red and irritating rash."
Pneumonia,"I'm having problems breathing and have a very high fever. I'm perspiring a lot and experiencing extreme fatigue and chilly. My heart is racing, and I'm coughing up some brownish mucus."
Dengue,I have been experiencing a severe headache that is accompanied by pain behind my eyes. I have lost my apetite and experience chills every night.
Acne,"My skin has merely developed an uninherited rash. It has a lot of pus-filled pimples and blackheads. Furthermore, my skin has been quite sensitive."
Psoriasis,"My palms and soles have grown and developed severe fissures. These cracks are unpleasant and frequently bleed. Also, the skin is starting to peel off."
Psoriasis,"My nails have small dents or pits in them, and they often feel inflammatory and tender to the touch. Even there are minor rashes on my arms."
Dengue,"I've been feeling sick and feel a strong need to vomit. There is a sharp ache behind my eyes, and swollen red dots all over my back."
Jaundice,"Strong itchiness and nausea have been bothering me. I have also lost weight and am really exhausted. I have a high fever, and my skin is becoming yellow. In addition to feeling stomach ache, my pee is black."
Cervical Spondylosis,"Back pain, a chronic cough, and muscle weakness have been bothering me. I have concerns with dizziness and losing my position, and my neck hurts."
Malaria,"I have a high temperature, vomiting, chills, and severe itching. In addition, I've been perspiring a lot and have a headache. I've also been bothered by nausea and muscle ache."
Dimorphic Hemorrhoids,"I've been having a lot of trouble going to the bathroom lately. It's really painful when I do, and there's been some blood in my stool. I've also been having some pain and irritation around my anus."
Pneumonia,"I've got a high fever and can't seem to catch my breath. I've been sweating profusely and generally feeling ill and weak. I've also had some quite thick and black phlegm. My chest aches, and my heart has been racing rapidly."
Arthritis,I've been feeling truly frail in my muscles recently and my neck has been truly solid. It has been difficult for me to move around because my joints have been swelling. Walking has also been extremely painful.
Acne,"My skin has developed a horrible rash. There are blackheads and pus-filled pimples everywhere. Furthermore, my skin has been exceedingly sensitive."
Malaria,"I have a high fever, severe itching, chills, and vomiting. I also have a headache and have been perspiring a lot. Additionally hurting me have been nausea and muscle soreness."
