case_id,patient_synthetic_id,family_id,concept_id,template_id,age,gender,patient_language,chief_complaint,symptoms,normalized_clinical_concepts,duration_hours,pain_score,medical_history,allergies,pregnancy_status,vitals_heart_rate_bpm,vitals_systolic_bp,vitals_diastolic_bp,vitals_spo2_percent,vitals_temperature_c,vitals_respiratory_rate_bpm,rule_based_red_flags,provisional_urgency_label,missing_information,requires_healthcare_worker_review,is_synthetic,is_validated,clinical_use,purpose,clinical_disclaimer
CASE-V3-00001,PAT-V3-00001,FAM_GRN_06,CONCEPT_MILD_DYSPEPSIA,FAM_GRN_06_T02,45,OTHER,en,Sour belching and warm sensation behind chest bone after spicy tea,"Warm feeling rising to throat, disappears on standing and drinking water, no exertion pain, lungs clear",gastroesophageal_reflux_mild; waterbrash; retrosternal_warmth,24.0,3.0,dyslipidemia,none_known,not_applicable,79.0,112.0,83.0,99.0,37.0,18.0,NONE,GREEN,none,true,true,false,prohibited,offline_technical_pipeline_validation,SYNTHETIC_DATA_UNVALIDATED_FOR_STRUCTURAL_TESTING_ONLY_DO_NOT_USE_FOR_CLINICAL_DECISION_MAKING
CASE-V3-00002,PAT-V3-00002,FAM_YEL_10,CONCEPT_ACUTE_DIVERTICULITIS,FAM_YEL_10_T01,65,OTHER,hi,"पेट के निचले बाएं हिस्से में लगातार दर्द, हल्का बुखार और पेट फूलना","बाईं तरफ छूने पर भारी दर्द, शौच जाने में तकलीफ, दो दिन से शरीर गर्म",left_lower_quadrant_pain; persistent_tenderness; low_fever; altered_bowels,72.0,5.0,coronary_artery_disease,penicillin,not_applicable,88.0,148.0,85.0,99.0,38.7,22.0,NONE,YELLOW,none,true,true,false,prohibited,offline_technical_pipeline_validation,SYNTHETIC_DATA_UNVALIDATED_FOR_STRUCTURAL_TESTING_ONLY_DO_NOT_USE_FOR_CLINICAL_DECISION_MAKING
CASE-V3-00003,PAT-V3-00003,FAM_YEL_15,CONCEPT_HEAD_INJURY_CONCUSSION,FAM_YEL_15_T05,46,OTHER,or,ଆଲମାରୀରେ ମୁଣ୍ଡ ପିଟି ହୋଇ କ୍ରମାଗତ ଅସହ୍ୟ ମୁଣ୍ଡବିନ୍ଧା,"ମୁଣ୍ଡ ଉପରେ କଳା ଦାଗ, ହାଲୁକା ମୁଣ୍ଡ ଘୁରାଇବା, ବାତ ନାହିଁ କିମ୍ବା ହାତଗୋଡ଼ ଦୁର୍ବଳ ନୁହେଁ",minor_closed_head_injury; scalp_bruising; observation_candidate,1.0,8.0,type_2_diabetes,none_known,not_applicable,95.0,130.0,88.0,98.0,36.7,16.0,NONE,YELLOW,none,true,true,false,prohibited,offline_technical_pipeline_validation,SYNTHETIC_DATA_UNVALIDATED_FOR_STRUCTURAL_TESTING_ONLY_DO_NOT_USE_FOR_CLINICAL_DECISION_MAKING
CASE-V3-00004,PAT-V3-00004,FAM_YEL_11,CONCEPT_PELVIC_INFLAMMATORY_DISEASE,FAM_YEL_11_T03,36,MALE,hi,"निचले पेट के दोनों तरफ दर्द, पेशाब में तेज जलन और बुखार","पेल्विस की हड्डी के ऊपर दर्द, सीधा खड़ा नहीं हुआ जा रहा, 38.6 डिग्री तापमान",pelvic_peritonitis_localized; lower_quadrant_guarding; pyrexia,48.0,7.0,dyslipidemia,"dust_mites, pollen",not_applicable,93.0,119.0,79.0,99.0,38.8,20.0,NONE,YELLOW,none,true,true,false,prohibited,offline_technical_pipeline_validation,SYNTHETIC_DATA_UNVALIDATED_FOR_STRUCTURAL_TESTING_ONLY_DO_NOT_USE_FOR_CLINICAL_DECISION_MAKING
CASE-V3-00005,PAT-V3-00005,FAM_YEL_05,CONCEPT_ACUTE_PYELONEPHRITIS,FAM_YEL_05_T03,57,OTHER,hi,"तेज कंपकंपी, कमर में दर्द और पेशाब के संक्रमण के बाद अत्यधिक कमजोरी","पेशाब की जलन अब पीठ में फैल गई है, तेज बुखार, चलने की हिम्मत नहीं",pyelonephritis_systemic_upset; urinary_frequency; shivers,72.0,8.0,osteoarthritis,unknown,not_applicable,110.0,136.0,82.0,97.0,39.0,24.0,NONE,YELLOW,none,true,true,false,prohibited,offline_technical_pipeline_validation,SYNTHETIC_DATA_UNVALIDATED_FOR_STRUCTURAL_TESTING_ONLY_DO_NOT_USE_FOR_CLINICAL_DECISION_MAKING
CASE-V3-00007,PAT-V3-00007,FAM_GRN_13,CONCEPT_MECHANICAL_NECK_STIFFNESS,FAM_GRN_13_T04,43,OTHER,en,Crick in left neck after sudden jerk while looking behind,"Sharp catch on quick movement, neck moves forward and back easily, no pins and needles",muscular_neck_crick; localized_trapezius; good_general_condition,24.0,2.0,coronary_artery_disease,aspirin,not_applicable,80.0,123.0,72.0,100.0,36.9,16.0,NONE,GREEN,none,true,true,false,prohibited,offline_technical_pipeline_validation,SYNTHETIC_DATA_UNVALIDATED_FOR_STRUCTURAL_TESTING_ONLY_DO_NOT_USE_FOR_CLINICAL_DECISION_MAKING
CASE-V3-00008,PAT-V3-00008,FAM_YEL_05,CONCEPT_ACUTE_PYELONEPHRITIS,FAM_YEL_05_T03,46,MALE,en,"Shaking shivers, flank ache and extreme exhaustion after untreated UTI","Bladder burn spread to back 2 days ago, high body temp, great weakness and nausea",pyelonephritis_systemic_upset; urinary_frequency; shivers,72.0,7.0,chronic_kidney_disease_stage_2,none_known,not_applicable,116.0,127.0,86.0,99.0,39.2,20.0,NONE,YELLOW,none,true,true,false,prohibited,offline_technical_pipeline_validation,SYNTHETIC_DATA_UNVALIDATED_FOR_STRUCTURAL_TESTING_ONLY_DO_NOT_USE_FOR_CLINICAL_DECISION_MAKING
CASE-V3-00010,PAT-V3-00010,FAM_GRN_17,CONCEPT_SIMPLE_HEMORRHOIDS,FAM_GRN_17_T02,57,MALE,hi,मलद्वार के किनारे मटर जैसा छोटा नरम मस्सा जिससे बैठने में असुविधा,"नरम मस्सा जो हल्का दबाने पर अंदर चला जाता है, हल्की खुजली, कोई तेज टीस नहीं, बुखार नहीं",external_hemorrhoid_mild; anal_cushion_swelling; pruritus_ani,72.0,2.0,coronary_artery_disease,ciprofloxacin,not_applicable,69.0,118.0,72.0,99.0,36.8,16.0,NONE,GREEN,none,true,true,false,prohibited,offline_technical_pipeline_validation,SYNTHETIC_DATA_UNVALIDATED_FOR_STRUCTURAL_TESTING_ONLY_DO_NOT_USE_FOR_CLINICAL_DECISION_MAKING
CASE-V3-00011,PAT-V3-00011,FAM_YEL_12,CONCEPT_MODERATE_DEHYDRATION,FAM_YEL_12_T05,71,OTHER,hi,लगातार दस्त से शरीर का पानी सूखना और दिल की धड़कन तेज,"चमड़ी सूखी, आंखें धंसी हुई, पानी तेजी से पीना, पूरी तरह होश में पर कमजोरी",rotavirus_or_bacterial_colitis; dehydration_signs; sunken_eyes,36.0,4.0,none_reported,none_known,not_applicable,110.0,114.0,63.0,100.0,38.0,21.0,NONE,YELLOW,none,true,true,false,prohibited,offline_technical_pipeline_validation,SYNTHETIC_DATA_UNVALIDATED_FOR_STRUCTURAL_TESTING_ONLY_DO_NOT_USE_FOR_CLINICAL_DECISION_MAKING
CASE-V3-00012,PAT-V3-00012,FAM_YEL_20,CONCEPT_SYMPTOMATIC_TACHYCARDIA_STABLE,FAM_YEL_20_T05,50,MALE,hi,सीने में लगातार फड़फड़ाहट जिससे बेचैनी और कमजोरी महसूस हो रही,"तेज और असामान्य नब्ज, पसीना नहीं है, पूरी तरह होश में हैं, बीपी सामान्य",symptomatic_atrial_flutter; palpitations; preserved_perfusion,2.0,2.0,migraine,none_known,not_applicable,128.0,126.0,91.0,97.0,36.8,22.0,NONE,YELLOW,none,true,true,false,prohibited,offline_technical_pipeline_validation,SYNTHETIC_DATA_UNVALIDATED_FOR_STRUCTURAL_TESTING_ONLY_DO_NOT_USE_FOR_CLINICAL_DECISION_MAKING
CASE-V3-00014,PAT-V3-00014,FAM_GRN_06,CONCEPT_MILD_DYSPEPSIA,FAM_GRN_06_T04,44,MALE,or,କାଲି ଭୋଜି ଖାଇବା ପରେ ସାମାନ୍ୟ ବଦହଜମି ଓ ପେଟ ପୋଡ଼ିବା,"ଖାଇସାରିଲେ ଛାତି ତଳେ ପୋଡ଼ାଜଳା, ସଳଖ ବସିଲେ ଆରାମ, ଭୋକ ଠିକ୍ ଅଛି",indigestion; occasional_heartburn; dietary_trigger,12.0,4.0,type_2_diabetes,nsaids,not_applicable,72.0,128.0,80.0,99.0,37.0,17.0,NONE,GREEN,none,true,true,false,prohibited,offline_technical_pipeline_validation,SYNTHETIC_DATA_UNVALIDATED_FOR_STRUCTURAL_TESTING_ONLY_DO_NOT_USE_FOR_CLINICAL_DECISION_MAKING
CASE-V3-00015,PAT-V3-00015,FAM_YEL_19,CONCEPT_PERITONSILLAR_ABSCESS,FAM_YEL_19_T05,46,MALE,en,Inability to swallow solid food or pills with acute right neck angle swelling,"Spitting secretions, right submandibular tenderness, mouth opening limited, fever 38.8C",deep_neck_space_infection_risk; trismus; pyrexia,72.0,7.0,dyslipidemia,"dust_mites, pollen",not_applicable,93.0,120.0,80.0,99.0,38.5,22.0,NONE,YELLOW,none,true,true,false,prohibited,offline_technical_pipeline_validation,SYNTHETIC_DATA_UNVALIDATED_FOR_STRUCTURAL_TESTING_ONLY_DO_NOT_USE_FOR_CLINICAL_DECISION_MAKING
CASE-V3-00016,PAT-V3-00016,FAM_YEL_18,CONCEPT_SECOND_DEGREE_BURN,FAM_YEL_18_T01,40,OTHER,hi,हाथ पर खौलता पानी गिरने से बड़े-बड़े पानी भरे फफोले और भयानक जलन,"पूरे हाथ पर फफोले, एक फफोला फूटने से गुलाबी कच्चा मांस दिख रहा, असहनीय दर्द",scald_burn_forearm; bullae_formation; intense_pain; partial_thickness,1.0,7.0,"hypertension, type_2_diabetes",penicillin,not_applicable,100.0,140.0,85.0,98.0,37.0,20.0,NONE,YELLOW,none,true,true,false,prohibited,offline_technical_pipeline_validation,SYNTHETIC_DATA_UNVALIDATED_FOR_STRUCTURAL_TESTING_ONLY_DO_NOT_USE_FOR_CLINICAL_DECISION_MAKING
CASE-V3-00017,PAT-V3-00017,FAM_GRN_01,CONCEPT_VIRAL_UPPER_RESPIRATORY_INFECTION,FAM_GRN_01_T05,47,MALE,or,ପରିବାରରେ ଥଣ୍ଡା ପରେ ସାମାନ୍ୟ ସ୍ୱର ବସିଯିବା ଓ ନାକରୁ ପାଣି,"ଘରେ ସମସ୍ତଙ୍କର ଥଣ୍ଡା ଥିଲା, ଗଳା ସୁଧୁରୁଛି, ଖାଇବା ଠିକ୍ ଅଛି, ଛାତି କଷ୍ଟ ନାହିଁ",common_cold_resolving; mild_hoarseness; good_oral_intake,96.0,2.0,epilepsy,amoxicillin,not_applicable,71.0,124.0,77.0,98.0,36.7,14.0,NONE,GREEN,none,true,true,false,prohibited,offline_technical_pipeline_validation,SYNTHETIC_DATA_UNVALIDATED_FOR_STRUCTURAL_TESTING_ONLY_DO_NOT_USE_FOR_CLINICAL_DECISION_MAKING
CASE-V3-00018,PAT-V3-00018,FAM_YEL_05,CONCEPT_ACUTE_PYELONEPHRITIS,FAM_YEL_05_T01,44,MALE,en,High burning fever with severe right flank pain and burning urine,"Teeth-chattering chills, tender right kidney angle, cloudy foul-smelling urine passed every 20 minutes",costovertebral_tenderness; high_spiking_fever; dysuria; rigors,36.0,7.0,osteoarthritis,none_known,not_applicable,107.0,127.0,85.0,99.0,39.4,22.0,NONE,YELLOW,none,true,true,false,prohibited,offline_technical_pipeline_validation,SYNTHETIC_DATA_UNVALIDATED_FOR_STRUCTURAL_TESTING_ONLY_DO_NOT_USE_FOR_CLINICAL_DECISION_MAKING
CASE-V3-00021,PAT-V3-00021,FAM_YEL_15,CONCEPT_HEAD_INJURY_CONCUSSION,FAM_YEL_15_T02,42,FEMALE,hi,दरवाजे से सिर टकराने के बाद माथे पर बड़ा गुमड़ा और लगातार मतली,"अंडे के आकार का सूजन, उठने पर चक्कर, सभी सवालों का सही जवाब दे रहे हैं, गर्दन नहीं अकड़ी",blunt_head_trauma; goose_egg_hematoma; persistent_nausea,4.0,6.0,osteoarthritis,none_known,no,96.0,133.0,81.0,98.0,36.6,18.0,NONE,YELLOW,none,true,true,false,prohibited,offline_technical_pipeline_validation,SYNTHETIC_DATA_UNVALIDATED_FOR_STRUCTURAL_TESTING_ONLY_DO_NOT_USE_FOR_CLINICAL_DECISION_MAKING
CASE-V3-00022,PAT-V3-00022,FAM_GRN_10,CONCEPT_MILD_ANKLE_SPRAIN,FAM_GRN_10_T05,43,FEMALE,hi,"योग करते समय पैर में हल्का खिंचाव, चलकर डॉक्टर के कमरे में पहुंचे","हड्डी के आगे नरम जगह पर हल्का दर्द, कोई लंगड़ाहट नहीं, खुद चलकर आए",simple_ligament_sprain; ambulatory_ottawa_negative; stable,24.0,2.0,epilepsy,unknown,yes,83.0,123.0,84.0,98.0,36.6,15.0,NONE,GREEN,none,true,true,false,prohibited,offline_technical_pipeline_validation,SYNTHETIC_DATA_UNVALIDATED_FOR_STRUCTURAL_TESTING_ONLY_DO_NOT_USE_FOR_CLINICAL_DECISION_MAKING
CASE-V3-00023,PAT-V3-00023,FAM_GRN_11,CONCEPT_IMPACTED_CERUMEN,FAM_GRN_11_T03,78,FEMALE,or,କାନର ଶୁଖିଲା ଖଇଳ ସଫା କରିବା ପାଇଁ ଡାକ୍ତରଖାନା ଆସିଛନ୍ତି,"ନିଜ କଥା କାନ ଭିତରେ ପ୍ରତିଧ୍ୱନିତ ହେବା, ଜ୍ୱର ବା ଗଳା କଷ୍ଟ ନାହିଁ, ସମ୍ପୂର୍ଣ୍ଣ ସୁସ୍ଥ",cerumen_impaction; request_ear_syringing; asymptomatic_otherwise,168.0,2.0,coronary_artery_disease,nsaids,not_applicable,82.0,121.0,74.0,100.0,37.0,16.0,NONE,GREEN,none,true,true,false,prohibited,offline_technical_pipeline_validation,SYNTHETIC_DATA_UNVALIDATED_FOR_STRUCTURAL_TESTING_ONLY_DO_NOT_USE_FOR_CLINICAL_DECISION_MAKING
CASE-V3-00024,PAT-V3-00024,FAM_YEL_13,CONCEPT_CORNEAL_ABRASION_EYE_INJURY,FAM_YEL_13_T04,45,OTHER,hi,लेंस लगाकर सोने के बाद आंख लाल होना और तेज दर्द,"पुतली के पास सफेद बिंदु दिखना, तेज पानी बहना, आंख में गहरा दर्द, रोशनी से तकलीफ",contact_lens_corneal_ulcer_suspect; ocular_injection; photophobia,1.0,7.0,"hypertension, type_2_diabetes",unknown,not_applicable,101.0,139.0,84.0,99.0,37.1,20.0,NONE,YELLOW,none,true,true,false,prohibited,offline_technical_pipeline_validation,SYNTHETIC_DATA_UNVALIDATED_FOR_STRUCTURAL_TESTING_ONLY_DO_NOT_USE_FOR_CLINICAL_DECISION_MAKING
CASE-V3-00026,PAT-V3-00026,FAM_YEL_12,CONCEPT_MODERATE_DEHYDRATION,FAM_YEL_12_T05,24,FEMALE,hi,लगातार दस्त से शरीर का पानी सूखना और दिल की धड़कन तेज,"चमड़ी सूखी, आंखें धंसी हुई, पानी तेजी से पीना, पूरी तरह होश में पर कमजोरी",rotavirus_or_bacterial_colitis; dehydration_signs; sunken_eyes,48.0,7.0,copd,unknown,no,118.0,102.0,67.0,98.0,38.3,21.0,NONE,YELLOW,none,true,true,false,prohibited,offline_technical_pipeline_validation,SYNTHETIC_DATA_UNVALIDATED_FOR_STRUCTURAL_TESTING_ONLY_DO_NOT_USE_FOR_CLINICAL_DECISION_MAKING
CASE-V3-00027,PAT-V3-00027,FAM_YEL_07,CONCEPT_EXTREMITY_FRACTURE,FAM_YEL_07_T02,21,MALE,en,Audible bone crack and immediate inability to put foot down after tackle,"Rapid purple swelling over lateral malleolus, completely unable to take 4 steps, pulse in foot palpable",ankle_fracture_suspect; inability_to_bear_weight; bony_tenderness; ecchymosis,3.0,9.0,osteoarthritis,penicillin,not_applicable,110.0,148.0,80.0,100.0,36.9,20.0,NONE,YELLOW,none,true,true,false,prohibited,offline_technical_pipeline_validation,SYNTHETIC_DATA_UNVALIDATED_FOR_STRUCTURAL_TESTING_ONLY_DO_NOT_USE_FOR_CLINICAL_DECISION_MAKING
CASE-V3-00029,PAT-V3-00029,FAM_YEL_13,CONCEPT_CORNEAL_ABRASION_EYE_INJURY,FAM_YEL_13_T05,12,OTHER,hi,आंख पर शटलकॉक लगने के बाद तेज दर्द और कम दिखाई देना,"आंख के चारों ओर सूजन, पुतली हिल रही है, भयानक टीस, डॉक्टर द्वारा जांच जरूरी",trauma_ocular_contusion; hyphema_exclusion_needed; sharp_pain,8.0,7.0,none_reported,aspirin,not_applicable,96.0,141.0,83.0,100.0,36.6,19.0,NONE,YELLOW,none,true,true,false,prohibited,offline_technical_pipeline_validation,SYNTHETIC_DATA_UNVALIDATED_FOR_STRUCTURAL_TESTING_ONLY_DO_NOT_USE_FOR_CLINICAL_DECISION_MAKING
CASE-V3-00030,PAT-V3-00030,FAM_GRN_17,CONCEPT_SIMPLE_HEMORRHOIDS,FAM_GRN_17_T02,41,FEMALE,hi,मलद्वार के किनारे मटर जैसा छोटा नरम मस्सा जिससे बैठने में असुविधा,"नरम मस्सा जो हल्का दबाने पर अंदर चला जाता है, हल्की खुजली, कोई तेज टीस नहीं, बुखार नहीं",external_hemorrhoid_mild; anal_cushion_swelling; pruritus_ani,48.0,2.0,chronic_kidney_disease_stage_2,ciprofloxacin,no,74.0,132.0,81.0,99.0,36.9,14.0,NONE,GREEN,none,true,true,false,prohibited,offline_technical_pipeline_validation,SYNTHETIC_DATA_UNVALIDATED_FOR_STRUCTURAL_TESTING_ONLY_DO_NOT_USE_FOR_CLINICAL_DECISION_MAKING
CASE-V3-00031,PAT-V3-00031,FAM_YEL_18,CONCEPT_SECOND_DEGREE_BURN,FAM_YEL_18_T03,52,FEMALE,hi,गर्म इस्त्री जांघ पर लगने से 8x5 सेमी का गहरा जला घाव और छाले,"चमड़ी पर फफोले, हवा लगने से भी भयानक दर्द, साफ पन्नी से ढककर लाए हैं",steam_iron_burn; localized_second_degree; acute_distress,1.0,9.0,"hypertension, type_2_diabetes","dust_mites, pollen",no,104.0,141.0,85.0,100.0,37.1,19.0,NONE,YELLOW,none,true,true,false,prohibited,offline_technical_pipeline_validation,SYNTHETIC_DATA_UNVALIDATED_FOR_STRUCTURAL_TESTING_ONLY_DO_NOT_USE_FOR_CLINICAL_DECISION_MAKING
CASE-V3-00032,PAT-V3-00032,FAM_YEL_06,CONCEPT_DEEP_LACERATION,FAM_YEL_06_T05,46,FEMALE,or,ଗାଧୁଆଘରେ ଖସିପଡ଼ି ଗାଲରେ ୫ ସେମି ଲମ୍ବା ଗଭୀର କଟା,"ଗାଲ ହାଡ଼ ଉପରେ କ୍ଷତ, ସଫା କନା ଦେଇ ରକ୍ତ ବନ୍ଦ କରାଯାଇଛି, ରୋଗୀ ସ୍ପଷ୍ଟ କଥାବାର୍ତ୍ତା କରୁଛନ୍ତି",traumatic_facial_laceration; cosmetic_suture_needed; stable,4.0,6.0,coronary_artery_disease,aspirin,no,100.0,136.0,83.0,99.0,36.8,16.0,NONE,YELLOW,none,true,true,false,prohibited,offline_technical_pipeline_validation,SYNTHETIC_DATA_UNVALIDATED_FOR_STRUCTURAL_TESTING_ONLY_DO_NOT_USE_FOR_CLINICAL_DECISION_MAKING
CASE-V3-00033,PAT-V3-00033,FAM_YEL_07,CONCEPT_EXTREMITY_FRACTURE,FAM_YEL_07_T04,62,FEMALE,or,ସ୍କୁଟର ଓଲଟିବା ପରେ ଗୋଡ଼ ନଳି ହାଡ଼ରେ ପ୍ରଚଣ୍ଡ ଯନ୍ତ୍ରଣା ଓ ଫୁଲା,"ନଳି ହାଡ଼ ଉପରେ ହାତ ମାରିଲେ କଷ୍ଟ, ଜମାରୁ ଭାର ଦେଇପାରୁ ନାହାନ୍ତି, ଆଙ୍ଗୁଠି ଚଳୁଛି",tibia_fibula_trauma; localized_crepitus_suspect; intact_distal_pulses,6.0,7.0,type_2_diabetes,none_known,not_applicable,101.0,144.0,85.0,98.0,36.9,16.0,NONE,YELLOW,none,true,true,false,prohibited,offline_technical_pipeline_validation,SYNTHETIC_DATA_UNVALIDATED_FOR_STRUCTURAL_TESTING_ONLY_DO_NOT_USE_FOR_CLINICAL_DECISION_MAKING
CASE-V3-00036,PAT-V3-00036,FAM_YEL_07,CONCEPT_EXTREMITY_FRACTURE,FAM_YEL_07_T01,26,OTHER,or,ହାତ ଉପରେ ପଡ଼ିଯିବା ପରେ କବଜିରେ ପ୍ରବଳ ଫୁଲା ଓ ବଙ୍କା ହେବା,"କବଜି ହାଡ଼ ବଙ୍କା ଦିଶୁଛି, ସାମାନ୍ୟ ସ୍ପର୍ଶରେ ଅସହ୍ୟ କଷ୍ଟ, ଆଙ୍ଗୁଠି ଚଳୁଛି କିନ୍ତୁ କବଜି ଅଚଳ",deformity_wrist_fracture; colles_fracture_suspect; exquisite_tenderness; neurovascular_intact,6.0,9.0,migraine,ciprofloxacin,not_applicable,104.0,129.0,80.0,98.0,36.7,18.0,NONE,YELLOW,none,true,true,false,prohibited,offline_technical_pipeline_validation,SYNTHETIC_DATA_UNVALIDATED_FOR_STRUCTURAL_TESTING_ONLY_DO_NOT_USE_FOR_CLINICAL_DECISION_MAKING
CASE-V3-00037,PAT-V3-00037,FAM_GRN_12,CONCEPT_APHTHOUS_STOMATITIS,FAM_GRN_12_T01,21,FEMALE,or,ତଳ ଓଠ ଭିତରେ ଛୋଟ ଧଳା ଘା' ଯାହା ରାଗ ତରକାରୀ ଖାଇଲେ ପୋଡୁଛି,"୩ ମିମି ଗୋଲାକାର ଧଳା ଘା', ଲୁଣ ବା ଲେମ୍ବୁ ବାଜିଲେ ପୋଡ଼ିବା, ଜ୍ୱର ନାହିଁ, ବେକରେ ଗାଣ୍ଠି ନାହିଁ",single_oral_canker_sore; inner_lip_ulcer_3mm; painful_with_spicy_food; no_neck_lymphadenopathy; afebrile,48.0,2.0,"hypertension, type_2_diabetes",none_known,no,69.0,120.0,73.0,98.0,36.8,18.0,NONE,GREEN,none,true,true,false,prohibited,offline_technical_pipeline_validation,SYNTHETIC_DATA_UNVALIDATED_FOR_STRUCTURAL_TESTING_ONLY_DO_NOT_USE_FOR_CLINICAL_DECISION_MAKING
CASE-V3-00038,PAT-V3-00038,FAM_YEL_05,CONCEPT_ACUTE_PYELONEPHRITIS,FAM_YEL_05_T04,61,FEMALE,or,"ଡାହାଣ ପିଠିରେ ଭୀଷଣ ଯନ୍ତ୍ରଣା, ଫୁଟୁଥିବା ଭଳି ପୋଡ଼ା ପରିସ୍ରା ଓ ଝାଳ","ସନ୍ଧ୍ୟାରେ ଜ୍ୱର ବଢ଼ିବା, କମର ଭିତରେ ଧିମା ବିନ୍ଧା, ବାରମ୍ବାର ପରିସ୍ରା ଲାଗିବା",acute_renal_parenchymal_infection; pyuria; backache,48.0,7.0,migraine,ciprofloxacin,not_applicable,110.0,125.0,82.0,98.0,38.9,24.0,NONE,YELLOW,none,true,true,false,prohibited,offline_technical_pipeline_validation,SYNTHETIC_DATA_UNVALIDATED_FOR_STRUCTURAL_TESTING_ONLY_DO_NOT_USE_FOR_CLINICAL_DECISION_MAKING
CASE-V3-00039,PAT-V3-00039,FAM_GRN_10,CONCEPT_MILD_ANKLE_SPRAIN,FAM_GRN_10_T01,55,FEMALE,or,"ପାହାଚରୁ ବାମ ଗୋଇଠି ସାମାନ୍ୟ ମୋଡ଼ି ହେବା, ସାମାନ୍ୟ ଛୋଟେଇ ପୂରା ଭାର ଦେଇ ଚାଲିପାରୁଛନ୍ତି","ଗୋଇଠି ଆଗରେ ହାଲୁକା ଫୁଲା, ହାଡ଼ ଉପରେ କଷ୍ଟ ନାହିଁ, ମୋଡ଼ି ହେବା ପରେ ନିଜେ ଚାଲିଲେ",grade_1_inversion_sprain; minimal_lateral_swelling; able_to_bear_weight_immediately; no_bony_malleolar_tenderness,4.0,3.0,type_2_diabetes,aspirin,unknown,73.0,125.0,72.0,100.0,36.6,17.0,NONE,GREEN,none,true,true,false,prohibited,offline_technical_pipeline_validation,SYNTHETIC_DATA_UNVALIDATED_FOR_STRUCTURAL_TESTING_ONLY_DO_NOT_USE_FOR_CLINICAL_DECISION_MAKING
CASE-V3-00040,PAT-V3-00040,FAM_YEL_02,CONCEPT_ACUTE_RENAL_COLIC,FAM_YEL_02_T04,60,FEMALE,en,Severe left flank cramp with painful drops of urine,"Left kidney angle feels clamped in vise, excruciating burn when passing drops of urine, pacing the room",paroxysmal_lobar_flank_pain; dysuria; urinary_hesitancy,12.0,8.0,dyslipidemia,aspirin,not_applicable,92.0,152.0,86.0,98.0,36.8,20.0,NONE,YELLOW,none,true,true,false,prohibited,offline_technical_pipeline_validation,SYNTHETIC_DATA_UNVALIDATED_FOR_STRUCTURAL_TESTING_ONLY_DO_NOT_USE_FOR_CLINICAL_DECISION_MAKING
CASE-V3-00041,PAT-V3-00041,FAM_GRN_19,CONCEPT_CHRONIC_ONYCHOMYCOSIS,FAM_GRN_19_T03,35,OTHER,hi,बरसात के बाद पैर के नाखून के किनारे पीली लकीर फैलना,"नाखून थोड़ा उठा हुआ, नीचे सूखा चूना, उंगली बिल्कुल सामान्य, कोई लाली नहीं",subungual_onychomycosis_distal; painless; no_cellulitis,720.0,0.0,type_2_diabetes,unknown,not_applicable,74.0,129.0,73.0,98.0,37.0,17.0,NONE,GREEN,none,true,true,false,prohibited,offline_technical_pipeline_validation,SYNTHETIC_DATA_UNVALIDATED_FOR_STRUCTURAL_TESTING_ONLY_DO_NOT_USE_FOR_CLINICAL_DECISION_MAKING
CASE-V3-00043,PAT-V3-00043,FAM_YEL_05,CONCEPT_ACUTE_PYELONEPHRITIS,FAM_YEL_05_T01,66,FEMALE,or,"ପ୍ରବଳ କମ୍ପ ଜ୍ୱର, ଡାହାଣ କମରରେ ଯନ୍ତ୍ରଣା ଓ ପରିସ୍ରାରେ ପୋଡ଼ାଜଳା","ଦାନ୍ତ କାମୁଡ଼ିବା ଭଳି ଥଣ୍ଡା, କମର ପଛପଟ ଛୁଇଁଲେ କଷ୍ଟ, ଗୋଳିଆ ଦୁର୍ଗନ୍ଧ ପରିସ୍ରା ବାରମ୍ବାର ହେବା",costovertebral_tenderness; high_spiking_fever; dysuria; rigors,48.0,7.0,chronic_kidney_disease_stage_2,penicillin,not_applicable,99.0,118.0,81.0,100.0,38.8,21.0,NONE,YELLOW,none,true,true,false,prohibited,offline_technical_pipeline_validation,SYNTHETIC_DATA_UNVALIDATED_FOR_STRUCTURAL_TESTING_ONLY_DO_NOT_USE_FOR_CLINICAL_DECISION_MAKING
CASE-V3-00044,PAT-V3-00044,FAM_GRN_01,CONCEPT_VIRAL_UPPER_RESPIRATORY_INFECTION,FAM_GRN_01_T05,51,MALE,hi,परिवार में जुकाम के बाद हल्की आवाज बैठना और नाक बहना,"घर में सबको जुकाम था, गले में धीरे-धीरे सुधार, खाना-पीना सामान्य, छाती में कोई दर्द नहीं",common_cold_resolving; mild_hoarseness; good_oral_intake,72.0,2.0,osteoarthritis,penicillin,not_applicable,68.0,123.0,81.0,98.0,36.8,17.0,NONE,GREEN,none,true,true,false,prohibited,offline_technical_pipeline_validation,SYNTHETIC_DATA_UNVALIDATED_FOR_STRUCTURAL_TESTING_ONLY_DO_NOT_USE_FOR_CLINICAL_DECISION_MAKING
CASE-V3-00045,PAT-V3-00045,FAM_YEL_12,CONCEPT_MODERATE_DEHYDRATION,FAM_YEL_12_T03,70,OTHER,or,ଅନବରତ ପାଣିଆ ଝାଡ଼ା ଓ ସକାଳୁ ଆଦୌ ପରିସ୍ରା ନହେବା,"ପ୍ରତି ଝାଡ଼ା ପୂର୍ବରୁ ପେଟ କାମୁଡ଼ିବା, ପାଟି ଶୁଖିଲା, ବେକରେ ଦ୍ରୁତ ନାଡ଼ି ଚାଲିବା",infective_diarrhea_volume_depletion; oliguria; crampy_abdomen,24.0,5.0,hypothyroidism,none_known,not_applicable,111.0,104.0,66.0,100.0,38.0,18.0,NONE,YELLOW,none,true,true,false,prohibited,offline_technical_pipeline_validation,SYNTHETIC_DATA_UNVALIDATED_FOR_STRUCTURAL_TESTING_ONLY_DO_NOT_USE_FOR_CLINICAL_DECISION_MAKING
CASE-V3-00047,PAT-V3-00047,FAM_GRN_13,CONCEPT_MECHANICAL_NECK_STIFFNESS,FAM_GRN_13_T05,25,OTHER,hi,बिस्तर पर लेटकर लैपटॉप चलाने से गर्दन में अकड़न,"हल्की मालिश से राहत, चलने-फिरने का तरीका सामान्य, बुखार बिल्कुल नहीं",torticollis_benign; postural_origin; walking_normally,12.0,3.0,hypothyroidism,nsaids,not_applicable,79.0,121.0,76.0,99.0,37.0,15.0,NONE,GREEN,none,true,true,false,prohibited,offline_technical_pipeline_validation,SYNTHETIC_DATA_UNVALIDATED_FOR_STRUCTURAL_TESTING_ONLY_DO_NOT_USE_FOR_CLINICAL_DECISION_MAKING
CASE-V3-00048,PAT-V3-00048,FAM_YEL_18,CONCEPT_SECOND_DEGREE_BURN,FAM_YEL_18_T03,29,FEMALE,en,Contact iron burn on thigh causing raw blistering skin measuring 8x5 cm,"Shiny clear fluid blisters, agonizing pain to air contact, wrapped loosely with cling film",steam_iron_burn; localized_second_degree; acute_distress,2.0,8.0,"hypertension, type_2_diabetes",aspirin,no,93.0,120.0,81.0,100.0,36.8,18.0,NONE,YELLOW,none,true,true,false,prohibited,offline_technical_pipeline_validation,SYNTHETIC_DATA_UNVALIDATED_FOR_STRUCTURAL_TESTING_ONLY_DO_NOT_USE_FOR_CLINICAL_DECISION_MAKING
CASE-V3-00049,PAT-V3-00049,FAM_YEL_02,CONCEPT_ACUTE_RENAL_COLIC,FAM_YEL_02_T05,61,MALE,hi,कमर के दाईं तरफ अत्यधिक मरोड़ जो आगे पेट की ओर आ रही है,"हर 15 मिनट में दर्द का दौरा, तेज मतली, पथरी का पुराना इतिहास",unilateral_renal_colic; severe_pain_score; episodic_spasm,2.0,9.0,type_2_diabetes,penicillin,not_applicable,114.0,130.0,85.0,98.0,37.3,22.0,NONE,YELLOW,none,true,true,false,prohibited,offline_technical_pipeline_validation,SYNTHETIC_DATA_UNVALIDATED_FOR_STRUCTURAL_TESTING_ONLY_DO_NOT_USE_FOR_CLINICAL_DECISION_MAKING
CASE-V3-00050,PAT-V3-00050,FAM_GRN_12,CONCEPT_APHTHOUS_STOMATITIS,FAM_GRN_12_T04,53,FEMALE,hi,परीक्षा की पढ़ाई के दौरान मुंह में फिर से वही पुराना छाला निकलना,"चार-पांच दिन में खुद ठीक हो जाता है, पानी खूब पी रहे हैं, हाथ-पैरों पर कोई दाने नहीं",recurrent_aphthous_minor; localized; good_hydration,72.0,4.0,osteoarthritis,unknown,unknown,85.0,118.0,77.0,98.0,36.7,15.0,NONE,GREEN,none,true,true,false,prohibited,offline_technical_pipeline_validation,SYNTHETIC_DATA_UNVALIDATED_FOR_STRUCTURAL_TESTING_ONLY_DO_NOT_USE_FOR_CLINICAL_DECISION_MAKING
CASE-V3-00051,PAT-V3-00051,FAM_YEL_18,CONCEPT_SECOND_DEGREE_BURN,FAM_YEL_18_T03,19,MALE,hi,गर्म इस्त्री जांघ पर लगने से 8x5 सेमी का गहरा जला घाव और छाले,"चमड़ी पर फफोले, हवा लगने से भी भयानक दर्द, साफ पन्नी से ढककर लाए हैं",steam_iron_burn; localized_second_degree; acute_distress,2.0,8.0,osteoarthritis,aspirin,not_applicable,98.0,134.0,84.0,98.0,36.7,17.0,NONE,YELLOW,none,true,true,false,prohibited,offline_technical_pipeline_validation,SYNTHETIC_DATA_UNVALIDATED_FOR_STRUCTURAL_TESTING_ONLY_DO_NOT_USE_FOR_CLINICAL_DECISION_MAKING
CASE-V3-00052,PAT-V3-00052,FAM_YEL_07,CONCEPT_EXTREMITY_FRACTURE,FAM_YEL_07_T05,57,OTHER,hi,झूले से गिरने के बाद बच्चे की कोहनी में भारी सूजन और रोना,"बच्चा हाथ पेट से चिपकाए हुए है, हाथ छूने पर चीखता है, हाथ की नब्ज सामान्य है",elbow_supracondylar_suspect; acute_swelling; splinted,6.0,7.0,none_reported,aspirin,not_applicable,104.0,150.0,85.0,98.0,37.2,16.0,NONE,YELLOW,none,true,true,false,prohibited,offline_technical_pipeline_validation,SYNTHETIC_DATA_UNVALIDATED_FOR_STRUCTURAL_TESTING_ONLY_DO_NOT_USE_FOR_CLINICAL_DECISION_MAKING
CASE-V3-00053,PAT-V3-00053,FAM_GRN_10,CONCEPT_MILD_ANKLE_SPRAIN,FAM_GRN_10_T01,52,OTHER,en,"Turned left ankle outward on garden step, walking with slight limp but bearing full weight","Puffy swelling over anterior talofibular ligament, no bone pain on tapping ankle bones, took 10 steps immediately after twist",grade_1_inversion_sprain; minimal_lateral_swelling; able_to_bear_weight_immediately; no_bony_malleolar_tenderness,4.0,4.0,coronary_artery_disease,"dust_mites, pollen",not_applicable,68.0,117.0,82.0,98.0,36.9,17.0,NONE,GREEN,none,true,true,false,prohibited,offline_technical_pipeline_validation,SYNTHETIC_DATA_UNVALIDATED_FOR_STRUCTURAL_TESTING_ONLY_DO_NOT_USE_FOR_CLINICAL_DECISION_MAKING
CASE-V3-00054,PAT-V3-00054,FAM_YEL_14,CONCEPT_SPREADING_CELLULITIS,FAM_YEL_14_T02,34,OTHER,en,Bright red hot swollen rash spreading across bridge of nose and cheek,"Well-demarcated raised burning border, facial tightness, high temperature, eye opening restricted by cheek edema",facial_erysipelas_suspect; raised_indurated_border; feverish,24.0,6.0,epilepsy,"dust_mites, pollen",not_applicable,108.0,144.0,87.0,99.0,38.8,22.0,NONE,YELLOW,none,true,true,false,prohibited,offline_technical_pipeline_validation,SYNTHETIC_DATA_UNVALIDATED_FOR_STRUCTURAL_TESTING_ONLY_DO_NOT_USE_FOR_CLINICAL_DECISION_MAKING
CASE-V3-00055,PAT-V3-00055,FAM_YEL_05,CONCEPT_ACUTE_PYELONEPHRITIS,FAM_YEL_05_T03,37,MALE,en,"Shaking shivers, flank ache and extreme exhaustion after untreated UTI","Bladder burn spread to back 2 days ago, high body temp, great weakness and nausea",pyelonephritis_systemic_upset; urinary_frequency; shivers,24.0,7.0,allergic_rhinitis,none_known,not_applicable,97.0,129.0,87.0,99.0,38.7,24.0,NONE,YELLOW,none,true,true,false,prohibited,offline_technical_pipeline_validation,SYNTHETIC_DATA_UNVALIDATED_FOR_STRUCTURAL_TESTING_ONLY_DO_NOT_USE_FOR_CLINICAL_DECISION_MAKING
CASE-V3-00056,PAT-V3-00056,FAM_YEL_07,CONCEPT_EXTREMITY_FRACTURE,FAM_YEL_07_T03,26,FEMALE,en,Arm locked at side with severe pain after awkward sports pull,"Shoulder contour flattened, supporting forearm with other hand, agonizing spasm if nudged",shoulder_dislocation_suspect; squaring_of_shoulder; acute_immobility,3.0,9.0,copd,ciprofloxacin,no,95.0,137.0,92.0,99.0,37.1,19.0,NONE,YELLOW,none,true,true,false,prohibited,offline_technical_pipeline_validation,SYNTHETIC_DATA_UNVALIDATED_FOR_STRUCTURAL_TESTING_ONLY_DO_NOT_USE_FOR_CLINICAL_DECISION_MAKING
CASE-V3-00058,PAT-V3-00058,FAM_GRN_05,CONCEPT_CHRONIC_KNEE_OSTEOARTHRITIS,FAM_GRN_05_T05,62,OTHER,en,Difficulty going down staircase due to dull kneecap ache,"Patellofemoral grinding sound, holds handrail firmly, joints look normal without redness",chronic_arthrosis; pain_on_descending_stairs; no_systemic_symptoms,336.0,3.0,epilepsy,amoxicillin,not_applicable,78.0,139.0,85.0,100.0,36.6,16.0,NONE,GREEN,none,true,true,false,prohibited,offline_technical_pipeline_validation,SYNTHETIC_DATA_UNVALIDATED_FOR_STRUCTURAL_TESTING_ONLY_DO_NOT_USE_FOR_CLINICAL_DECISION_MAKING
CASE-V3-00060,PAT-V3-00060,FAM_GRN_05,CONCEPT_CHRONIC_KNEE_OSTEOARTHRITIS,FAM_GRN_05_T03,68,MALE,en,Aching inner edge of right knee after market grocery shopping,"Mild bony enlargement at joint margin, no acute redness, relieves after resting on sofa",degenerative_joint_ache; mild_swelling_chronic; mobile,168.0,3.0,hypertension,unknown,not_applicable,76.0,131.0,78.0,97.0,37.0,14.0,NONE,GREEN,none,true,true,false,prohibited,offline_technical_pipeline_validation,SYNTHETIC_DATA_UNVALIDATED_FOR_STRUCTURAL_TESTING_ONLY_DO_NOT_USE_FOR_CLINICAL_DECISION_MAKING
CASE-V3-00061,PAT-V3-00061,FAM_GRN_09,CONCEPT_SUPERFICIAL_FOLLICULITIS,FAM_GRN_09_T03,58,MALE,hi,कूल्हे पर छोटा फोड़ा जिसके कारण सख्त कुर्सी पर बैठने में चुभन,"मटर के दाने जितना फोड़ा जिसमें पीला मुंह बन रहा है, कोई बुखार या फैलाव नहीं",isolated_furuncle_early; pointed_head; local_tenderness,72.0,1.0,chronic_kidney_disease_stage_2,"dust_mites, pollen",not_applicable,68.0,126.0,76.0,100.0,36.9,15.0,NONE,GREEN,none,true,true,false,prohibited,offline_technical_pipeline_validation,SYNTHETIC_DATA_UNVALIDATED_FOR_STRUCTURAL_TESTING_ONLY_DO_NOT_USE_FOR_CLINICAL_DECISION_MAKING
CASE-V3-00062,PAT-V3-00062,FAM_GRN_03,CONCEPT_ALLERGIC_RHINITIS,FAM_GRN_03_T03,53,FEMALE,en,Seasonal allergy flare with tickling nose and nose rubbing,"Constant urge to rub nose upwards, sneezing 6 times in row, afebrile, taking home antihistamines",hay_fever; nasal_pruritus; allergic_shiners_mild; clear_drainage,120.0,1.0,hypertension,none_known,no,83.0,115.0,76.0,99.0,36.8,14.0,NONE,GREEN,none,true,true,false,prohibited,offline_technical_pipeline_validation,SYNTHETIC_DATA_UNVALIDATED_FOR_STRUCTURAL_TESTING_ONLY_DO_NOT_USE_FOR_CLINICAL_DECISION_MAKING
CASE-V3-00066,PAT-V3-00066,FAM_YEL_12,CONCEPT_MODERATE_DEHYDRATION,FAM_YEL_12_T03,33,MALE,en,Continuous watery purging with zero urine output since morning,"Abdominal cramping spasms before every loose stool, dry mouth, rapid pulse felt in neck",infective_diarrhea_volume_depletion; oliguria; crampy_abdomen,24.0,4.0,allergic_rhinitis,nsaids,not_applicable,118.0,104.0,75.0,100.0,38.2,22.0,NONE,YELLOW,none,true,true,false,prohibited,offline_technical_pipeline_validation,SYNTHETIC_DATA_UNVALIDATED_FOR_STRUCTURAL_TESTING_ONLY_DO_NOT_USE_FOR_CLINICAL_DECISION_MAKING
CASE-V3-00068,PAT-V3-00068,FAM_YEL_18,CONCEPT_SECOND_DEGREE_BURN,FAM_YEL_18_T02,11,FEMALE,or,ରନ୍ଧା ବେଳେ ତାତିଲା ତେଲ ହାତରେ ପଡ଼ି ଚମଡ଼ା ଛାଲି ଫୋଟକା ହେବା,"ହାତ ପାପୁଲି ପଛପଟ ଫୁଲି ଫୋଟକା, ଆଙ୍ଗୁଠି ମଝିରେ ପୋଡ଼ିବା, ପାଣିରେ ଧୋଇଲେ ବି କଷ୍ଟ",hot_oil_splash_burn; partial_thickness; blistering; dressing_needed,1.0,9.0,hypothyroidism,"dust_mites, pollen",not_applicable,95.0,132.0,84.0,100.0,36.7,18.0,NONE,YELLOW,none,true,true,false,prohibited,offline_technical_pipeline_validation,SYNTHETIC_DATA_UNVALIDATED_FOR_STRUCTURAL_TESTING_ONLY_DO_NOT_USE_FOR_CLINICAL_DECISION_MAKING
CASE-V3-00070,PAT-V3-00070,FAM_YEL_16,CONCEPT_ACUTE_MONOARTHRITIS,FAM_YEL_16_T03,56,FEMALE,en,"Known gout attack in ankle, unbearable throbbing despite two painkillers","Ankle purple-red and expanded, skin desquamating, agonizing pressure feeling, chills",gouty_arthritis_flare; hyperuricemia_history; severe_throbbing,36.0,8.0,gastroesophageal_reflux,penicillin,not_applicable,92.0,142.0,82.0,100.0,37.6,20.0,NONE,YELLOW,none,true,true,false,prohibited,offline_technical_pipeline_validation,SYNTHETIC_DATA_UNVALIDATED_FOR_STRUCTURAL_TESTING_ONLY_DO_NOT_USE_FOR_CLINICAL_DECISION_MAKING
CASE-V3-00071,PAT-V3-00071,FAM_YEL_12,CONCEPT_MODERATE_DEHYDRATION,FAM_YEL_12_T05,22,MALE,en,Severe fluid loss from persistent loose motions with rapid heartbeat,"Skin dry and warm, eyes hollow, drinks greedily from cup, alert but weak",rotavirus_or_bacterial_colitis; dehydration_signs; sunken_eyes,48.0,5.0,gastroesophageal_reflux,none_known,not_applicable,112.0,115.0,74.0,98.0,38.4,20.0,NONE,YELLOW,none,true,true,false,prohibited,offline_technical_pipeline_validation,SYNTHETIC_DATA_UNVALIDATED_FOR_STRUCTURAL_TESTING_ONLY_DO_NOT_USE_FOR_CLINICAL_DECISION_MAKING
CASE-V3-00073,PAT-V3-00073,FAM_GRN_19,CONCEPT_CHRONIC_ONYCHOMYCOSIS,FAM_GRN_19_T04,37,MALE,en,Disfigured brittle toenails embarrassing when wearing sandals,"Painless slow progression over past year, shoes fit comfortably, pulses in feet strong",chronic_nail_tinea; nail_bed_debris; healthy_foot,2160.0,1.0,copd,unknown,not_applicable,71.0,116.0,81.0,99.0,36.9,14.0,NONE,GREEN,none,true,true,false,prohibited,offline_technical_pipeline_validation,SYNTHETIC_DATA_UNVALIDATED_FOR_STRUCTURAL_TESTING_ONLY_DO_NOT_USE_FOR_CLINICAL_DECISION_MAKING
CASE-V3-00074,PAT-V3-00074,FAM_GRN_10,CONCEPT_MILD_ANKLE_SPRAIN,FAM_GRN_10_T04,50,FEMALE,en,"Twisted ankle while stepping out of auto, improved after ice pack","Mild soreness around outer ankle strap, swelling went down with ice, normal shoe fits",soft_tissue_twist_ankle; ice_responsive; mobile,24.0,3.0,allergic_rhinitis,amoxicillin,no,86.0,114.0,74.0,98.0,36.9,15.0,NONE,GREEN,none,true,true,false,prohibited,offline_technical_pipeline_validation,SYNTHETIC_DATA_UNVALIDATED_FOR_STRUCTURAL_TESTING_ONLY_DO_NOT_USE_FOR_CLINICAL_DECISION_MAKING
CASE-V3-00076,PAT-V3-00076,FAM_YEL_06,CONCEPT_DEEP_LACERATION,FAM_YEL_06_T01,44,OTHER,hi,"हाथ में 7 सेमी गहरा घाव, पट्टी से खून का बहाव रुका हुआ","मशीन से कटने के बाद गहरा घाव जिसमें अंदर का मांस दिख रहा है, दबाने पर खून रुक गया है, उंगलियां हिल रही हैं",deep_forearm_laceration; subcutaneous_exposure; bleeding_controlled_pressure; tetanus_risk,0.5,8.0,asthma,none_known,not_applicable,96.0,137.0,76.0,100.0,36.8,18.0,NONE,YELLOW,none,true,true,false,prohibited,offline_technical_pipeline_validation,SYNTHETIC_DATA_UNVALIDATED_FOR_STRUCTURAL_TESTING_ONLY_DO_NOT_USE_FOR_CLINICAL_DECISION_MAKING
CASE-V3-00077,PAT-V3-00077,FAM_YEL_20,CONCEPT_SYMPTOMATIC_TACHYCARDIA_STABLE,FAM_YEL_20_T05,70,FEMALE,or,ଛାତିରେ ଅସ୍ୱାଭାବିକ ଫଡ଼ଫଡ଼ ଯୋଗୁଁ ଅସ୍ଥିରତା ଓ ଦୁର୍ବଳତା,"ନାଡ଼ି ଦ୍ରୁତ ଓ ଅନିୟମିତ, ଝାଳ ବୋହୁନାହିଁ, ସମ୍ପୂର୍ଣ୍ଣ ଚେତନା ଅଛି, ରକ୍ତଚାପ ଠିକ୍",symptomatic_atrial_flutter; palpitations; preserved_perfusion,2.0,4.0,dyslipidemia,ciprofloxacin,not_applicable,129.0,141.0,90.0,99.0,36.7,18.0,NONE,YELLOW,none,true,true,false,prohibited,offline_technical_pipeline_validation,SYNTHETIC_DATA_UNVALIDATED_FOR_STRUCTURAL_TESTING_ONLY_DO_NOT_USE_FOR_CLINICAL_DECISION_MAKING
CASE-V3-00078,PAT-V3-00078,FAM_GRN_10,CONCEPT_MILD_ANKLE_SPRAIN,FAM_GRN_10_T02,44,OTHER,or,"ଦୌଡ଼ିବା ବେଳେ ଗୋଇଠିରେ ସାମାନ୍ୟ ମୋଚ, ଗରମ ପଟି ବାନ୍ଧିବାକୁ ଆସିଛନ୍ତି","ଗୋଇଠି କଡ଼ରେ ସାମାନ୍ୟ କଷ୍ଟ, ୧ କିମି ଚାଲି ଘରକୁ ଗଲେ, ଆଙ୍ଗୁଠି ଚଳୁଛି",ligamentous_stretch_mild; lateral_soft_tissue_puffiness; weight_bearing_intact,4.0,3.0,migraine,nsaids,not_applicable,68.0,124.0,70.0,100.0,36.7,14.0,NONE,GREEN,none,true,true,false,prohibited,offline_technical_pipeline_validation,SYNTHETIC_DATA_UNVALIDATED_FOR_STRUCTURAL_TESTING_ONLY_DO_NOT_USE_FOR_CLINICAL_DECISION_MAKING
CASE-V3-00079,PAT-V3-00079,FAM_YEL_13,CONCEPT_CORNEAL_ABRASION_EYE_INJURY,FAM_YEL_13_T02,42,OTHER,en,Accidental bleach splash into left eye with intense burning despite water rinse,"Rinsed with tap water for 5 minutes, severe burning agony persists, conjunctiva bright fiery red",chemical_splash_eye_cleaning_agent; severe_burning; conjunctival_injection,4.0,7.0,allergic_rhinitis,aspirin,not_applicable,85.0,123.0,81.0,98.0,36.9,18.0,NONE,YELLOW,none,true,true,false,prohibited,offline_technical_pipeline_validation,SYNTHETIC_DATA_UNVALIDATED_FOR_STRUCTURAL_TESTING_ONLY_DO_NOT_USE_FOR_CLINICAL_DECISION_MAKING
CASE-V3-00081,PAT-V3-00081,FAM_YEL_15,CONCEPT_HEAD_INJURY_CONCUSSION,FAM_YEL_15_T04,40,OTHER,or,ସାଇକେଲରୁ ପଡ଼ି ମୁଣ୍ଡରେ ଯନ୍ତ୍ରଣା ଓ ଆଲୋକରେ ଆଖି କଷ୍ଟ,"ମୁଣ୍ଡର ଦୁଇ ପାଖରେ ବିନ୍ଧା, ଆଲୋକ ଦେଖିଲେ କଷ୍ଟ, ଚାଲିବାରେ ସନ୍ତୁଳନ ଠିକ୍ ଅଛି",cranial_contusion; photophobia_post_trauma; gcs_normal,2.0,8.0,osteoarthritis,nsaids,not_applicable,81.0,136.0,86.0,100.0,36.8,18.0,NONE,YELLOW,none,true,true,false,prohibited,offline_technical_pipeline_validation,SYNTHETIC_DATA_UNVALIDATED_FOR_STRUCTURAL_TESTING_ONLY_DO_NOT_USE_FOR_CLINICAL_DECISION_MAKING
CASE-V3-00082,PAT-V3-00082,FAM_YEL_14,CONCEPT_SPREADING_CELLULITIS,FAM_YEL_14_T02,33,OTHER,or,ନାକ ଓ ଗାଲ ଉପରେ ଚଡ଼ଚଡ଼ ଲାଲ୍ ଉଷୁମ ଫୁଲା ମାଡ଼ିଯିବା,"ଧାର ସ୍ପଷ୍ଟ ହୋଇ ଫୁଲିଛି, ମୁହଁ ଟାଣି ଧରିବା, ପ୍ରବଳ ଉତ୍ତାପ, ଆଖି ଖୋଲିବାରେ ବାଧା",facial_erysipelas_suspect; raised_indurated_border; feverish,72.0,5.0,dyslipidemia,penicillin,not_applicable,93.0,135.0,84.0,100.0,38.1,19.0,NONE,YELLOW,none,true,true,false,prohibited,offline_technical_pipeline_validation,SYNTHETIC_DATA_UNVALIDATED_FOR_STRUCTURAL_TESTING_ONLY_DO_NOT_USE_FOR_CLINICAL_DECISION_MAKING
CASE-V3-00084,PAT-V3-00084,FAM_YEL_13,CONCEPT_CORNEAL_ABRASION_EYE_INJURY,FAM_YEL_13_T02,50,MALE,en,Accidental bleach splash into left eye with intense burning despite water rinse,"Rinsed with tap water for 5 minutes, severe burning agony persists, conjunctiva bright fiery red",chemical_splash_eye_cleaning_agent; severe_burning; conjunctival_injection,8.0,8.0,coronary_artery_disease,none_known,not_applicable,85.0,141.0,82.0,99.0,36.9,17.0,NONE,YELLOW,none,true,true,false,prohibited,offline_technical_pipeline_validation,SYNTHETIC_DATA_UNVALIDATED_FOR_STRUCTURAL_TESTING_ONLY_DO_NOT_USE_FOR_CLINICAL_DECISION_MAKING
CASE-V3-00088,PAT-V3-00088,FAM_GRN_09,CONCEPT_SUPERFICIAL_FOLLICULITIS,FAM_GRN_09_T02,20,FEMALE,or,ଦାଢ଼ି କାଟିବା ପରେ ଥୋଡ଼ି ତଳେ ଲାଲ୍ ଫୋଟକା ଦାନା ଓ କୁଣ୍ଡାଇ ହେବା,"ବ୍ଲେଡ୍ ବାଜି ଛୋଟ ଛୋଟ ପୂଜ ଦାନା, କୌଣସି ଗଭୀର ଫୁଲା ନାହିଁ, ଜ୍ୱର ନାହିଁ",shaving_folliculitis_chin; superficial_pustules; localized,48.0,3.0,copd,aspirin,no,73.0,113.0,76.0,100.0,36.6,16.0,NONE,GREEN,none,true,true,false,prohibited,offline_technical_pipeline_validation,SYNTHETIC_DATA_UNVALIDATED_FOR_STRUCTURAL_TESTING_ONLY_DO_NOT_USE_FOR_CLINICAL_DECISION_MAKING
CASE-V3-00090,PAT-V3-00090,FAM_YEL_05,CONCEPT_ACUTE_PYELONEPHRITIS,FAM_YEL_05_T02,50,OTHER,en,Back ache in kidney area with persistent vomiting and 102F fever,"Cannot keep fluids down, agonizing tenderness over left costovertebral angle, dark cloudy urine",upper_urinary_tract_infection; loin_tenderness; persistent_vomiting,48.0,8.0,dyslipidemia,none_known,not_applicable,98.0,130.0,87.0,97.0,39.0,21.0,NONE,YELLOW,none,true,true,false,prohibited,offline_technical_pipeline_validation,SYNTHETIC_DATA_UNVALIDATED_FOR_STRUCTURAL_TESTING_ONLY_DO_NOT_USE_FOR_CLINICAL_DECISION_MAKING
CASE-V3-00092,PAT-V3-00092,FAM_GRN_11,CONCEPT_IMPACTED_CERUMEN,FAM_GRN_11_T02,70,FEMALE,en,Gradual deafness in left ear from hard wax accumulation,"Using cotton buds made blockage worse, ear canal feels tightly plugged, no spinning dizziness",wax_plug_ear; conductively_muffled; no_vertigo,336.0,2.0,epilepsy,none_known,not_applicable,76.0,130.0,75.0,100.0,36.8,15.0,NONE,GREEN,none,true,true,false,prohibited,offline_technical_pipeline_validation,SYNTHETIC_DATA_UNVALIDATED_FOR_STRUCTURAL_TESTING_ONLY_DO_NOT_USE_FOR_CLINICAL_DECISION_MAKING
CASE-V3-00093,PAT-V3-00093,FAM_GRN_05,CONCEPT_CHRONIC_KNEE_OSTEOARTHRITIS,FAM_GRN_05_T05,75,FEMALE,en,Difficulty going down staircase due to dull kneecap ache,"Patellofemoral grinding sound, holds handrail firmly, joints look normal without redness",chronic_arthrosis; pain_on_descending_stairs; no_systemic_symptoms,336.0,4.0,copd,ciprofloxacin,not_applicable,81.0,120.0,76.0,99.0,36.9,17.0,NONE,GREEN,none,true,true,false,prohibited,offline_technical_pipeline_validation,SYNTHETIC_DATA_UNVALIDATED_FOR_STRUCTURAL_TESTING_ONLY_DO_NOT_USE_FOR_CLINICAL_DECISION_MAKING
CASE-V3-00095,PAT-V3-00095,FAM_GRN_17,CONCEPT_SIMPLE_HEMORRHOIDS,FAM_GRN_17_T05,57,FEMALE,hi,मलद्वार के पास खुजली और शौच के साथ ताजा खून की एक बूंद,"गर्मी में खुजली बढ़ना, कोई काला दस्त नहीं, पेट बिल्कुल ठीक है",anal_pruritus_hemorrhoidal; hygiene_advice_needed; stable,72.0,2.0,type_2_diabetes,penicillin,not_applicable,73.0,123.0,84.0,99.0,36.7,17.0,NONE,GREEN,none,true,true,false,prohibited,offline_technical_pipeline_validation,SYNTHETIC_DATA_UNVALIDATED_FOR_STRUCTURAL_TESTING_ONLY_DO_NOT_USE_FOR_CLINICAL_DECISION_MAKING
CASE-V3-00096,PAT-V3-00096,FAM_GRN_17,CONCEPT_SIMPLE_HEMORRHOIDS,FAM_GRN_17_T04,68,MALE,hi,बाइक चलाने के बाद बवासीर के मस्सों में हल्की जलन और भारीपन,"वही पुराना जाना-पहचाना मस्सा, गर्म पानी में बैठने से आराम मिलता है, भूख ठीक",piles_flare; mild_discomfort_sitting; no_weight_loss,168.0,2.0,migraine,aspirin,not_applicable,80.0,124.0,80.0,99.0,36.8,18.0,NONE,GREEN,none,true,true,false,prohibited,offline_technical_pipeline_validation,SYNTHETIC_DATA_UNVALIDATED_FOR_STRUCTURAL_TESTING_ONLY_DO_NOT_USE_FOR_CLINICAL_DECISION_MAKING
CASE-V3-00097,PAT-V3-00097,FAM_GRN_12,CONCEPT_APHTHOUS_STOMATITIS,FAM_GRN_12_T03,60,OTHER,hi,"गाल के अंदर छाला, दर्द कम करने वाला जेल लेने के लिए आए हैं","गाल की अंदरूनी सतह पर एक छाला, दूध आराम से पी पा रहे हैं, बुखार नहीं",buccal_mucosa_canker; minor_aphthae; gel_request,72.0,3.0,type_2_diabetes,"dust_mites, pollen",not_applicable,80.0,124.0,79.0,99.0,36.6,14.0,NONE,GREEN,none,true,true,false,prohibited,offline_technical_pipeline_validation,SYNTHETIC_DATA_UNVALIDATED_FOR_STRUCTURAL_TESTING_ONLY_DO_NOT_USE_FOR_CLINICAL_DECISION_MAKING
CASE-V3-00098,PAT-V3-00098,FAM_YEL_18,CONCEPT_SECOND_DEGREE_BURN,FAM_YEL_18_T01,38,MALE,or,ହାତରେ ଫୁଟୁଥିବା ଗରମ ପାଣି ପଡ଼ି ବଡ଼ ବଡ଼ ଫୋଟକା ଓ ପ୍ରଚଣ୍ଡ ପୋଡ଼ାଜଳା,"ହାତସାରା ପାଣି ଭର୍ତ୍ତି ଫୋଟକା, ଫୋଟକା ଫାଟି ଲାଲ୍ କଞ୍ଚା ଚମଡ଼ା ଦିଶୁଛି, ଅସହ୍ୟ କଷ୍ଟ",scald_burn_forearm; bullae_formation; intense_pain; partial_thickness,0.5,7.0,epilepsy,none_known,not_applicable,109.0,131.0,78.0,100.0,37.2,16.0,NONE,YELLOW,none,true,true,false,prohibited,offline_technical_pipeline_validation,SYNTHETIC_DATA_UNVALIDATED_FOR_STRUCTURAL_TESTING_ONLY_DO_NOT_USE_FOR_CLINICAL_DECISION_MAKING
CASE-V3-00101,PAT-V3-00101,FAM_YEL_13,CONCEPT_CORNEAL_ABRASION_EYE_INJURY,FAM_YEL_13_T03,27,MALE,en,Grinding metal spark flew into eye causing constant sharp stabbing,"Feeling of metal grit scratch with every blink, cannot tolerate room lighting, vision slightly blurred",metallic_foreign_body_eye; corneal_abrasion; visual_blurring_mild,8.0,9.0,allergic_rhinitis,none_known,not_applicable,95.0,140.0,88.0,98.0,36.6,16.0,NONE,YELLOW,none,true,true,false,prohibited,offline_technical_pipeline_validation,SYNTHETIC_DATA_UNVALIDATED_FOR_STRUCTURAL_TESTING_ONLY_DO_NOT_USE_FOR_CLINICAL_DECISION_MAKING
CASE-V3-00102,PAT-V3-00102,FAM_GRN_11,CONCEPT_IMPACTED_CERUMEN,FAM_GRN_11_T02,24,FEMALE,hi,बाएं कान में मैल जमने से धीरे-धीरे आवाज कम सुनाई देना,"ईयरबड लगाने से कान और बंद हो गया, कान में मैल का डाट, कोई चक्कर नहीं आ रहा",wax_plug_ear; conductively_muffled; no_vertigo,336.0,2.0,epilepsy,nsaids,unknown,70.0,120.0,71.0,100.0,36.9,15.0,NONE,GREEN,none,true,true,false,prohibited,offline_technical_pipeline_validation,SYNTHETIC_DATA_UNVALIDATED_FOR_STRUCTURAL_TESTING_ONLY_DO_NOT_USE_FOR_CLINICAL_DECISION_MAKING
CASE-V3-00103,PAT-V3-00103,FAM_YEL_19,CONCEPT_PERITONSILLAR_ABSCESS,FAM_YEL_19_T02,49,MALE,or,ପାଣି ଢୋକିଲେ ଗଳାରୁ କାନ ଭିତରକୁ ତୀବ୍ର ବିନ୍ଧା ମାଡ଼ିଯିବା ଓ ଜ୍ୱର,"ଢୋକିବା ମାତ୍ରେ କାନରେ କଷ୍ଟ, ଡାହାଣ ଗଳା ଫୁଲି କଣ୍ଠନାଳୀ ଚିପି ହେବା, ଜ୍ୱର",quinsy_suspect; referred_otalgia; uvular_deviation_suspect; dysphagia,48.0,8.0,hypertension,none_known,not_applicable,111.0,125.0,85.0,98.0,39.3,18.0,NONE,YELLOW,none,true,true,false,prohibited,offline_technical_pipeline_validation,SYNTHETIC_DATA_UNVALIDATED_FOR_STRUCTURAL_TESTING_ONLY_DO_NOT_USE_FOR_CLINICAL_DECISION_MAKING
CASE-V3-00104,PAT-V3-00104,FAM_GRN_03,CONCEPT_ALLERGIC_RHINITIS,FAM_GRN_03_T05,30,OTHER,hi,फूलों के मौसम में सुबह उठते ही आंखों में पानी और नाक बहना,"नहाने के बाद छींकों में कमी, तालू में हल्की खुजली, भूख अच्छी, छाती में कोई घरघराहट नहीं",rhinoconjunctivitis; intermittent_sneezing; normal_chest_sounds,72.0,1.0,type_2_diabetes,"dust_mites, pollen",not_applicable,71.0,118.0,75.0,99.0,36.8,16.0,NONE,GREEN,none,true,true,false,prohibited,offline_technical_pipeline_validation,SYNTHETIC_DATA_UNVALIDATED_FOR_STRUCTURAL_TESTING_ONLY_DO_NOT_USE_FOR_CLINICAL_DECISION_MAKING
CASE-V3-00105,PAT-V3-00105,FAM_GRN_13,CONCEPT_MECHANICAL_NECK_STIFFNESS,FAM_GRN_13_T02,32,MALE,en,Painful neck spasm from cold AC draft blowing onto neck all night,"Holding shoulder slightly raised, eases after hot shower, arms fully strong, alert",acute_wry_neck; trapezius_tightness; warm_compress_responsive,24.0,2.0,dyslipidemia,none_known,not_applicable,68.0,118.0,70.0,99.0,36.8,15.0,NONE,GREEN,none,true,true,false,prohibited,offline_technical_pipeline_validation,SYNTHETIC_DATA_UNVALIDATED_FOR_STRUCTURAL_TESTING_ONLY_DO_NOT_USE_FOR_CLINICAL_DECISION_MAKING
CASE-V3-00106,PAT-V3-00106,FAM_GRN_19,CONCEPT_CHRONIC_ONYCHOMYCOSIS,FAM_GRN_19_T01,50,MALE,or,"୬ ମାସ ହେଲା ଗୋଡ଼ ବୁଢ଼ା ଆଙ୍ଗୁଠି ନଖ ମୋଟା, ହଳଦିଆ ଓ ଝଡ଼ିବା","ନଖ ତଳେ ଶୁଖିଲା ଚୂନ ଭଳି ମଇଳା, ଜମାରୁ ବିନ୍ଧା ନାହିଁ, ନଖ କୋଣରେ ପୂଜ ନାହିଁ, ଚାଲି ଠିକ୍ ଅଛି",thickened_yellow_toenail; subungual_hyperkeratosis; painless_nail_dystrophy; no_paronychia; afebrile,720.0,0.0,none_reported,sulfa_drugs,not_applicable,77.0,124.0,72.0,98.0,36.9,15.0,NONE,GREEN,none,true,true,false,prohibited,offline_technical_pipeline_validation,SYNTHETIC_DATA_UNVALIDATED_FOR_STRUCTURAL_TESTING_ONLY_DO_NOT_USE_FOR_CLINICAL_DECISION_MAKING
CASE-V3-00107,PAT-V3-00107,FAM_GRN_12,CONCEPT_APHTHOUS_STOMATITIS,FAM_GRN_12_T02,18,MALE,or,ଦାନ୍ତ ବାଜି କଟିଯିବା ପରେ ଜିଭ ଅଗରେ ଛୋଟ ଯନ୍ତ୍ରଣାଦାୟକ ଘା',"ଦାନ୍ତରେ ଘଷି ହେଲେ ବିନ୍ଧା, ସାଧାରଣ ଯାଉ ସହଜରେ ଖାଉଛନ୍ତି, ଜ୍ୱର ଆଦୌ ନାହିଁ",aphthous_ulcer_tongue; localized_stinging; healthy_mucosa,72.0,4.0,chronic_kidney_disease_stage_2,none_known,not_applicable,78.0,121.0,81.0,99.0,37.1,15.0,NONE,GREEN,none,true,true,false,prohibited,offline_technical_pipeline_validation,SYNTHETIC_DATA_UNVALIDATED_FOR_STRUCTURAL_TESTING_ONLY_DO_NOT_USE_FOR_CLINICAL_DECISION_MAKING
CASE-V3-00108,PAT-V3-00108,FAM_GRN_05,CONCEPT_CHRONIC_KNEE_OSTEOARTHRITIS,FAM_GRN_05_T01,78,OTHER,hi,मंदिर में ज्यादा चलने के बाद दोनों घुटनों में पुराना धीमा दर्द बढ़ना,"घुटना मोड़ने पर कट-कट की आवाज, सुबह 10 मिनट की जकड़न, कोई लाली या गर्मी नहीं, बुखार नहीं",chronic_bilateral_knee_crepitus; morning_stiffness_under_20min; pain_after_walking; no_joint_heat; afebrile,336.0,4.0,"hypertension, type_2_diabetes",ciprofloxacin,not_applicable,74.0,138.0,74.0,98.0,36.7,14.0,NONE,GREEN,none,true,true,false,prohibited,offline_technical_pipeline_validation,SYNTHETIC_DATA_UNVALIDATED_FOR_STRUCTURAL_TESTING_ONLY_DO_NOT_USE_FOR_CLINICAL_DECISION_MAKING
CASE-V3-00109,PAT-V3-00109,FAM_YEL_02,CONCEPT_ACUTE_RENAL_COLIC,FAM_YEL_02_T01,54,MALE,hi,कमर के दाहिने हिस्से से जांघ तक असहनीय लहरदार दर्द और लाल पेशाब,"अत्यधिक तेज मरोड़ वाला दर्द, मरीज बेचैन होकर करवटें बदल रहा है, पेशाब में लाली",spasmodic_flank_pain; radiation_to_groin; microscopic_hematuria_suspect; restlessness,4.0,8.0,allergic_rhinitis,none_known,not_applicable,103.0,134.0,82.0,99.0,36.9,24.0,NONE,YELLOW,none,true,true,false,prohibited,offline_technical_pipeline_validation,SYNTHETIC_DATA_UNVALIDATED_FOR_STRUCTURAL_TESTING_ONLY_DO_NOT_USE_FOR_CLINICAL_DECISION_MAKING
CASE-V3-00112,PAT-V3-00112,FAM_YEL_02,CONCEPT_ACUTE_RENAL_COLIC,FAM_YEL_02_T01,30,FEMALE,or,କମର ଡାହାଣ ପଟୁ ଜଙ୍ଘ ଯାଏଁ ତୀବ୍ର ଲହରୀ କଷ୍ଟ ଓ ନାଲି ପରିସ୍ରା,"ଅସହ୍ୟ ଘୋଳାବିନ୍ଧା, ରୋଗୀ ଶୋଇ ରହିପାରୁ ନାହାନ୍ତି, ପରିସ୍ରାରେ ରକ୍ତ ଭଳି ରଙ୍ଗ",spasmodic_flank_pain; radiation_to_groin; microscopic_hematuria_suspect; restlessness,4.0,7.0,epilepsy,penicillin,no,113.0,140.0,94.0,99.0,37.2,24.0,NONE,YELLOW,none,true,true,false,prohibited,offline_technical_pipeline_validation,SYNTHETIC_DATA_UNVALIDATED_FOR_STRUCTURAL_TESTING_ONLY_DO_NOT_USE_FOR_CLINICAL_DECISION_MAKING
CASE-V3-00113,PAT-V3-00113,FAM_YEL_14,CONCEPT_SPREADING_CELLULITIS,FAM_YEL_14_T01,54,FEMALE,or,"ଡାହାଣ ଗୋଡ଼ ନଳିରେ ଦ୍ରୁତ ମାଡ଼ୁଥିବା ଲାଲ୍ ଫୁଲା, ନିଆଁ ଭଳି ତାତି ଓ ଜ୍ୱର","କାଲି ପେନ୍‌ରେ ଦିଆଯାଇଥିବା ଗାରଠାରୁ ୫ ସେମି ବାହାରକୁ ଲାଲ୍ ବ୍ୟାପିଛି, ଚମଡ଼ା ଟାଣ ଓ ଉଷୁମ",spreading_erythema_lower_limb; warmth_edema_skin; fever_rigors; pen_mark_crossed,24.0,7.0,none_reported,sulfa_drugs,unknown,100.0,134.0,82.0,99.0,39.0,18.0,NONE,YELLOW,none,true,true,false,prohibited,offline_technical_pipeline_validation,SYNTHETIC_DATA_UNVALIDATED_FOR_STRUCTURAL_TESTING_ONLY_DO_NOT_USE_FOR_CLINICAL_DECISION_MAKING
CASE-V3-00114,PAT-V3-00114,FAM_GRN_03,CONCEPT_ALLERGIC_RHINITIS,FAM_GRN_03_T02,10,MALE,hi,"घास कटाई के बाद दोनों आंखों में लाली, खुजली और पानी बिना किसी मवाद के","दोनों आंखें गुलाबी और नम, नजर बिल्कुल साफ, आंख घुमाने में कोई दर्द नहीं",allergic_conjunctivitis; bilateral_ocular_itching; no_purulent_discharge,120.0,1.0,type_2_diabetes,nsaids,not_applicable,83.0,123.0,81.0,100.0,36.6,14.0,NONE,GREEN,none,true,true,false,prohibited,offline_technical_pipeline_validation,SYNTHETIC_DATA_UNVALIDATED_FOR_STRUCTURAL_TESTING_ONLY_DO_NOT_USE_FOR_CLINICAL_DECISION_MAKING
CASE-V3-00115,PAT-V3-00115,FAM_YEL_07,CONCEPT_EXTREMITY_FRACTURE,FAM_YEL_07_T02,40,OTHER,or,ଖେଳ ବେଳେ ଗୋଡ଼ ମୋଡ଼ି ହୋଇ ହାଡ଼ ଫୁଟିବା ଶବ୍ଦ ଓ ଛିଡ଼ା ନହୋଇ ପାରିବା,"ଗୋଇଠି ବାହାର ପାଖରେ କଳାବାଇଗଣୀ ଫୁଲା, ଚାରି ପାଦ ଚାଲିବା ଅସମ୍ଭବ, ପାଦର ନାଡ଼ି ଚାଲୁଛି",ankle_fracture_suspect; inability_to_bear_weight; bony_tenderness; ecchymosis,6.0,9.0,gastroesophageal_reflux,ciprofloxacin,not_applicable,89.0,150.0,82.0,100.0,36.7,18.0,NONE,YELLOW,none,true,true,false,prohibited,offline_technical_pipeline_validation,SYNTHETIC_DATA_UNVALIDATED_FOR_STRUCTURAL_TESTING_ONLY_DO_NOT_USE_FOR_CLINICAL_DECISION_MAKING
CASE-V3-00116,PAT-V3-00116,FAM_GRN_04,CONCEPT_SUPERFICIAL_ABRASION,FAM_GRN_04_T04,35,MALE,hi,साइकिल के पैडल से पिंडली पर मामूली खरोंच,"हड्डी के ऊपर हल्की खरोंच जिस पर पपड़ी जम रही है, बिना लंगड़ाए चल रहे हैं, कोई गहरा घाव नहीं",shin_scrape_pedal; minor_bruise; ambulatory,8.0,4.0,asthma,ciprofloxacin,not_applicable,73.0,119.0,81.0,98.0,36.6,16.0,NONE,GREEN,none,true,true,false,prohibited,offline_technical_pipeline_validation,SYNTHETIC_DATA_UNVALIDATED_FOR_STRUCTURAL_TESTING_ONLY_DO_NOT_USE_FOR_CLINICAL_DECISION_MAKING
CASE-V3-00117,PAT-V3-00117,FAM_YEL_10,CONCEPT_ACUTE_DIVERTICULITIS,FAM_YEL_10_T05,54,MALE,hi,डाइवरटिकुलाइटिस का पुराना दर्द फिर से पेट के बाएं हिस्से में उठा,"पिछली बार जैसा ही दर्द, बाईं तरफ छूने पर टीस, दवा से आराम नहीं",recurrent_diverticulitis; left_iliac_tenderness; malaise,24.0,8.0,migraine,unknown,not_applicable,93.0,142.0,83.0,97.0,38.8,18.0,NONE,YELLOW,none,true,true,false,prohibited,offline_technical_pipeline_validation,SYNTHETIC_DATA_UNVALIDATED_FOR_STRUCTURAL_TESTING_ONLY_DO_NOT_USE_FOR_CLINICAL_DECISION_MAKING
CASE-V3-00120,PAT-V3-00120,FAM_GRN_11,CONCEPT_IMPACTED_CERUMEN,FAM_GRN_11_T02,30,OTHER,hi,बाएं कान में मैल जमने से धीरे-धीरे आवाज कम सुनाई देना,"ईयरबड लगाने से कान और बंद हो गया, कान में मैल का डाट, कोई चक्कर नहीं आ रहा",wax_plug_ear; conductively_muffled; no_vertigo,72.0,2.0,coronary_artery_disease,ciprofloxacin,not_applicable,83.0,122.0,74.0,99.0,36.9,15.0,NONE,GREEN,none,true,true,false,prohibited,offline_technical_pipeline_validation,SYNTHETIC_DATA_UNVALIDATED_FOR_STRUCTURAL_TESTING_ONLY_DO_NOT_USE_FOR_CLINICAL_DECISION_MAKING
CASE-V3-00122,PAT-V3-00122,FAM_YEL_13,CONCEPT_CORNEAL_ABRASION_EYE_INJURY,FAM_YEL_13_T02,22,FEMALE,hi,बाईं आंख में फिनाइल या ब्लीच के छींटे पड़ने से तेज जलन और दर्द,"पानी से धोने के बाद भी भयानक जलन, आंख का सफेद हिस्सा गहरा लाल, पलकें सूजी हुईं",chemical_splash_eye_cleaning_agent; severe_burning; conjunctival_injection,4.0,8.0,copd,penicillin,unknown,87.0,121.0,82.0,99.0,37.1,19.0,NONE,YELLOW,none,true,true,false,prohibited,offline_technical_pipeline_validation,SYNTHETIC_DATA_UNVALIDATED_FOR_STRUCTURAL_TESTING_ONLY_DO_NOT_USE_FOR_CLINICAL_DECISION_MAKING
CASE-V3-00126,PAT-V3-00126,FAM_GRN_13,CONCEPT_MECHANICAL_NECK_STIFFNESS,FAM_GRN_13_T01,37,OTHER,hi,यात्रा में गलत तरीके से सोने के बाद सुबह गर्दन अकड़ जाना और एक तरफ मुड़ना,"गर्दन की नस में गांठ जैसा खिंचाव, दाईं ओर मुड़ाने में दर्द, ठुड्डी छाती से छू सकती है, बुखार या तेज सिरदर्द नहीं",mechanical_torticollis; sleeping_awkwardly; sternocleidomastoid_spasm; no_meningismus; no_fever; no_photophobia,24.0,3.0,migraine,none_known,not_applicable,71.0,120.0,77.0,100.0,36.7,16.0,NONE,GREEN,none,true,true,false,prohibited,offline_technical_pipeline_validation,SYNTHETIC_DATA_UNVALIDATED_FOR_STRUCTURAL_TESTING_ONLY_DO_NOT_USE_FOR_CLINICAL_DECISION_MAKING
CASE-V3-00127,PAT-V3-00127,FAM_GRN_02,CONCEPT_TENSION_HEADACHE,FAM_GRN_02_T03,47,FEMALE,hi,नींद पूरी न होने के बाद सिर के ऊपर हेलमेट जैसा कसाव,"दबाव जैसा अहसास पर कोई धड़कन नहीं, शांत कमरे में आराम करने से राहत, कोई कमजोरी नहीं",episodic_tension_headache; cap_like_distribution; relieved_by_rest,24.0,2.0,epilepsy,ciprofloxacin,no,75.0,127.0,76.0,100.0,36.9,18.0,NONE,GREEN,none,true,true,false,prohibited,offline_technical_pipeline_validation,SYNTHETIC_DATA_UNVALIDATED_FOR_STRUCTURAL_TESTING_ONLY_DO_NOT_USE_FOR_CLINICAL_DECISION_MAKING
CASE-V3-00128,PAT-V3-00128,FAM_YEL_02,CONCEPT_ACUTE_RENAL_COLIC,FAM_YEL_02_T01,42,FEMALE,hi,कमर के दाहिने हिस्से से जांघ तक असहनीय लहरदार दर्द और लाल पेशाब,"अत्यधिक तेज मरोड़ वाला दर्द, मरीज बेचैन होकर करवटें बदल रहा है, पेशाब में लाली",spasmodic_flank_pain; radiation_to_groin; microscopic_hematuria_suspect; restlessness,2.0,7.0,type_2_diabetes,penicillin,unknown,101.0,154.0,90.0,99.0,37.4,23.0,NONE,YELLOW,none,true,true,false,prohibited,offline_technical_pipeline_validation,SYNTHETIC_DATA_UNVALIDATED_FOR_STRUCTURAL_TESTING_ONLY_DO_NOT_USE_FOR_CLINICAL_DECISION_MAKING
CASE-V3-00134,PAT-V3-00134,FAM_GRN_13,CONCEPT_MECHANICAL_NECK_STIFFNESS,FAM_GRN_13_T01,18,FEMALE,hi,यात्रा में गलत तरीके से सोने के बाद सुबह गर्दन अकड़ जाना और एक तरफ मुड़ना,"गर्दन की नस में गांठ जैसा खिंचाव, दाईं ओर मुड़ाने में दर्द, ठुड्डी छाती से छू सकती है, बुखार या तेज सिरदर्द नहीं",mechanical_torticollis; sleeping_awkwardly; sternocleidomastoid_spasm; no_meningismus; no_fever; no_photophobia,24.0,2.0,allergic_rhinitis,none_known,unknown,72.0,124.0,77.0,100.0,37.0,17.0,NONE,GREEN,none,true,true,false,prohibited,offline_technical_pipeline_validation,SYNTHETIC_DATA_UNVALIDATED_FOR_STRUCTURAL_TESTING_ONLY_DO_NOT_USE_FOR_CLINICAL_DECISION_MAKING
CASE-V3-00135,PAT-V3-00135,FAM_YEL_10,CONCEPT_ACUTE_DIVERTICULITIS,FAM_YEL_10_T05,60,MALE,hi,डाइवरटिकुलाइटिस का पुराना दर्द फिर से पेट के बाएं हिस्से में उठा,"पिछली बार जैसा ही दर्द, बाईं तरफ छूने पर टीस, दवा से आराम नहीं",recurrent_diverticulitis; left_iliac_tenderness; malaise,72.0,7.0,migraine,penicillin,not_applicable,101.0,149.0,90.0,98.0,38.6,22.0,NONE,YELLOW,none,true,true,false,prohibited,offline_technical_pipeline_validation,SYNTHETIC_DATA_UNVALIDATED_FOR_STRUCTURAL_TESTING_ONLY_DO_NOT_USE_FOR_CLINICAL_DECISION_MAKING
CASE-V3-00137,PAT-V3-00137,FAM_YEL_02,CONCEPT_ACUTE_RENAL_COLIC,FAM_YEL_02_T04,48,FEMALE,en,Severe left flank cramp with painful drops of urine,"Left kidney angle feels clamped in vise, excruciating burn when passing drops of urine, pacing the room",paroxysmal_lobar_flank_pain; dysuria; urinary_hesitancy,12.0,8.0,chronic_kidney_disease_stage_2,ciprofloxacin,unknown,98.0,154.0,85.0,100.0,36.8,24.0,NONE,YELLOW,none,true,true,false,prohibited,offline_technical_pipeline_validation,SYNTHETIC_DATA_UNVALIDATED_FOR_STRUCTURAL_TESTING_ONLY_DO_NOT_USE_FOR_CLINICAL_DECISION_MAKING
CASE-V3-00138,PAT-V3-00138,FAM_YEL_02,CONCEPT_ACUTE_RENAL_COLIC,FAM_YEL_02_T05,68,MALE,hi,कमर के दाईं तरफ अत्यधिक मरोड़ जो आगे पेट की ओर आ रही है,"हर 15 मिनट में दर्द का दौरा, तेज मतली, पथरी का पुराना इतिहास",unilateral_renal_colic; severe_pain_score; episodic_spasm,12.0,8.0,copd,penicillin,not_applicable,98.0,132.0,89.0,98.0,37.2,18.0,NONE,YELLOW,none,true,true,false,prohibited,offline_technical_pipeline_validation,SYNTHETIC_DATA_UNVALIDATED_FOR_STRUCTURAL_TESTING_ONLY_DO_NOT_USE_FOR_CLINICAL_DECISION_MAKING
CASE-V3-00139,PAT-V3-00139,FAM_GRN_15,CONCEPT_CHRONIC_TINNITUS,FAM_GRN_15_T05,55,FEMALE,hi,"कान में आवाज आने से नींद आने में परेशानी, नींद की सलाह चाहिए","दिन में काम करते समय ध्यान नहीं जाता, रात को महसूस होना, कान से कोई मवाद नहीं",chronic_ear_ringing; insomnia_secondary; ambulatory,336.0,0.0,coronary_artery_disease,nsaids,no,73.0,130.0,81.0,98.0,37.1,17.0,NONE,GREEN,none,true,true,false,prohibited,offline_technical_pipeline_validation,SYNTHETIC_DATA_UNVALIDATED_FOR_STRUCTURAL_TESTING_ONLY_DO_NOT_USE_FOR_CLINICAL_DECISION_MAKING
CASE-V3-00140,PAT-V3-00140,FAM_GRN_02,CONCEPT_TENSION_HEADACHE,FAM_GRN_02_T01,52,OTHER,hi,कंप्यूटर पर देर तक काम करने के बाद माथे पर दोनों तरफ हल्का दबाव और भारीपन,"कनपटी के चारों ओर हल्की जकड़न, उल्टी का मन नहीं, रोशनी से कोई परेशानी नहीं, गर्दन में हल्का तनाव",bilateral_band_like_pressure; non_pulsatile_headache; no_photophobia; no_vomiting; neck_tightness,6.0,2.0,hypertension,amoxicillin,not_applicable,76.0,113.0,80.0,100.0,36.7,14.0,NONE,GREEN,none,true,true,false,prohibited,offline_technical_pipeline_validation,SYNTHETIC_DATA_UNVALIDATED_FOR_STRUCTURAL_TESTING_ONLY_DO_NOT_USE_FOR_CLINICAL_DECISION_MAKING
CASE-V3-00141,PAT-V3-00141,FAM_GRN_15,CONCEPT_CHRONIC_TINNITUS,FAM_GRN_15_T02,60,MALE,or,"କାନ ଭିତରେ ସାମାନ୍ୟ ସୁସୁରି ଶବ୍ଦ, ପରୀକ୍ଷା ପାଇଁ ଆସିଛନ୍ତି","ପଙ୍ଖା ଶବ୍ଦରେ କମିଯାଏ, ହଠାତ୍ କାଲ ହୋଇନାହିଁ, କାନରେ କୌଣସି କଷ୍ଟ ନାହିଁ",sensorineural_tinnitus_presbycusis; bilateral_cricket_sound; stable,720.0,0.0,allergic_rhinitis,nsaids,not_applicable,77.0,134.0,81.0,100.0,37.1,14.0,NONE,GREEN,none,true,true,false,prohibited,offline_technical_pipeline_validation,SYNTHETIC_DATA_UNVALIDATED_FOR_STRUCTURAL_TESTING_ONLY_DO_NOT_USE_FOR_CLINICAL_DECISION_MAKING
CASE-V3-00143,PAT-V3-00143,FAM_GRN_09,CONCEPT_SUPERFICIAL_FOLLICULITIS,FAM_GRN_09_T02,31,FEMALE,hi,दाढ़ी बनाने के बाद ठुड्डी के नीचे लाल दाने और हल्की खुजली,"रेजर लगने से गर्दन पर छोटे-छोटे सफेद दाने, कोई गहरी गांठ नहीं, बुखार नहीं",shaving_folliculitis_chin; superficial_pustules; localized,48.0,1.0,gastroesophageal_reflux,unknown,no,68.0,125.0,70.0,98.0,36.7,15.0,NONE,GREEN,none,true,true,false,prohibited,offline_technical_pipeline_validation,SYNTHETIC_DATA_UNVALIDATED_FOR_STRUCTURAL_TESTING_ONLY_DO_NOT_USE_FOR_CLINICAL_DECISION_MAKING
CASE-V3-00144,PAT-V3-00144,FAM_GRN_04,CONCEPT_SUPERFICIAL_ABRASION,FAM_GRN_04_T02,23,FEMALE,or,ଖେଳିବା ବେଳେ ବାମ କହୁଣୀ ଘଷି ହୋଇ ଛାଲିଯିବା ଓ ପୋଡ଼ିବା,"କହୁଣୀରେ ୩x୩ ସେମି ଲାଲ୍ ଘଷା ଚିହ୍ନ, ପାଣିରେ ଧୋଇଛନ୍ତି, ଛୁଇଁଲେ ସାମାନ୍ୟ କଷ୍ଟ, ହାତ ଚଳୁଛି",friction_burn_elbow; raw_epidermis; intact_range_of_motion,8.0,3.0,none_reported,unknown,no,81.0,121.0,70.0,100.0,37.1,18.0,NONE,GREEN,none,true,true,false,prohibited,offline_technical_pipeline_validation,SYNTHETIC_DATA_UNVALIDATED_FOR_STRUCTURAL_TESTING_ONLY_DO_NOT_USE_FOR_CLINICAL_DECISION_MAKING
CASE-V3-00145,PAT-V3-00145,FAM_GRN_13,CONCEPT_MECHANICAL_NECK_STIFFNESS,FAM_GRN_13_T03,56,MALE,or,କାଲି ବହୁତ ବାଟ ଗାଡ଼ି ଚଳାଇବା ପରେ ବେକ ବୁଲାଇ ନପାରିବା,"ପାଖକୁ ଦେଖିବା ପାଇଁ ପୂରା ଶରୀର ବୁଲାଉଛନ୍ତି, ମାଂସପେଶୀ ଦରଜ, ହାତ କାଲୁଆ ନୁହେଁ",cervical_myofascial_spasm; lateral_flexion_limited; alert,12.0,3.0,osteoarthritis,"dust_mites, pollen",not_applicable,85.0,118.0,80.0,98.0,36.6,14.0,NONE,GREEN,none,true,true,false,prohibited,offline_technical_pipeline_validation,SYNTHETIC_DATA_UNVALIDATED_FOR_STRUCTURAL_TESTING_ONLY_DO_NOT_USE_FOR_CLINICAL_DECISION_MAKING
CASE-V3-00148,PAT-V3-00148,FAM_GRN_17,CONCEPT_SIMPLE_HEMORRHOIDS,FAM_GRN_17_T01,46,FEMALE,or,ଟାଣ ଝାଡ଼ା ହେବା ପରେ କନା ବା ପେପରରେ ସାମାନ୍ୟ ତାଜା ଲାଲ୍ ରକ୍ତ ଦାଗ,"କେବଳ ପୋଛିବା ବେଳେ ବାହାରେ ରକ୍ତ ଲାଗୁଛି, ଝାଡ଼ା ଭିତରେ ରକ୍ତ ନାହିଁ, ପେଟ ବିନ୍ଧା ନାହିଁ, ମୁଣ୍ଡ ବୁଲାଉ ନାହିଁ",painless_bright_red_rectal_bleeding_on_toilet_paper; hard_stools; chronic_constipation; no_anemia_signs; stable,72.0,2.0,chronic_kidney_disease_stage_2,sulfa_drugs,no,70.0,132.0,81.0,98.0,37.0,18.0,NONE,GREEN,none,true,true,false,prohibited,offline_technical_pipeline_validation,SYNTHETIC_DATA_UNVALIDATED_FOR_STRUCTURAL_TESTING_ONLY_DO_NOT_USE_FOR_CLINICAL_DECISION_MAKING
CASE-V3-00149,PAT-V3-00149,FAM_GRN_04,CONCEPT_SUPERFICIAL_ABRASION,FAM_GRN_04_T04,44,FEMALE,en,Shin scrape from bicycle pedal with mild surface grazing,"Scratched shin with dry scab forming, walked in without limp, no deep cut, no numbness",shin_scrape_pedal; minor_bruise; ambulatory,2.0,2.0,none_reported,amoxicillin,no,72.0,126.0,73.0,99.0,36.9,15.0,NONE,GREEN,none,true,true,false,prohibited,offline_technical_pipeline_validation,SYNTHETIC_DATA_UNVALIDATED_FOR_STRUCTURAL_TESTING_ONLY_DO_NOT_USE_FOR_CLINICAL_DECISION_MAKING
CASE-V3-00150,PAT-V3-00150,FAM_YEL_15,CONCEPT_HEAD_INJURY_CONCUSSION,FAM_YEL_15_T03,52,OTHER,hi,"फर्श पर पीछे की ओर गिरने से सिर के पिछले हिस्से में चोट, बार-बार एक ही बात पूछना","बार-बार पूछ रहे हैं क्या हुआ, अपना नाम-तारीख पता है, कान या नाक से कोई पानी नहीं",post_concussive_dizziness; retrograde_amnesia; stable_neurology,1.0,6.0,allergic_rhinitis,aspirin,not_applicable,88.0,137.0,80.0,98.0,36.5,20.0,NONE,YELLOW,none,true,true,false,prohibited,offline_technical_pipeline_validation,SYNTHETIC_DATA_UNVALIDATED_FOR_STRUCTURAL_TESTING_ONLY_DO_NOT_USE_FOR_CLINICAL_DECISION_MAKING
CASE-V3-00153,PAT-V3-00153,FAM_YEL_12,CONCEPT_MODERATE_DEHYDRATION,FAM_YEL_12_T02,68,FEMALE,or,ପେଟ ମୋଡ଼ି ପାଣି ଭଳି ଝାଡ଼ା ଓ ପାଣି ଟୋପାଏ ବି ହଜମ ନହେବା,"ଚମଡ଼ା ଧରି ଟାଣିଲେ ସଙ୍ଗେ ସଙ୍ଗେ ଫେରୁନାହିଁ, ଚାଲିଲେ ମୁଣ୍ଡ ବୁଲାଉଛି, ପ୍ରବଳ ଶୋଷ କିନ୍ତୁ ବାନ୍ତି ହେଉଛି",acute_gastroenteritis_dehydration; reduced_skin_turgor; postural_dizziness,36.0,6.0,migraine,nsaids,not_applicable,119.0,101.0,75.0,98.0,37.6,21.0,NONE,YELLOW,none,true,true,false,prohibited,offline_technical_pipeline_validation,SYNTHETIC_DATA_UNVALIDATED_FOR_STRUCTURAL_TESTING_ONLY_DO_NOT_USE_FOR_CLINICAL_DECISION_MAKING
CASE-V3-00154,PAT-V3-00154,FAM_GRN_05,CONCEPT_CHRONIC_KNEE_OSTEOARTHRITIS,FAM_GRN_05_T01,60,MALE,en,Longstanding dull ache in both knees worse after prolonged walking in temple,"Bilateral joint crepitus on bending, morning stiffness lasts 10 minutes, no redness, no fever, walks with cane",chronic_bilateral_knee_crepitus; morning_stiffness_under_20min; pain_after_walking; no_joint_heat; afebrile,72.0,4.0,hypothyroidism,ciprofloxacin,not_applicable,83.0,121.0,81.0,99.0,37.1,18.0,NONE,GREEN,none,true,true,false,prohibited,offline_technical_pipeline_validation,SYNTHETIC_DATA_UNVALIDATED_FOR_STRUCTURAL_TESTING_ONLY_DO_NOT_USE_FOR_CLINICAL_DECISION_MAKING
CASE-V3-00155,PAT-V3-00155,FAM_GRN_06,CONCEPT_MILD_DYSPEPSIA,FAM_GRN_06_T01,53,FEMALE,or,ରାତିରେ ତେଲଛଣା ଖାଇବା ପରେ ପେଟ ଉପରେ ସାମାନ୍ୟ ପୋଡ଼ାଜଳା ଯାହା ସିରପ୍ ପିଇଲେ କମୁଛି,"ଶୋଇଲେ ପାଟିକୁ ଖଟା ପାଣି ଆସିବା, ପେଟ ନରମ ଅଛି, ବାନ୍ତି ନାହିଁ, ହୃଦସ୍ପନ୍ଦନ ସ୍ୱାଭାବିକ",epigastric_burning; postprandial_distress; acid_regurgitation; relieved_by_antacid; no_red_flags,12.0,3.0,migraine,none_known,no,68.0,128.0,71.0,98.0,36.7,17.0,NONE,GREEN,none,true,true,false,prohibited,offline_technical_pipeline_validation,SYNTHETIC_DATA_UNVALIDATED_FOR_STRUCTURAL_TESTING_ONLY_DO_NOT_USE_FOR_CLINICAL_DECISION_MAKING
CASE-V3-00156,PAT-V3-00156,FAM_GRN_12,CONCEPT_APHTHOUS_STOMATITIS,FAM_GRN_12_T01,54,MALE,hi,निचले होंठ के अंदर छोटा सफेद छाला जो मसालेदार खाना खाने पर जलता है,"3 मिमी का गोल सफेद छाला, नमक या नींबू लगने पर तेज जलन, बुखार नहीं, गर्दन में कोई गांठ नहीं",single_oral_canker_sore; inner_lip_ulcer_3mm; painful_with_spicy_food; no_neck_lymphadenopathy; afebrile,48.0,2.0,gastroesophageal_reflux,unknown,not_applicable,71.0,128.0,79.0,98.0,36.6,18.0,NONE,GREEN,none,true,true,false,prohibited,offline_technical_pipeline_validation,SYNTHETIC_DATA_UNVALIDATED_FOR_STRUCTURAL_TESTING_ONLY_DO_NOT_USE_FOR_CLINICAL_DECISION_MAKING
CASE-V3-00158,PAT-V3-00158,FAM_GRN_05,CONCEPT_CHRONIC_KNEE_OSTEOARTHRITIS,FAM_GRN_05_T04,57,FEMALE,en,Stiff knees when standing up from floor mat after puja,"Takes a minute to straighten up, smooths out after walking 20 steps, normal appetite, no fever",wear_and_tear_knee_pain; stiffness_on_inactivity; ambulatory,72.0,3.0,hypothyroidism,unknown,not_applicable,74.0,123.0,74.0,98.0,37.0,15.0,NONE,GREEN,none,true,true,false,prohibited,offline_technical_pipeline_validation,SYNTHETIC_DATA_UNVALIDATED_FOR_STRUCTURAL_TESTING_ONLY_DO_NOT_USE_FOR_CLINICAL_DECISION_MAKING
CASE-V3-00159,PAT-V3-00159,FAM_GRN_04,CONCEPT_SUPERFICIAL_ABRASION,FAM_GRN_04_T05,11,FEMALE,en,"Clean graze on shoulder from garden fence, requesting clean dressing","Surface scrape only, no flap of skin, no active bleeding, completely alert and comfortable",minor_abrasion_dressing_request; tetanus_update_request; superficial,8.0,2.0,asthma,amoxicillin,not_applicable,81.0,113.0,70.0,99.0,36.8,17.0,NONE,GREEN,none,true,true,false,prohibited,offline_technical_pipeline_validation,SYNTHETIC_DATA_UNVALIDATED_FOR_STRUCTURAL_TESTING_ONLY_DO_NOT_USE_FOR_CLINICAL_DECISION_MAKING
CASE-V3-00160,PAT-V3-00160,FAM_YEL_18,CONCEPT_SECOND_DEGREE_BURN,FAM_YEL_18_T02,23,OTHER,en,Hot cooking oil splash over dorsum of hand with peeling blistered skin,"Blistered hand swollen, stinging burns between fingers, cooled with running water for 10 min",hot_oil_splash_burn; partial_thickness; blistering; dressing_needed,0.5,7.0,epilepsy,none_known,not_applicable,105.0,136.0,88.0,99.0,37.0,20.0,NONE,YELLOW,none,true,true,false,prohibited,offline_technical_pipeline_validation,SYNTHETIC_DATA_UNVALIDATED_FOR_STRUCTURAL_TESTING_ONLY_DO_NOT_USE_FOR_CLINICAL_DECISION_MAKING
CASE-V3-00162,PAT-V3-00162,FAM_YEL_16,CONCEPT_ACUTE_MONOARTHRITIS,FAM_YEL_16_T05,60,MALE,en,Excruciating foot arch and midfoot joint burn since morning,"Midtarsal joints swollen red, hopping on other leg, history of high uric acid, feverish",inflammatory_arthropathy; severe_localized_joint_pain; unable_to_walk,24.0,9.0,osteoarthritis,ciprofloxacin,not_applicable,101.0,142.0,82.0,100.0,38.0,20.0,NONE,YELLOW,none,true,true,false,prohibited,offline_technical_pipeline_validation,SYNTHETIC_DATA_UNVALIDATED_FOR_STRUCTURAL_TESTING_ONLY_DO_NOT_USE_FOR_CLINICAL_DECISION_MAKING
CASE-V3-00167,PAT-V3-00167,FAM_GRN_02,CONCEPT_TENSION_HEADACHE,FAM_GRN_02_T04,26,OTHER,hi,कंधों में तनाव के साथ सिर में हल्का भारीपन,"कंधे की मांसपेशियों में जकड़न, गर्दन दबाने पर सिर में थोड़ा आराम, भूख ठीक, बुखार नहीं",myofascial_cervicogenic_headache; dull_bilateral; no_red_flags,6.0,4.0,copd,none_known,not_applicable,70.0,118.0,76.0,99.0,37.1,18.0,NONE,GREEN,none,true,true,false,prohibited,offline_technical_pipeline_validation,SYNTHETIC_DATA_UNVALIDATED_FOR_STRUCTURAL_TESTING_ONLY_DO_NOT_USE_FOR_CLINICAL_DECISION_MAKING
CASE-V3-00168,PAT-V3-00168,FAM_YEL_02,CONCEPT_ACUTE_RENAL_COLIC,FAM_YEL_02_T02,27,FEMALE,or,ପିଠିର ଗୋଟିଏ ପଟେ ହଠାତ୍ ଅସହ୍ୟ କଷ୍ଟ ଓ ବାନ୍ତି,"ପ୍ରତି କିଛି ମିନିଟରେ ପ୍ରବଳ ମୋଡ଼ି ହେବା, କଷ୍ଟ ଯୋଗୁଁ ଦୁଇଥର ବାନ୍ତି ହୋଇଛି, ବାରମ୍ବାର ପରିସ୍ରା ଲାଗିବା",acute_ureteric_colic; nausea_vomiting_secondary_to_pain; urinary_urgency,12.0,8.0,coronary_artery_disease,unknown,yes,100.0,142.0,93.0,99.0,37.0,19.0,NONE,YELLOW,none,true,true,false,prohibited,offline_technical_pipeline_validation,SYNTHETIC_DATA_UNVALIDATED_FOR_STRUCTURAL_TESTING_ONLY_DO_NOT_USE_FOR_CLINICAL_DECISION_MAKING
CASE-V3-00169,PAT-V3-00169,FAM_GRN_02,CONCEPT_TENSION_HEADACHE,FAM_GRN_02_T02,46,MALE,hi,काम के तनाव से सिर के पिछले हिस्से और माथे में धीमा दर्द,"दो दिन से हल्का खिंचाव, गर्दन घुमाने पर भारीपन, नजर बिल्कुल साफ, आराम से चलकर आए",stress_headache; occipital_tightness; normal_neurological,12.0,3.0,gastroesophageal_reflux,nsaids,not_applicable,68.0,112.0,84.0,98.0,37.0,18.0,NONE,GREEN,none,true,true,false,prohibited,offline_technical_pipeline_validation,SYNTHETIC_DATA_UNVALIDATED_FOR_STRUCTURAL_TESTING_ONLY_DO_NOT_USE_FOR_CLINICAL_DECISION_MAKING
CASE-V3-00173,PAT-V3-00173,FAM_GRN_11,CONCEPT_IMPACTED_CERUMEN,FAM_GRN_11_T02,79,OTHER,or,ବାମ କାନରେ ଖଇଳ ଜମି ଧୀରେ ଧୀରେ କମ ଶୁଣାଯିବା,"ତୁଳା କାଠି ମାରିବାରୁ କାନ ଆହୁରି ବନ୍ଦ ହୋଇଗଲା, କାନ ଭିତର ବନ୍ଦ, ମୁଣ୍ଡ ବୁଲାଉ ନାହିଁ",wax_plug_ear; conductively_muffled; no_vertigo,168.0,1.0,"hypertension, type_2_diabetes",none_known,not_applicable,70.0,124.0,82.0,99.0,36.7,18.0,NONE,GREEN,none,true,true,false,prohibited,offline_technical_pipeline_validation,SYNTHETIC_DATA_UNVALIDATED_FOR_STRUCTURAL_TESTING_ONLY_DO_NOT_USE_FOR_CLINICAL_DECISION_MAKING
CASE-V3-00176,PAT-V3-00176,FAM_GRN_06,CONCEPT_MILD_DYSPEPSIA,FAM_GRN_06_T01,64,OTHER,en,Mild burning in upper stomach after late fried dinner relieved by antacid liquid,"Sour acid taste in throat when lying down, soft non-tender abdomen, no vomiting, no weight loss, heart rate normal",epigastric_burning; postprandial_distress; acid_regurgitation; relieved_by_antacid; no_red_flags,6.0,4.0,hypertension,"dust_mites, pollen",not_applicable,69.0,126.0,82.0,99.0,37.1,14.0,NONE,GREEN,none,true,true,false,prohibited,offline_technical_pipeline_validation,SYNTHETIC_DATA_UNVALIDATED_FOR_STRUCTURAL_TESTING_ONLY_DO_NOT_USE_FOR_CLINICAL_DECISION_MAKING
CASE-V3-00177,PAT-V3-00177,FAM_GRN_13,CONCEPT_MECHANICAL_NECK_STIFFNESS,FAM_GRN_13_T05,27,FEMALE,en,Uncomfortable stiff neck from studying on bed with laptop,"Gentle massage brings relief, walking with normal upright posture, temperature 36.6C",torticollis_benign; postural_origin; walking_normally,24.0,2.0,hypertension,sulfa_drugs,yes,71.0,126.0,75.0,98.0,37.1,15.0,NONE,GREEN,none,true,true,false,prohibited,offline_technical_pipeline_validation,SYNTHETIC_DATA_UNVALIDATED_FOR_STRUCTURAL_TESTING_ONLY_DO_NOT_USE_FOR_CLINICAL_DECISION_MAKING
CASE-V3-00179,PAT-V3-00179,FAM_GRN_10,CONCEPT_MILD_ANKLE_SPRAIN,FAM_GRN_10_T02,47,MALE,hi,"दौड़ते समय टखने में मामूली मोच, गरम पट्टी बंधवाने आए हैं","टखने के किनारे हल्का दर्द, 1 किमी पैदल चलकर घर पहुंचे, उंगलियां पूरी चल रही हैं",ligamentous_stretch_mild; lateral_soft_tissue_puffiness; weight_bearing_intact,12.0,3.0,copd,unknown,not_applicable,83.0,129.0,82.0,99.0,36.9,16.0,NONE,GREEN,none,true,true,false,prohibited,offline_technical_pipeline_validation,SYNTHETIC_DATA_UNVALIDATED_FOR_STRUCTURAL_TESTING_ONLY_DO_NOT_USE_FOR_CLINICAL_DECISION_MAKING
CASE-V3-00180,PAT-V3-00180,FAM_GRN_05,CONCEPT_CHRONIC_KNEE_OSTEOARTHRITIS,FAM_GRN_05_T02,69,MALE,hi,ठंडे मौसम के कारण पिछले एक हफ्ते से घुटनों में पुराना दर्द उभरना,"वही पुराना जाना-पहचाना दर्द, सीढ़ियां धीरे चढ़ना, घुटने गर्म नहीं हैं, कोई सूजन नहीं",knee_osteoarthritis_weather_flare; mechanical_ache; stable_effusion_none,168.0,4.0,type_2_diabetes,amoxicillin,not_applicable,81.0,122.0,86.0,100.0,37.0,18.0,NONE,GREEN,none,true,true,false,prohibited,offline_technical_pipeline_validation,SYNTHETIC_DATA_UNVALIDATED_FOR_STRUCTURAL_TESTING_ONLY_DO_NOT_USE_FOR_CLINICAL_DECISION_MAKING
CASE-V3-00181,PAT-V3-00181,FAM_YEL_20,CONCEPT_SYMPTOMATIC_TACHYCARDIA_STABLE,FAM_YEL_20_T05,51,OTHER,en,Unpleasant fluttering sensation in chest causing weakness and anxiety,"Pulse rapid and irregular, capillary refill 2 seconds, no diaphoresis, fully conscious",symptomatic_atrial_flutter; palpitations; preserved_perfusion,18.0,1.0,none_reported,"dust_mites, pollen",not_applicable,136.0,131.0,89.0,98.0,36.7,18.0,NONE,YELLOW,none,true,true,false,prohibited,offline_technical_pipeline_validation,SYNTHETIC_DATA_UNVALIDATED_FOR_STRUCTURAL_TESTING_ONLY_DO_NOT_USE_FOR_CLINICAL_DECISION_MAKING
CASE-V3-00182,PAT-V3-00182,FAM_GRN_17,CONCEPT_SIMPLE_HEMORRHOIDS,FAM_GRN_17_T04,70,FEMALE,hi,बाइक चलाने के बाद बवासीर के मस्सों में हल्की जलन और भारीपन,"वही पुराना जाना-पहचाना मस्सा, गर्म पानी में बैठने से आराम मिलता है, भूख ठीक",piles_flare; mild_discomfort_sitting; no_weight_loss,168.0,3.0,allergic_rhinitis,amoxicillin,not_applicable,74.0,115.0,77.0,100.0,37.0,17.0,NONE,GREEN,none,true,true,false,prohibited,offline_technical_pipeline_validation,SYNTHETIC_DATA_UNVALIDATED_FOR_STRUCTURAL_TESTING_ONLY_DO_NOT_USE_FOR_CLINICAL_DECISION_MAKING
CASE-V3-00186,PAT-V3-00186,FAM_GRN_03,CONCEPT_ALLERGIC_RHINITIS,FAM_GRN_03_T01,16,OTHER,en,Itchy watery eyes and recurrent sneezing fits with seasonal pollen change,"Rubbing inner corners of eyes, clear runny nose, itching of roof of mouth, no chest tightness, no fever",itchy_watery_eyes; repetitive_sneezing; clear_rhinorrhea; seasonal_pattern; afebrile,48.0,2.0,coronary_artery_disease,nsaids,not_applicable,68.0,116.0,78.0,99.0,36.7,17.0,NONE,GREEN,none,true,true,false,prohibited,offline_technical_pipeline_validation,SYNTHETIC_DATA_UNVALIDATED_FOR_STRUCTURAL_TESTING_ONLY_DO_NOT_USE_FOR_CLINICAL_DECISION_MAKING
CASE-V3-00187,PAT-V3-00187,FAM_GRN_10,CONCEPT_MILD_ANKLE_SPRAIN,FAM_GRN_10_T04,28,FEMALE,en,"Twisted ankle while stepping out of auto, improved after ice pack","Mild soreness around outer ankle strap, swelling went down with ice, normal shoe fits",soft_tissue_twist_ankle; ice_responsive; mobile,2.0,3.0,epilepsy,none_known,no,71.0,116.0,75.0,100.0,36.9,15.0,NONE,GREEN,none,true,true,false,prohibited,offline_technical_pipeline_validation,SYNTHETIC_DATA_UNVALIDATED_FOR_STRUCTURAL_TESTING_ONLY_DO_NOT_USE_FOR_CLINICAL_DECISION_MAKING
CASE-V3-00188,PAT-V3-00188,FAM_YEL_13,CONCEPT_CORNEAL_ABRASION_EYE_INJURY,FAM_YEL_13_T03,16,MALE,hi,वेल्डिंग या लोहे का कण आंख में जाने से लगातार चुभन और दर्द,"पलक झपकाने पर शीशा चुभने जैसा अहसास, कमरे की लाइट भी बर्दाश्त नहीं, धुंधलापन",metallic_foreign_body_eye; corneal_abrasion; visual_blurring_mild,8.0,9.0,osteoarthritis,none_known,not_applicable,100.0,141.0,81.0,98.0,36.9,18.0,NONE,YELLOW,none,true,true,false,prohibited,offline_technical_pipeline_validation,SYNTHETIC_DATA_UNVALIDATED_FOR_STRUCTURAL_TESTING_ONLY_DO_NOT_USE_FOR_CLINICAL_DECISION_MAKING
CASE-V3-00189,PAT-V3-00189,FAM_YEL_02,CONCEPT_ACUTE_RENAL_COLIC,FAM_YEL_02_T03,21,MALE,hi,कमर की हड्डी के पास चुभने वाला दर्द जो नीचे की ओर जा रहा है,"दर्द से ठंडा पसीना छूटना, किसी भी स्थिति में आराम न मिलना, पहले भी पथरी की शिकायत",costovertebral_angle_tenderness; stone_passage_suspect; diaphoresis_from_pain,12.0,7.0,osteoarthritis,penicillin,not_applicable,109.0,154.0,83.0,99.0,36.9,23.0,NONE,YELLOW,none,true,true,false,prohibited,offline_technical_pipeline_validation,SYNTHETIC_DATA_UNVALIDATED_FOR_STRUCTURAL_TESTING_ONLY_DO_NOT_USE_FOR_CLINICAL_DECISION_MAKING
CASE-V3-00191,PAT-V3-00191,FAM_GRN_19,CONCEPT_CHRONIC_ONYCHOMYCOSIS,FAM_GRN_19_T03,69,OTHER,en,Yellow streak spreading along toenail edge noticed after monsoon season,"Nail plate lifted slightly at edge with crumbly white debris underneath, toe skin cool, no heat",subungual_onychomycosis_distal; painless; no_cellulitis,720.0,1.0,gastroesophageal_reflux,penicillin,not_applicable,76.0,121.0,80.0,99.0,36.8,16.0,NONE,GREEN,none,true,true,false,prohibited,offline_technical_pipeline_validation,SYNTHETIC_DATA_UNVALIDATED_FOR_STRUCTURAL_TESTING_ONLY_DO_NOT_USE_FOR_CLINICAL_DECISION_MAKING
CASE-V3-00192,PAT-V3-00192,FAM_GRN_10,CONCEPT_MILD_ANKLE_SPRAIN,FAM_GRN_10_T01,19,OTHER,en,"Turned left ankle outward on garden step, walking with slight limp but bearing full weight","Puffy swelling over anterior talofibular ligament, no bone pain on tapping ankle bones, took 10 steps immediately after twist",grade_1_inversion_sprain; minimal_lateral_swelling; able_to_bear_weight_immediately; no_bony_malleolar_tenderness,24.0,2.0,gastroesophageal_reflux,amoxicillin,not_applicable,73.0,127.0,74.0,100.0,36.7,18.0,NONE,GREEN,none,true,true,false,prohibited,offline_technical_pipeline_validation,SYNTHETIC_DATA_UNVALIDATED_FOR_STRUCTURAL_TESTING_ONLY_DO_NOT_USE_FOR_CLINICAL_DECISION_MAKING
CASE-V3-00193,PAT-V3-00193,FAM_YEL_19,CONCEPT_PERITONSILLAR_ABSCESS,FAM_YEL_19_T01,51,FEMALE,or,"ଗଳାର ଡାହାଣ ପଟେ ଅସହ୍ୟ ଯନ୍ତ୍ରଣା, ଛେପ ଢୋକି ନପାରିବା ଓ ମୁହଁ ଖୋଲି ନହେବା","ଦୁଇ ଆଙ୍ଗୁଠିରୁ ଅଧିକ ପାଟି ଖୋଲୁନାହିଁ, ସ୍ୱର ମୋଟା ଓ ଅସ୍ପଷ୍ଟ, ଲାଳ ବୋହିବା, ଜ୍ୱର",unilateral_severe_sore_throat; trismus_difficulty_opening_mouth; hot_potato_voice; drooling; fever,48.0,7.0,gastroesophageal_reflux,"dust_mites, pollen",no,93.0,138.0,79.0,96.0,38.4,18.0,NONE,YELLOW,none,true,true,false,prohibited,offline_technical_pipeline_validation,SYNTHETIC_DATA_UNVALIDATED_FOR_STRUCTURAL_TESTING_ONLY_DO_NOT_USE_FOR_CLINICAL_DECISION_MAKING
CASE-V3-00194,PAT-V3-00194,FAM_YEL_18,CONCEPT_SECOND_DEGREE_BURN,FAM_YEL_18_T04,36,FEMALE,en,Motorcycle exhaust silencer burn to right calf with intact blisters,"Circumscribed second-degree burn, very tender, swelling around ankle, no charring",exhaust_pipe_burn; localized_dermal_burn; blistering,2.0,9.0,none_reported,"dust_mites, pollen",no,96.0,124.0,88.0,98.0,36.7,17.0,NONE,YELLOW,none,true,true,false,prohibited,offline_technical_pipeline_validation,SYNTHETIC_DATA_UNVALIDATED_FOR_STRUCTURAL_TESTING_ONLY_DO_NOT_USE_FOR_CLINICAL_DECISION_MAKING
CASE-V3-00195,PAT-V3-00195,FAM_GRN_01,CONCEPT_VIRAL_UPPER_RESPIRATORY_INFECTION,FAM_GRN_01_T03,34,FEMALE,en,Head cold with watery eyes and mild morning throat irritation,"Sneezing fits after waking, small clearing of clear mucus, lungs clear, energetic and walking well",coryza; mild_dry_cough; clear_phlegm; stable,48.0,3.0,type_2_diabetes,nsaids,no,78.0,112.0,71.0,99.0,36.7,17.0,NONE,GREEN,none,true,true,false,prohibited,offline_technical_pipeline_validation,SYNTHETIC_DATA_UNVALIDATED_FOR_STRUCTURAL_TESTING_ONLY_DO_NOT_USE_FOR_CLINICAL_DECISION_MAKING
CASE-V3-00196,PAT-V3-00196,FAM_YEL_11,CONCEPT_PELVIC_INFLAMMATORY_DISEASE,FAM_YEL_11_T05,28,FEMALE,or,"ତଳ ପେଟର ଦୁଇ ପାଖ ଛୁଇଁଲେ କଷ୍ଟ, ମୁଣ୍ଡ ତାତିବା ଓ ଦୁର୍ବଳ ଲାଗିବା","୪୮ ଘଣ୍ଟା ଧରି କଷ୍ଟ, ପରିସ୍ରା ରଖିଲେ ଆହୁରି ବିନ୍ଧା, ଜ୍ୱର ବାରମ୍ବାର ଆସୁଛି",acute_adnexal_inflammation; lower_abdominal_tenderness; chills,96.0,7.0,hypertension,none_known,no,105.0,129.0,74.0,100.0,38.4,19.0,NONE,YELLOW,none,true,true,false,prohibited,offline_technical_pipeline_validation,SYNTHETIC_DATA_UNVALIDATED_FOR_STRUCTURAL_TESTING_ONLY_DO_NOT_USE_FOR_CLINICAL_DECISION_MAKING
CASE-V3-00197,PAT-V3-00197,FAM_YEL_02,CONCEPT_ACUTE_RENAL_COLIC,FAM_YEL_02_T02,52,MALE,en,Sudden agonizing side back ache with repeated retching,"Intense colicky pain coming every few minutes, retched twice from the pain severity, frequent urging to pee",acute_ureteric_colic; nausea_vomiting_secondary_to_pain; urinary_urgency,6.0,9.0,none_reported,none_known,not_applicable,90.0,133.0,96.0,99.0,36.7,20.0,NONE,YELLOW,none,true,true,false,prohibited,offline_technical_pipeline_validation,SYNTHETIC_DATA_UNVALIDATED_FOR_STRUCTURAL_TESTING_ONLY_DO_NOT_USE_FOR_CLINICAL_DECISION_MAKING
CASE-V3-00199,PAT-V3-00199,FAM_YEL_20,CONCEPT_SYMPTOMATIC_TACHYCARDIA_STABLE,FAM_YEL_20_T01,53,OTHER,or,ଛାତି ଭିତରେ ମାଛ ଫଡ଼ଫଡ଼ ହେବା ଭଳି ଦ୍ରୁତ ଅନିୟମିତ ସ୍ପନ୍ଦନ ଓ ମୁଣ୍ଡ ବୁଲାଇବା,"ନାଡ଼ି ୧୩୫ରେ ବେତାଳ ଚାଲୁଛି, ଗଳାରେ ଧପଧପ, ଚାଲିଲେ ମୁଣ୍ଡ ଘୁରାଉଛି, ଛାତି ବିନ୍ଧା ନାହିଁ, ରକ୍ତଚାପ ସ୍ଥିର",rapid_irregular_palpitations; flutter_sensation; lightheadedness; stable_blood_pressure; no_chest_pain,4.0,1.0,hypothyroidism,penicillin,not_applicable,129.0,138.0,86.0,98.0,36.8,22.0,NONE,YELLOW,none,true,true,false,prohibited,offline_technical_pipeline_validation,SYNTHETIC_DATA_UNVALIDATED_FOR_STRUCTURAL_TESTING_ONLY_DO_NOT_USE_FOR_CLINICAL_DECISION_MAKING
CASE-V3-00201,PAT-V3-00201,FAM_YEL_18,CONCEPT_SECOND_DEGREE_BURN,FAM_YEL_18_T01,14,FEMALE,hi,हाथ पर खौलता पानी गिरने से बड़े-बड़े पानी भरे फफोले और भयानक जलन,"पूरे हाथ पर फफोले, एक फफोला फूटने से गुलाबी कच्चा मांस दिख रहा, असहनीय दर्द",scald_burn_forearm; bullae_formation; intense_pain; partial_thickness,2.0,8.0,copd,penicillin,no,106.0,122.0,77.0,100.0,36.9,18.0,NONE,YELLOW,none,true,true,false,prohibited,offline_technical_pipeline_validation,SYNTHETIC_DATA_UNVALIDATED_FOR_STRUCTURAL_TESTING_ONLY_DO_NOT_USE_FOR_CLINICAL_DECISION_MAKING
CASE-V3-00203,PAT-V3-00203,FAM_GRN_04,CONCEPT_SUPERFICIAL_ABRASION,FAM_GRN_04_T05,50,FEMALE,hi,"बाड़ से कंधे पर मामूली खरोंच, पट्टी करवाने के लिए आए हैं","केवल ऊपरी चमड़ी छूटी है, कोई खून नहीं बह रहा, मरीज पूरी तरह सहज और स्वस्थ",minor_abrasion_dressing_request; tetanus_update_request; superficial,1.0,4.0,dyslipidemia,ciprofloxacin,no,88.0,117.0,74.0,98.0,36.8,16.0,NONE,GREEN,none,true,true,false,prohibited,offline_technical_pipeline_validation,SYNTHETIC_DATA_UNVALIDATED_FOR_STRUCTURAL_TESTING_ONLY_DO_NOT_USE_FOR_CLINICAL_DECISION_MAKING
CASE-V3-00205,PAT-V3-00205,FAM_GRN_17,CONCEPT_SIMPLE_HEMORRHOIDS,FAM_GRN_17_T03,24,FEMALE,or,କୋଷ୍ଠକାଠିନ୍ୟ ପରେ ଝାଡ଼ା ଯିବା ବେଳେ କାଗଜ କଟିଲା ଭଳି ପୋଡ଼ିବା,"ଝାଡ଼ା ପରେ ୫ ମିନିଟ୍ ପୋଡ଼ାଜଳା ପରେ ଶାନ୍ତ, ପେଟ ସଫା ସିରପ୍ ଦରକାର, ସ୍ୱାଭାବିକ ଚାଲି",chronic_constipation_anal_fissure_minor; superficial_tear; ointment_request,168.0,3.0,asthma,"dust_mites, pollen",unknown,82.0,118.0,72.0,99.0,37.0,16.0,NONE,GREEN,none,true,true,false,prohibited,offline_technical_pipeline_validation,SYNTHETIC_DATA_UNVALIDATED_FOR_STRUCTURAL_TESTING_ONLY_DO_NOT_USE_FOR_CLINICAL_DECISION_MAKING
CASE-V3-00210,PAT-V3-00210,FAM_YEL_20,CONCEPT_SYMPTOMATIC_TACHYCARDIA_STABLE,FAM_YEL_20_T02,80,MALE,or,୪ ଘଣ୍ଟା ଧରି ଛାତି ଭିତରେ ପ୍ରଚଣ୍ଡ ଧପଧପ ଓ ଅନିୟମିତ ନାଡ଼ି,"ପଞ୍ଜରା ଭିତରେ ହୃତ୍‌ପିଣ୍ଡ ଡେଉଁଛି, ହଠାତ୍ ପ୍ରବଳ କ୍ଳାନ୍ତି, ନାଡ଼ିର ଗତି ଠିକ୍ ନାହିଁ",atrial_fibrillation_rapid_ventricular_response; pulse_deficit; fatigue,8.0,4.0,epilepsy,aspirin,not_applicable,132.0,129.0,84.0,96.0,36.9,19.0,NONE,YELLOW,none,true,true,false,prohibited,offline_technical_pipeline_validation,SYNTHETIC_DATA_UNVALIDATED_FOR_STRUCTURAL_TESTING_ONLY_DO_NOT_USE_FOR_CLINICAL_DECISION_MAKING
CASE-V3-00211,PAT-V3-00211,FAM_GRN_01,CONCEPT_VIRAL_UPPER_RESPIRATORY_INFECTION,FAM_GRN_01_T04,21,FEMALE,en,Dry scratch in throat and blowing nose frequently at work,"Using paper tissues throughout day, drinking tea, temperature normal, no breathlessness",mild_rhinitis; intermittent_throat_clearing; normal_vitals,72.0,2.0,asthma,penicillin,unknown,73.0,115.0,80.0,98.0,36.6,16.0,NONE,GREEN,none,true,true,false,prohibited,offline_technical_pipeline_validation,SYNTHETIC_DATA_UNVALIDATED_FOR_STRUCTURAL_TESTING_ONLY_DO_NOT_USE_FOR_CLINICAL_DECISION_MAKING
CASE-V3-00213,PAT-V3-00213,FAM_YEL_20,CONCEPT_SYMPTOMATIC_TACHYCARDIA_STABLE,FAM_YEL_20_T03,81,FEMALE,or,ଚା' ପିଉଥିବା ବେଳେ ହଠାତ୍ ଛାତି ଧଡ଼ଧଡ଼ ହୋଇ ୧୩୦ରୁ ଉର୍ଦ୍ଧ୍ୱ ଗତି,"ଅବିରତ ଦ୍ରୁତ ସ୍ପନ୍ଦନ, ଥଣ୍ଡା ପାଣି ପିଇଲେ ବି ସ୍ୱାଭାବିକ ହେଉନାହିଁ, ଚମଡ଼ା ଉଷୁମ",paroxysmal_supraventricular_tachycardia_stable; throat_flutter; anxiety,18.0,1.0,migraine,"dust_mites, pollen",not_applicable,143.0,129.0,87.0,96.0,37.0,20.0,NONE,YELLOW,none,true,true,false,prohibited,offline_technical_pipeline_validation,SYNTHETIC_DATA_UNVALIDATED_FOR_STRUCTURAL_TESTING_ONLY_DO_NOT_USE_FOR_CLINICAL_DECISION_MAKING
CASE-V3-00215,PAT-V3-00215,FAM_GRN_12,CONCEPT_APHTHOUS_STOMATITIS,FAM_GRN_12_T02,23,MALE,en,Small tender blister on tip of tongue after accidental tooth bite,"Shallow greyish ulcer bed, hurts when tongue rubs teeth, eating bland khichdi comfortably",aphthous_ulcer_tongue; localized_stinging; healthy_mucosa,24.0,2.0,hypertension,amoxicillin,not_applicable,78.0,118.0,74.0,99.0,36.7,18.0,NONE,GREEN,none,true,true,false,prohibited,offline_technical_pipeline_validation,SYNTHETIC_DATA_UNVALIDATED_FOR_STRUCTURAL_TESTING_ONLY_DO_NOT_USE_FOR_CLINICAL_DECISION_MAKING
CASE-V3-00217,PAT-V3-00217,FAM_GRN_19,CONCEPT_CHRONIC_ONYCHOMYCOSIS,FAM_GRN_19_T01,33,OTHER,en,Thickened discolored yellow crumbling big toenail present for 6 months,"Toenail chalky and brittle with subungual debris, completely painless, no redness or pus at nail fold, walking normally",thickened_yellow_toenail; subungual_hyperkeratosis; painless_nail_dystrophy; no_paronychia; afebrile,4320.0,0.0,migraine,aspirin,not_applicable,68.0,127.0,73.0,100.0,36.7,16.0,NONE,GREEN,none,true,true,false,prohibited,offline_technical_pipeline_validation,SYNTHETIC_DATA_UNVALIDATED_FOR_STRUCTURAL_TESTING_ONLY_DO_NOT_USE_FOR_CLINICAL_DECISION_MAKING
CASE-V3-00218,PAT-V3-00218,FAM_YEL_11,CONCEPT_PELVIC_INFLAMMATORY_DISEASE,FAM_YEL_11_T03,18,FEMALE,hi,"निचले पेट के दोनों तरफ दर्द, पेशाब में तेज जलन और बुखार","पेल्विस की हड्डी के ऊपर दर्द, सीधा खड़ा नहीं हुआ जा रहा, 38.6 डिग्री तापमान",pelvic_peritonitis_localized; lower_quadrant_guarding; pyrexia,48.0,8.0,hypothyroidism,none_known,yes,106.0,118.0,83.0,99.0,38.6,19.0,NONE,YELLOW,none,true,true,false,prohibited,offline_technical_pipeline_validation,SYNTHETIC_DATA_UNVALIDATED_FOR_STRUCTURAL_TESTING_ONLY_DO_NOT_USE_FOR_CLINICAL_DECISION_MAKING
CASE-V3-00219,PAT-V3-00219,FAM_YEL_20,CONCEPT_SYMPTOMATIC_TACHYCARDIA_STABLE,FAM_YEL_20_T02,53,MALE,or,୪ ଘଣ୍ଟା ଧରି ଛାତି ଭିତରେ ପ୍ରଚଣ୍ଡ ଧପଧପ ଓ ଅନିୟମିତ ନାଡ଼ି,"ପଞ୍ଜରା ଭିତରେ ହୃତ୍‌ପିଣ୍ଡ ଡେଉଁଛି, ହଠାତ୍ ପ୍ରବଳ କ୍ଳାନ୍ତି, ନାଡ଼ିର ଗତି ଠିକ୍ ନାହିଁ",atrial_fibrillation_rapid_ventricular_response; pulse_deficit; fatigue,18.0,2.0,chronic_kidney_disease_stage_2,amoxicillin,not_applicable,139.0,146.0,87.0,99.0,36.9,21.0,NONE,YELLOW,none,true,true,false,prohibited,offline_technical_pipeline_validation,SYNTHETIC_DATA_UNVALIDATED_FOR_STRUCTURAL_TESTING_ONLY_DO_NOT_USE_FOR_CLINICAL_DECISION_MAKING
CASE-V3-00221,PAT-V3-00221,FAM_YEL_13,CONCEPT_CORNEAL_ABRASION_EYE_INJURY,FAM_YEL_13_T01,60,MALE,or,ଡାଳ ବାଜିବା ପରେ ଡାହାଣ ଆଖିରେ ଅସହ୍ୟ ଯନ୍ତ୍ରଣା ଓ ଆଖି ଖୋଲି ନପାରିବା,"ପତା ଜାବୁଡ଼ି ହୋଇ ବନ୍ଦ ହୋଇଯିବା, ଆଲୋକ ଆଦୌ ସହି ନପାରିବା, ଲଗାତାର ଲୁହ ବୋହିବା",severe_ocular_pain; blepharospasm; foreign_body_sensation; photophobia; lacrimation,4.0,8.0,gastroesophageal_reflux,none_known,not_applicable,99.0,139.0,74.0,100.0,37.2,16.0,NONE,YELLOW,none,true,true,false,prohibited,offline_technical_pipeline_validation,SYNTHETIC_DATA_UNVALIDATED_FOR_STRUCTURAL_TESTING_ONLY_DO_NOT_USE_FOR_CLINICAL_DECISION_MAKING
CASE-V3-00222,PAT-V3-00222,FAM_YEL_19,CONCEPT_PERITONSILLAR_ABSCESS,FAM_YEL_19_T04,35,FEMALE,en,Right tonsil throbbing with jaw locking and voice sounding like mouth full,"Worsening over 4 days despite amoxicillin, tender cervical lymph node, high body heat",tonsillar_abscess_progression; muffled_speech; high_fever,48.0,8.0,hypothyroidism,aspirin,yes,95.0,129.0,86.0,96.0,39.1,18.0,NONE,YELLOW,none,true,true,false,prohibited,offline_technical_pipeline_validation,SYNTHETIC_DATA_UNVALIDATED_FOR_STRUCTURAL_TESTING_ONLY_DO_NOT_USE_FOR_CLINICAL_DECISION_MAKING
CASE-V3-00223,PAT-V3-00223,FAM_YEL_20,CONCEPT_SYMPTOMATIC_TACHYCARDIA_STABLE,FAM_YEL_20_T01,58,FEMALE,or,ଛାତି ଭିତରେ ମାଛ ଫଡ଼ଫଡ଼ ହେବା ଭଳି ଦ୍ରୁତ ଅନିୟମିତ ସ୍ପନ୍ଦନ ଓ ମୁଣ୍ଡ ବୁଲାଇବା,"ନାଡ଼ି ୧୩୫ରେ ବେତାଳ ଚାଲୁଛି, ଗଳାରେ ଧପଧପ, ଚାଲିଲେ ମୁଣ୍ଡ ଘୁରାଉଛି, ଛାତି ବିନ୍ଧା ନାହିଁ, ରକ୍ତଚାପ ସ୍ଥିର",rapid_irregular_palpitations; flutter_sensation; lightheadedness; stable_blood_pressure; no_chest_pain,8.0,3.0,none_reported,"dust_mites, pollen",not_applicable,138.0,146.0,92.0,98.0,37.2,22.0,NONE,YELLOW,none,true,true,false,prohibited,offline_technical_pipeline_validation,SYNTHETIC_DATA_UNVALIDATED_FOR_STRUCTURAL_TESTING_ONLY_DO_NOT_USE_FOR_CLINICAL_DECISION_MAKING
CASE-V3-00226,PAT-V3-00226,FAM_GRN_04,CONCEPT_SUPERFICIAL_ABRASION,FAM_GRN_04_T02,55,MALE,hi,खेलते समय कोहनी छिल जाना और हल्की जलन,"कोहनी पर 3x3 सेमी की लाल खरोंच, पानी से धोया है, छूने पर हल्की चुभन, हाथ पूरा मुड़ रहा",friction_burn_elbow; raw_epidermis; intact_range_of_motion,2.0,4.0,hypothyroidism,amoxicillin,not_applicable,83.0,118.0,72.0,98.0,36.6,16.0,NONE,GREEN,none,true,true,false,prohibited,offline_technical_pipeline_validation,SYNTHETIC_DATA_UNVALIDATED_FOR_STRUCTURAL_TESTING_ONLY_DO_NOT_USE_FOR_CLINICAL_DECISION_MAKING
CASE-V3-00227,PAT-V3-00227,FAM_YEL_16,CONCEPT_ACUTE_MONOARTHRITIS,FAM_YEL_16_T05,44,FEMALE,or,ସକାଳୁ ପାଦ ପତା ଭିତରେ ନିଆଁ ଭଳି ପୋଡ଼ିବା ଓ ଅସହ୍ୟ ବିନ୍ଧା,"ପାଦ ହାଡ଼ ଫୁଲି ନାଲି ପଡ଼ିଛି, ଅନ୍ୟ ଗୋଡ଼ରେ ଡେଇଁ ଡେଇଁ ଚାଲୁଛନ୍ତି, ୟୁରିକ ଏସିଡ୍ ଇତିହାସ",inflammatory_arthropathy; severe_localized_joint_pain; unable_to_walk,12.0,8.0,gastroesophageal_reflux,aspirin,no,100.0,147.0,92.0,100.0,38.2,18.0,NONE,YELLOW,none,true,true,false,prohibited,offline_technical_pipeline_validation,SYNTHETIC_DATA_UNVALIDATED_FOR_STRUCTURAL_TESTING_ONLY_DO_NOT_USE_FOR_CLINICAL_DECISION_MAKING
CASE-V3-00228,PAT-V3-00228,FAM_GRN_05,CONCEPT_CHRONIC_KNEE_OSTEOARTHRITIS,FAM_GRN_05_T05,58,OTHER,or,ପାହାଚ ଓହ୍ଲାଇବା ବେଳେ ଆଣ୍ଠୁ ଚକିରେ ଧିମା ବିନ୍ଧା,"ରେଲିଂ ଧରି ଓହ୍ଲାଉଛନ୍ତି, ଗଣ୍ଠିରେ ନାଲି ବା ଉଷୁମ ନାହିଁ, ସାଧାରଣ ସ୍ୱାସ୍ଥ୍ୟ ଭଲ",chronic_arthrosis; pain_on_descending_stairs; no_systemic_symptoms,168.0,3.0,asthma,none_known,not_applicable,76.0,130.0,86.0,99.0,37.0,18.0,NONE,GREEN,none,true,true,false,prohibited,offline_technical_pipeline_validation,SYNTHETIC_DATA_UNVALIDATED_FOR_STRUCTURAL_TESTING_ONLY_DO_NOT_USE_FOR_CLINICAL_DECISION_MAKING
CASE-V3-00230,PAT-V3-00230,FAM_GRN_13,CONCEPT_MECHANICAL_NECK_STIFFNESS,FAM_GRN_13_T03,47,MALE,hi,कल लंबी गाड़ी चलाने के बाद गर्दन का घूमना बंद होना,"बगल में देखने के लिए पूरा शरीर घुमाना पड़ रहा है, नस में खिंचाव, हाथों में कोई सुन्नपन नहीं",cervical_myofascial_spasm; lateral_flexion_limited; alert,48.0,3.0,"hypertension, type_2_diabetes",sulfa_drugs,not_applicable,80.0,124.0,72.0,98.0,37.0,17.0,NONE,GREEN,none,true,true,false,prohibited,offline_technical_pipeline_validation,SYNTHETIC_DATA_UNVALIDATED_FOR_STRUCTURAL_TESTING_ONLY_DO_NOT_USE_FOR_CLINICAL_DECISION_MAKING
CASE-V3-00232,PAT-V3-00232,FAM_YEL_06,CONCEPT_DEEP_LACERATION,FAM_YEL_06_T02,28,FEMALE,or,"ଇଟା ପଡ଼ି ମୁଣ୍ଡ ଫାଟି ରକ୍ତ ବୋହିବା, ତଉଲିଆ ଦେଇ ରକ୍ତ ବନ୍ଦ କରାଯାଇଛି","ମୁଣ୍ଡ ଚମଡ଼ା ଗଭୀର ଭାବେ ଫାଟିଛି, ସିଲାଇ ଦରକାର, ରୋଗୀ ସମ୍ପୂର୍ଣ୍ଣ ସଚେତନ ଓ ବାନ୍ତି ନାହିଁ",gaping_scalp_laceration; controlled_hemostasis; no_loss_of_consciousness,4.0,8.0,osteoarthritis,amoxicillin,no,89.0,144.0,83.0,99.0,36.8,18.0,NONE,YELLOW,none,true,true,false,prohibited,offline_technical_pipeline_validation,SYNTHETIC_DATA_UNVALIDATED_FOR_STRUCTURAL_TESTING_ONLY_DO_NOT_USE_FOR_CLINICAL_DECISION_MAKING
CASE-V3-00233,PAT-V3-00233,FAM_GRN_06,CONCEPT_MILD_DYSPEPSIA,FAM_GRN_06_T02,38,FEMALE,or,ମସଲା ଚା' ପିଇବା ପରେ ଖଟା ଢେକୁର ଓ ଛାତି ମଝିରେ ସାମାନ୍ୟ ଉଷୁମ ଭାବ,"ତଣ୍ଟି ଆଡ଼କୁ ଜ୍ୱାଳା ଉଠିବା, ପାଣି ପିଇଲେ ଶାନ୍ତ ପଡ଼ିବା, ଚାଲିଲେ କଷ୍ଟ ହେଉନାହିଁ",gastroesophageal_reflux_mild; waterbrash; retrosternal_warmth,24.0,4.0,dyslipidemia,aspirin,no,84.0,122.0,82.0,100.0,36.6,14.0,NONE,GREEN,none,true,true,false,prohibited,offline_technical_pipeline_validation,SYNTHETIC_DATA_UNVALIDATED_FOR_STRUCTURAL_TESTING_ONLY_DO_NOT_USE_FOR_CLINICAL_DECISION_MAKING
CASE-V3-00234,PAT-V3-00234,FAM_GRN_15,CONCEPT_CHRONIC_TINNITUS,FAM_GRN_15_T02,58,MALE,hi,"कानों में हल्की सीटी बजने की आवाज, कान की जांच के लिए आए हैं","पंखे की आवाज में यह दब जाती है, अचानक बहरापन नहीं हुआ, कोई कान का दर्द नहीं",sensorineural_tinnitus_presbycusis; bilateral_cricket_sound; stable,720.0,0.0,none_reported,nsaids,not_applicable,77.0,124.0,80.0,98.0,37.0,18.0,NONE,GREEN,none,true,true,false,prohibited,offline_technical_pipeline_validation,SYNTHETIC_DATA_UNVALIDATED_FOR_STRUCTURAL_TESTING_ONLY_DO_NOT_USE_FOR_CLINICAL_DECISION_MAKING
CASE-V3-00237,PAT-V3-00237,FAM_YEL_06,CONCEPT_DEEP_LACERATION,FAM_YEL_06_T04,67,FEMALE,or,"ଲୁହା ଚାଦର ବାଜି ହାତପାପୁଲି ଗଭୀର କଟିବା, ଭିତର ଚର୍ବି ଦିଶୁଛି","ଆଙ୍ଗୁଠି ବଙ୍କା ହେଉଛି କିନ୍ତୁ ଭୀଷଣ ବିନ୍ଧା, ଗଜ୍ ପଟି ଦ୍ୱାରା ରକ୍ତସ୍ରାବ ବନ୍ଦ ଅଛି",industrial_hand_cut; palmar_laceration; tendon_intact,2.0,6.0,osteoarthritis,aspirin,not_applicable,90.0,142.0,84.0,99.0,36.6,18.0,NONE,YELLOW,none,true,true,false,prohibited,offline_technical_pipeline_validation,SYNTHETIC_DATA_UNVALIDATED_FOR_STRUCTURAL_TESTING_ONLY_DO_NOT_USE_FOR_CLINICAL_DECISION_MAKING
CASE-V3-00238,PAT-V3-00238,FAM_GRN_05,CONCEPT_CHRONIC_KNEE_OSTEOARTHRITIS,FAM_GRN_05_T05,63,FEMALE,or,ପାହାଚ ଓହ୍ଲାଇବା ବେଳେ ଆଣ୍ଠୁ ଚକିରେ ଧିମା ବିନ୍ଧା,"ରେଲିଂ ଧରି ଓହ୍ଲାଉଛନ୍ତି, ଗଣ୍ଠିରେ ନାଲି ବା ଉଷୁମ ନାହିଁ, ସାଧାରଣ ସ୍ୱାସ୍ଥ୍ୟ ଭଲ",chronic_arthrosis; pain_on_descending_stairs; no_systemic_symptoms,72.0,5.0,osteoarthritis,penicillin,not_applicable,73.0,136.0,74.0,97.0,36.7,14.0,NONE,GREEN,none,true,true,false,prohibited,offline_technical_pipeline_validation,SYNTHETIC_DATA_UNVALIDATED_FOR_STRUCTURAL_TESTING_ONLY_DO_NOT_USE_FOR_CLINICAL_DECISION_MAKING
CASE-V3-00239,PAT-V3-00239,FAM_YEL_15,CONCEPT_HEAD_INJURY_CONCUSSION,FAM_YEL_15_T02,38,FEMALE,en,Large bulging forehead bump after falling against doorframe with persistent nausea,"Egg-sized tender hematoma, dizzy when sitting upright, answering questions appropriately, no neck stiffness",blunt_head_trauma; goose_egg_hematoma; persistent_nausea,2.0,7.0,chronic_kidney_disease_stage_2,none_known,yes,87.0,140.0,90.0,99.0,37.0,16.0,NONE,YELLOW,none,true,true,false,prohibited,offline_technical_pipeline_validation,SYNTHETIC_DATA_UNVALIDATED_FOR_STRUCTURAL_TESTING_ONLY_DO_NOT_USE_FOR_CLINICAL_DECISION_MAKING
CASE-V3-00243,PAT-V3-00243,FAM_YEL_15,CONCEPT_HEAD_INJURY_CONCUSSION,FAM_YEL_15_T04,70,OTHER,en,Moderate head trauma from bicycle tumble with sensitivity to light and pain,"Severe bilateral headache, light hurts eyes, walking with normal gait, completely oriented",cranial_contusion; photophobia_post_trauma; gcs_normal,2.0,7.0,chronic_kidney_disease_stage_2,none_known,not_applicable,82.0,125.0,89.0,100.0,37.0,20.0,NONE,YELLOW,none,true,true,false,prohibited,offline_technical_pipeline_validation,SYNTHETIC_DATA_UNVALIDATED_FOR_STRUCTURAL_TESTING_ONLY_DO_NOT_USE_FOR_CLINICAL_DECISION_MAKING
CASE-V3-00244,PAT-V3-00244,FAM_YEL_06,CONCEPT_DEEP_LACERATION,FAM_YEL_06_T05,56,FEMALE,hi,बाथरूम में फिसलने से गाल पर 5 सेमी लंबा गहरा घाव,"गाल की हड्डी के ऊपर फटा हुआ कट, साफ कपड़े से खून रुका है, मरीज पूरी तरह बात कर रहा है",traumatic_facial_laceration; cosmetic_suture_needed; stable,1.0,7.0,hypertension,sulfa_drugs,not_applicable,95.0,138.0,84.0,98.0,36.7,19.0,NONE,YELLOW,none,true,true,false,prohibited,offline_technical_pipeline_validation,SYNTHETIC_DATA_UNVALIDATED_FOR_STRUCTURAL_TESTING_ONLY_DO_NOT_USE_FOR_CLINICAL_DECISION_MAKING
CASE-V3-00246,PAT-V3-00246,FAM_GRN_09,CONCEPT_SUPERFICIAL_FOLLICULITIS,FAM_GRN_09_T02,56,FEMALE,or,ଦାଢ଼ି କାଟିବା ପରେ ଥୋଡ଼ି ତଳେ ଲାଲ୍ ଫୋଟକା ଦାନା ଓ କୁଣ୍ଡାଇ ହେବା,"ବ୍ଲେଡ୍ ବାଜି ଛୋଟ ଛୋଟ ପୂଜ ଦାନା, କୌଣସି ଗଭୀର ଫୁଲା ନାହିଁ, ଜ୍ୱର ନାହିଁ",shaving_folliculitis_chin; superficial_pustules; localized,48.0,3.0,copd,none_known,not_applicable,80.0,125.0,71.0,98.0,36.6,16.0,NONE,GREEN,none,true,true,false,prohibited,offline_technical_pipeline_validation,SYNTHETIC_DATA_UNVALIDATED_FOR_STRUCTURAL_TESTING_ONLY_DO_NOT_USE_FOR_CLINICAL_DECISION_MAKING
CASE-V3-00247,PAT-V3-00247,FAM_YEL_20,CONCEPT_SYMPTOMATIC_TACHYCARDIA_STABLE,FAM_YEL_20_T05,52,FEMALE,hi,सीने में लगातार फड़फड़ाहट जिससे बेचैनी और कमजोरी महसूस हो रही,"तेज और असामान्य नब्ज, पसीना नहीं है, पूरी तरह होश में हैं, बीपी सामान्य",symptomatic_atrial_flutter; palpitations; preserved_perfusion,18.0,3.0,asthma,none_known,no,127.0,144.0,85.0,98.0,37.0,20.0,NONE,YELLOW,none,true,true,false,prohibited,offline_technical_pipeline_validation,SYNTHETIC_DATA_UNVALIDATED_FOR_STRUCTURAL_TESTING_ONLY_DO_NOT_USE_FOR_CLINICAL_DECISION_MAKING
CASE-V3-00248,PAT-V3-00248,FAM_GRN_19,CONCEPT_CHRONIC_ONYCHOMYCOSIS,FAM_GRN_19_T01,72,MALE,or,"୬ ମାସ ହେଲା ଗୋଡ଼ ବୁଢ଼ା ଆଙ୍ଗୁଠି ନଖ ମୋଟା, ହଳଦିଆ ଓ ଝଡ଼ିବା","ନଖ ତଳେ ଶୁଖିଲା ଚୂନ ଭଳି ମଇଳା, ଜମାରୁ ବିନ୍ଧା ନାହିଁ, ନଖ କୋଣରେ ପୂଜ ନାହିଁ, ଚାଲି ଠିକ୍ ଅଛି",thickened_yellow_toenail; subungual_hyperkeratosis; painless_nail_dystrophy; no_paronychia; afebrile,4320.0,1.0,epilepsy,amoxicillin,not_applicable,80.0,119.0,76.0,98.0,36.5,18.0,NONE,GREEN,none,true,true,false,prohibited,offline_technical_pipeline_validation,SYNTHETIC_DATA_UNVALIDATED_FOR_STRUCTURAL_TESTING_ONLY_DO_NOT_USE_FOR_CLINICAL_DECISION_MAKING
CASE-V3-00250,PAT-V3-00250,FAM_GRN_10,CONCEPT_MILD_ANKLE_SPRAIN,FAM_GRN_10_T05,39,FEMALE,en,"Stretched foot tendon during yoga class, able to walk into room","Tender soft spot in front of lateral bone, no navicular tenderness, no limp",simple_ligament_sprain; ambulatory_ottawa_negative; stable,24.0,4.0,asthma,penicillin,no,79.0,126.0,76.0,98.0,36.8,16.0,NONE,GREEN,none,true,true,false,prohibited,offline_technical_pipeline_validation,SYNTHETIC_DATA_UNVALIDATED_FOR_STRUCTURAL_TESTING_ONLY_DO_NOT_USE_FOR_CLINICAL_DECISION_MAKING
CASE-V3-00251,PAT-V3-00251,FAM_GRN_17,CONCEPT_SIMPLE_HEMORRHOIDS,FAM_GRN_17_T01,30,MALE,hi,कड़ा मल त्याग करने के बाद टॉयलेट पेपर पर ताजे लाल खून की कुछ लकीरें,"खून सिर्फ पोंछने पर बाहर लगा है, मल के अंदर कोई खून नहीं, पेट में कोई दर्द नहीं, चक्कर नहीं",painless_bright_red_rectal_bleeding_on_toilet_paper; hard_stools; chronic_constipation; no_anemia_signs; stable,72.0,3.0,asthma,none_known,not_applicable,80.0,117.0,81.0,98.0,36.6,18.0,NONE,GREEN,none,true,true,false,prohibited,offline_technical_pipeline_validation,SYNTHETIC_DATA_UNVALIDATED_FOR_STRUCTURAL_TESTING_ONLY_DO_NOT_USE_FOR_CLINICAL_DECISION_MAKING
CASE-V3-00252,PAT-V3-00252,FAM_GRN_19,CONCEPT_CHRONIC_ONYCHOMYCOSIS,FAM_GRN_19_T03,45,MALE,en,Yellow streak spreading along toenail edge noticed after monsoon season,"Nail plate lifted slightly at edge with crumbly white debris underneath, toe skin cool, no heat",subungual_onychomycosis_distal; painless; no_cellulitis,4320.0,1.0,migraine,none_known,not_applicable,70.0,118.0,78.0,100.0,36.5,15.0,NONE,GREEN,none,true,true,false,prohibited,offline_technical_pipeline_validation,SYNTHETIC_DATA_UNVALIDATED_FOR_STRUCTURAL_TESTING_ONLY_DO_NOT_USE_FOR_CLINICAL_DECISION_MAKING
CASE-V3-00253,PAT-V3-00253,FAM_GRN_02,CONCEPT_TENSION_HEADACHE,FAM_GRN_02_T05,65,MALE,en,Forehead ache recurring towards evening after study sessions,"Dull ache over eyebrows, completely resolved yesterday with regular paracetamol, no vomiting",tension_headache; bilateral_frontal; paracetamol_responsive,6.0,2.0,hypertension,unknown,not_applicable,66.0,116.0,76.0,99.0,37.1,17.0,NONE,GREEN,none,true,true,false,prohibited,offline_technical_pipeline_validation,SYNTHETIC_DATA_UNVALIDATED_FOR_STRUCTURAL_TESTING_ONLY_DO_NOT_USE_FOR_CLINICAL_DECISION_MAKING
CASE-V3-00257,PAT-V3-00257,FAM_GRN_19,CONCEPT_CHRONIC_ONYCHOMYCOSIS,FAM_GRN_19_T02,44,FEMALE,en,Rough yellowed toenails wanting antifungal paint prescription,"Both big toenails opaque and thickened, difficult to cut with ordinary clippers, non-tender",fungal_nail_infection; dystrophic_nail_plate; cosmetic_concern,720.0,0.0,coronary_artery_disease,aspirin,no,76.0,130.0,78.0,99.0,36.8,15.0,NONE,GREEN,none,true,true,false,prohibited,offline_technical_pipeline_validation,SYNTHETIC_DATA_UNVALIDATED_FOR_STRUCTURAL_TESTING_ONLY_DO_NOT_USE_FOR_CLINICAL_DECISION_MAKING
CASE-V3-00258,PAT-V3-00258,FAM_GRN_05,CONCEPT_CHRONIC_KNEE_OSTEOARTHRITIS,FAM_GRN_05_T02,72,OTHER,en,Knee soreness aggravated by damp cold weather over past week,"Familiar chronic joint ache, goes up stairs slowly, joints cool to touch, taking calcium supplements",knee_osteoarthritis_weather_flare; mechanical_ache; stable_effusion_none,72.0,4.0,hypertension,none_known,not_applicable,80.0,128.0,76.0,98.0,37.1,17.0,NONE,GREEN,none,true,true,false,prohibited,offline_technical_pipeline_validation,SYNTHETIC_DATA_UNVALIDATED_FOR_STRUCTURAL_TESTING_ONLY_DO_NOT_USE_FOR_CLINICAL_DECISION_MAKING
CASE-V3-00259,PAT-V3-00259,FAM_YEL_10,CONCEPT_ACUTE_DIVERTICULITIS,FAM_YEL_10_T05,69,FEMALE,or,ବାମ ପେଟରେ ପୂର୍ବ ଭଳି ଯନ୍ତ୍ରଣା ପୁଣି ଆରମ୍ଭ ଓ ଝାଳ ବୋହିବା,"ପୂର୍ବର ଡାଇଭର୍ଟିକ୍ୟୁଲାଇଟିସ୍ କଷ୍ଟ ଭଳି ଅନୁଭବ, ଡାହାଣ ନୁହେଁ ବାମ ପାଖରେ କଷ୍ଟ",recurrent_diverticulitis; left_iliac_tenderness; malaise,24.0,5.0,epilepsy,sulfa_drugs,not_applicable,102.0,132.0,84.0,100.0,38.8,19.0,NONE,YELLOW,none,true,true,false,prohibited,offline_technical_pipeline_validation,SYNTHETIC_DATA_UNVALIDATED_FOR_STRUCTURAL_TESTING_ONLY_DO_NOT_USE_FOR_CLINICAL_DECISION_MAKING
CASE-V3-00260,PAT-V3-00260,FAM_GRN_11,CONCEPT_IMPACTED_CERUMEN,FAM_GRN_11_T04,38,MALE,hi,चार दिन से कान के अंदर पानी भरा होने जैसा अहसास,"कान में हल्की सरसराहट, कान की बाहरी त्वचा सामान्य, संतुलन बिल्कुल ठीक",aural_fullness; autophony; no_infection_signs,336.0,2.0,gastroesophageal_reflux,"dust_mites, pollen",not_applicable,83.0,125.0,73.0,100.0,36.9,18.0,NONE,GREEN,none,true,true,false,prohibited,offline_technical_pipeline_validation,SYNTHETIC_DATA_UNVALIDATED_FOR_STRUCTURAL_TESTING_ONLY_DO_NOT_USE_FOR_CLINICAL_DECISION_MAKING
CASE-V3-00265,PAT-V3-00265,FAM_YEL_20,CONCEPT_SYMPTOMATIC_TACHYCARDIA_STABLE,FAM_YEL_20_T01,75,MALE,en,Racing irregular heartbeat jumping like fish in chest with flutter and mild dizziness,"Pulse chaotic and fast at 135 bpm, fluttering in throat, lightheaded when walking, no chest tightness, BP stable",rapid_irregular_palpitations; flutter_sensation; lightheadedness; stable_blood_pressure; no_chest_pain,8.0,1.0,osteoarthritis,nsaids,not_applicable,131.0,146.0,87.0,99.0,37.0,21.0,NONE,YELLOW,none,true,true,false,prohibited,offline_technical_pipeline_validation,SYNTHETIC_DATA_UNVALIDATED_FOR_STRUCTURAL_TESTING_ONLY_DO_NOT_USE_FOR_CLINICAL_DECISION_MAKING
CASE-V3-00266,PAT-V3-00266,FAM_GRN_15,CONCEPT_CHRONIC_TINNITUS,FAM_GRN_15_T05,42,MALE,or,"କାନରେ ଶବ୍ଦ ଯୋଗୁଁ ନିଦ ଆସିବାରେ ଅସୁବିଧା, ପରାମର୍ଶ ଦରକାର","ଦିନସାରା ଧ୍ୟାନ ରହୁନାହିଁ କିନ୍ତୁ ଶୋଇବା ବେଳେ ବାଧୁଛି, କାନରୁ ପୂଜ ନାହିଁ",chronic_ear_ringing; insomnia_secondary; ambulatory,336.0,1.0,asthma,nsaids,not_applicable,84.0,136.0,76.0,98.0,37.0,14.0,NONE,GREEN,none,true,true,false,prohibited,offline_technical_pipeline_validation,SYNTHETIC_DATA_UNVALIDATED_FOR_STRUCTURAL_TESTING_ONLY_DO_NOT_USE_FOR_CLINICAL_DECISION_MAKING
CASE-V3-00268,PAT-V3-00268,FAM_YEL_19,CONCEPT_PERITONSILLAR_ABSCESS,FAM_YEL_19_T03,46,MALE,hi,गले के एक तरफ भयानक सूजन जिससे पानी पीना भी दूभर,"थूक कप में थूकना पड़ रहा है, जबड़े के नीचे गिल्टी में तेज दर्द, जबड़ा जकड़ा हुआ, तेज बुखार",peritonsillar_cellulitis; severe_odynophagia; trismus,96.0,7.0,dyslipidemia,nsaids,not_applicable,96.0,133.0,76.0,99.0,39.2,22.0,NONE,YELLOW,none,true,true,false,prohibited,offline_technical_pipeline_validation,SYNTHETIC_DATA_UNVALIDATED_FOR_STRUCTURAL_TESTING_ONLY_DO_NOT_USE_FOR_CLINICAL_DECISION_MAKING
CASE-V3-00269,PAT-V3-00269,FAM_YEL_20,CONCEPT_SYMPTOMATIC_TACHYCARDIA_STABLE,FAM_YEL_20_T03,81,FEMALE,hi,चाय पीते समय अचानक दिल की धड़कन 130 से ऊपर भागना,"लगातार तेज धड़कन, खांसने या ठंडा पानी पीने से भी नहीं थमी, हाथ-पैर सामान्य हैं",paroxysmal_supraventricular_tachycardia_stable; throat_flutter; anxiety,8.0,4.0,epilepsy,sulfa_drugs,not_applicable,134.0,133.0,80.0,96.0,37.0,22.0,NONE,YELLOW,none,true,true,false,prohibited,offline_technical_pipeline_validation,SYNTHETIC_DATA_UNVALIDATED_FOR_STRUCTURAL_TESTING_ONLY_DO_NOT_USE_FOR_CLINICAL_DECISION_MAKING
CASE-V3-00275,PAT-V3-00275,FAM_GRN_11,CONCEPT_IMPACTED_CERUMEN,FAM_GRN_11_T05,79,FEMALE,hi,कान में मैल के कारण फोन पर बात सुनने में परेशानी,"दाहिनी तरफ से फोन की आवाज धीमी लगना, कान में सीटी की आवाज नहीं, कोई दर्द नहीं",cerumen_obstruction; auditory_muffle; stable,72.0,2.0,coronary_artery_disease,nsaids,not_applicable,81.0,114.0,72.0,100.0,36.7,17.0,NONE,GREEN,none,true,true,false,prohibited,offline_technical_pipeline_validation,SYNTHETIC_DATA_UNVALIDATED_FOR_STRUCTURAL_TESTING_ONLY_DO_NOT_USE_FOR_CLINICAL_DECISION_MAKING
CASE-V3-00276,PAT-V3-00276,FAM_GRN_12,CONCEPT_APHTHOUS_STOMATITIS,FAM_GRN_12_T05,20,MALE,en,Stinging gum sore when drinking orange juice,"Punctate 2mm superficial ulcer near molar tooth, teeth clean and firm, vitals normal",mild_stomatitis; stinging_on_citrus; normal_vitals,24.0,4.0,type_2_diabetes,penicillin,not_applicable,80.0,124.0,70.0,98.0,37.0,14.0,NONE,GREEN,none,true,true,false,prohibited,offline_technical_pipeline_validation,SYNTHETIC_DATA_UNVALIDATED_FOR_STRUCTURAL_TESTING_ONLY_DO_NOT_USE_FOR_CLINICAL_DECISION_MAKING
CASE-V3-00278,PAT-V3-00278,FAM_GRN_01,CONCEPT_VIRAL_UPPER_RESPIRATORY_INFECTION,FAM_GRN_01_T04,18,MALE,or,ଗଳାରେ ଶୁଷ୍କତା ଓ ଦିନସାରା ବାରମ୍ବାର ନାକ ଫୋଡ଼ିବା,"ନାକରୁ ପାଣି ପୋଛିବା, ଚା' ପିଇଲେ ଆରାମ, ଦେହର ଉତ୍ତାପ ସ୍ୱାଭାବିକ, ଶ୍ୱାସକ୍ରିୟା ଠିକ୍",mild_rhinitis; intermittent_throat_clearing; normal_vitals,72.0,3.0,type_2_diabetes,amoxicillin,not_applicable,69.0,123.0,72.0,98.0,37.3,17.0,NONE,GREEN,none,true,true,false,prohibited,offline_technical_pipeline_validation,SYNTHETIC_DATA_UNVALIDATED_FOR_STRUCTURAL_TESTING_ONLY_DO_NOT_USE_FOR_CLINICAL_DECISION_MAKING
CASE-V3-00282,PAT-V3-00282,FAM_YEL_13,CONCEPT_CORNEAL_ABRASION_EYE_INJURY,FAM_YEL_13_T02,64,FEMALE,or,ବାମ ଆଖିରେ ଫିନାଇଲ ଛିଟିକି ପଡ଼ି ପ୍ରବଳ ପୋଡ଼ାଜଳା ଓ ଯନ୍ତ୍ରଣା,"ପାଣିରେ ଧୋଇବା ପରେ ବି ଭୀଷଣ ପୋଡ଼ିବା, ଆଖି ଡୋଳା ଲାଲ୍ ଟହଟହ, ପତା ଫୁଲିଯିବା",chemical_splash_eye_cleaning_agent; severe_burning; conjunctival_injection,4.0,8.0,gastroesophageal_reflux,unknown,not_applicable,95.0,123.0,75.0,98.0,36.5,17.0,NONE,YELLOW,none,true,true,false,prohibited,offline_technical_pipeline_validation,SYNTHETIC_DATA_UNVALIDATED_FOR_STRUCTURAL_TESTING_ONLY_DO_NOT_USE_FOR_CLINICAL_DECISION_MAKING
CASE-V3-00283,PAT-V3-00283,FAM_YEL_06,CONCEPT_DEEP_LACERATION,FAM_YEL_06_T05,14,MALE,hi,बाथरूम में फिसलने से गाल पर 5 सेमी लंबा गहरा घाव,"गाल की हड्डी के ऊपर फटा हुआ कट, साफ कपड़े से खून रुका है, मरीज पूरी तरह बात कर रहा है",traumatic_facial_laceration; cosmetic_suture_needed; stable,4.0,6.0,copd,nsaids,not_applicable,97.0,137.0,83.0,98.0,36.7,17.0,NONE,YELLOW,none,true,true,false,prohibited,offline_technical_pipeline_validation,SYNTHETIC_DATA_UNVALIDATED_FOR_STRUCTURAL_TESTING_ONLY_DO_NOT_USE_FOR_CLINICAL_DECISION_MAKING
CASE-V3-00286,PAT-V3-00286,FAM_GRN_13,CONCEPT_MECHANICAL_NECK_STIFFNESS,FAM_GRN_13_T01,25,OTHER,or,ଯାତ୍ରା ବେଳେ ବେକ ବଙ୍କା କରି ଶୋଇବା ପରେ ସକାଳୁ ବେକ ଜାମ ହୋଇ ବିନ୍ଧିବା,"ବେକ ମାଂସପେଶୀରେ ଶକ୍ତ ଗଣ୍ଠି, ଡାହାଣକୁ ବୁଲାଇଲେ କଷ୍ଟ, ଥୋଡ଼ି ଛାତି ଛୁଇଁପାରୁଛି, ଜ୍ୱର ବା ମୁଣ୍ଡବିନ୍ଧା ନାହିଁ",mechanical_torticollis; sleeping_awkwardly; sternocleidomastoid_spasm; no_meningismus; no_fever; no_photophobia,48.0,3.0,migraine,amoxicillin,not_applicable,76.0,116.0,71.0,99.0,37.1,15.0,NONE,GREEN,none,true,true,false,prohibited,offline_technical_pipeline_validation,SYNTHETIC_DATA_UNVALIDATED_FOR_STRUCTURAL_TESTING_ONLY_DO_NOT_USE_FOR_CLINICAL_DECISION_MAKING
CASE-V3-00289,PAT-V3-00289,FAM_GRN_05,CONCEPT_CHRONIC_KNEE_OSTEOARTHRITIS,FAM_GRN_05_T03,69,FEMALE,hi,बाजार से सामान लाने के बाद दाहिने घुटने के अंदरूनी किनारे पर दर्द,"हड्डी थोड़ी मोटी महसूस होना, कोई लाली नहीं, सोफे पर पैर सीधा रखने से आराम मिलता है",degenerative_joint_ache; mild_swelling_chronic; mobile,168.0,3.0,migraine,unknown,not_applicable,69.0,122.0,80.0,99.0,36.7,17.0,NONE,GREEN,none,true,true,false,prohibited,offline_technical_pipeline_validation,SYNTHETIC_DATA_UNVALIDATED_FOR_STRUCTURAL_TESTING_ONLY_DO_NOT_USE_FOR_CLINICAL_DECISION_MAKING
CASE-V3-00291,PAT-V3-00291,FAM_YEL_19,CONCEPT_PERITONSILLAR_ABSCESS,FAM_YEL_19_T04,25,MALE,hi,"गले में दाहिनी तरफ मवाद जैसा दर्द, जबड़ा बंद और बोलने में तकलीफ","एंटीबायोटिक लेने पर भी आराम नहीं, गर्दन की गांठ में दर्द, तेज बुखार",tonsillar_abscess_progression; muffled_speech; high_fever,96.0,9.0,hypertension,none_known,not_applicable,96.0,124.0,85.0,96.0,38.8,22.0,NONE,YELLOW,none,true,true,false,prohibited,offline_technical_pipeline_validation,SYNTHETIC_DATA_UNVALIDATED_FOR_STRUCTURAL_TESTING_ONLY_DO_NOT_USE_FOR_CLINICAL_DECISION_MAKING
CASE-V3-00292,PAT-V3-00292,FAM_GRN_04,CONCEPT_SUPERFICIAL_ABRASION,FAM_GRN_04_T01,30,MALE,en,Superficial skin graze on right knee from stumbling on pavement,"Minor surface scrape with capillary oozing stopped by tissue, knee joint bends fully without bone tenderness",superficial_knee_graze; epidermal_loss_only; oozing_stopped; clean_margins; full_mobility,4.0,4.0,coronary_artery_disease,amoxicillin,not_applicable,86.0,121.0,76.0,100.0,36.8,15.0,NONE,GREEN,none,true,true,false,prohibited,offline_technical_pipeline_validation,SYNTHETIC_DATA_UNVALIDATED_FOR_STRUCTURAL_TESTING_ONLY_DO_NOT_USE_FOR_CLINICAL_DECISION_MAKING
CASE-V3-00294,PAT-V3-00294,FAM_YEL_06,CONCEPT_DEEP_LACERATION,FAM_YEL_06_T05,12,MALE,en,Bleeding jagged 5cm cut on cheek after bathroom fall,"Facial split across cheekbone, pressure held with clean napkin, alert and answering clearly",traumatic_facial_laceration; cosmetic_suture_needed; stable,0.5,6.0,coronary_artery_disease,"dust_mites, pollen",not_applicable,104.0,146.0,85.0,99.0,37.0,20.0,NONE,YELLOW,none,true,true,false,prohibited,offline_technical_pipeline_validation,SYNTHETIC_DATA_UNVALIDATED_FOR_STRUCTURAL_TESTING_ONLY_DO_NOT_USE_FOR_CLINICAL_DECISION_MAKING
CASE-V3-00297,PAT-V3-00297,FAM_YEL_02,CONCEPT_ACUTE_RENAL_COLIC,FAM_YEL_02_T01,37,FEMALE,or,କମର ଡାହାଣ ପଟୁ ଜଙ୍ଘ ଯାଏଁ ତୀବ୍ର ଲହରୀ କଷ୍ଟ ଓ ନାଲି ପରିସ୍ରା,"ଅସହ୍ୟ ଘୋଳାବିନ୍ଧା, ରୋଗୀ ଶୋଇ ରହିପାରୁ ନାହାନ୍ତି, ପରିସ୍ରାରେ ରକ୍ତ ଭଳି ରଙ୍ଗ",spasmodic_flank_pain; radiation_to_groin; microscopic_hematuria_suspect; restlessness,12.0,7.0,copd,sulfa_drugs,unknown,91.0,145.0,85.0,98.0,37.3,21.0,NONE,YELLOW,none,true,true,false,prohibited,offline_technical_pipeline_validation,SYNTHETIC_DATA_UNVALIDATED_FOR_STRUCTURAL_TESTING_ONLY_DO_NOT_USE_FOR_CLINICAL_DECISION_MAKING
CASE-V3-00299,PAT-V3-00299,FAM_YEL_14,CONCEPT_SPREADING_CELLULITIS,FAM_YEL_14_T02,64,FEMALE,or,ନାକ ଓ ଗାଲ ଉପରେ ଚଡ଼ଚଡ଼ ଲାଲ୍ ଉଷୁମ ଫୁଲା ମାଡ଼ିଯିବା,"ଧାର ସ୍ପଷ୍ଟ ହୋଇ ଫୁଲିଛି, ମୁହଁ ଟାଣି ଧରିବା, ପ୍ରବଳ ଉତ୍ତାପ, ଆଖି ଖୋଲିବାରେ ବାଧା",facial_erysipelas_suspect; raised_indurated_border; feverish,48.0,6.0,hypertension,unknown,not_applicable,97.0,128.0,88.0,100.0,39.0,18.0,NONE,YELLOW,none,true,true,false,prohibited,offline_technical_pipeline_validation,SYNTHETIC_DATA_UNVALIDATED_FOR_STRUCTURAL_TESTING_ONLY_DO_NOT_USE_FOR_CLINICAL_DECISION_MAKING
CASE-V3-00303,PAT-V3-00303,FAM_GRN_02,CONCEPT_TENSION_HEADACHE,FAM_GRN_02_T04,21,FEMALE,en,Mild continuous head heaviness with shoulder knots,"Shoulder muscles tight, headache eases slightly with neck rub, appetite normal, no fever",myofascial_cervicogenic_headache; dull_bilateral; no_red_flags,48.0,2.0,asthma,ciprofloxacin,no,77.0,124.0,77.0,98.0,36.7,16.0,NONE,GREEN,none,true,true,false,prohibited,offline_technical_pipeline_validation,SYNTHETIC_DATA_UNVALIDATED_FOR_STRUCTURAL_TESTING_ONLY_DO_NOT_USE_FOR_CLINICAL_DECISION_MAKING
CASE-V3-00304,PAT-V3-00304,FAM_GRN_13,CONCEPT_MECHANICAL_NECK_STIFFNESS,FAM_GRN_13_T01,40,FEMALE,or,ଯାତ୍ରା ବେଳେ ବେକ ବଙ୍କା କରି ଶୋଇବା ପରେ ସକାଳୁ ବେକ ଜାମ ହୋଇ ବିନ୍ଧିବା,"ବେକ ମାଂସପେଶୀରେ ଶକ୍ତ ଗଣ୍ଠି, ଡାହାଣକୁ ବୁଲାଇଲେ କଷ୍ଟ, ଥୋଡ଼ି ଛାତି ଛୁଇଁପାରୁଛି, ଜ୍ୱର ବା ମୁଣ୍ଡବିନ୍ଧା ନାହିଁ",mechanical_torticollis; sleeping_awkwardly; sternocleidomastoid_spasm; no_meningismus; no_fever; no_photophobia,24.0,3.0,coronary_artery_disease,aspirin,no,81.0,122.0,72.0,100.0,37.1,17.0,NONE,GREEN,none,true,true,false,prohibited,offline_technical_pipeline_validation,SYNTHETIC_DATA_UNVALIDATED_FOR_STRUCTURAL_TESTING_ONLY_DO_NOT_USE_FOR_CLINICAL_DECISION_MAKING
CASE-V3-00307,PAT-V3-00307,FAM_GRN_01,CONCEPT_VIRAL_UPPER_RESPIRATORY_INFECTION,FAM_GRN_01_T01,46,MALE,hi,"तीन दिन से हल्की बहती नाक, छींकें और गले में खराश","नाक से साफ पानी गिरना, गले में हल्की खुजली, छाती बिल्कुल साफ, बुखार नहीं, भूख सामान्य",clear_rhinorrhea; sneezing; mild_scratchy_throat; afebrile; normal_chest,72.0,2.0,hypertension,"dust_mites, pollen",not_applicable,80.0,112.0,78.0,98.0,36.6,17.0,NONE,GREEN,none,true,true,false,prohibited,offline_technical_pipeline_validation,SYNTHETIC_DATA_UNVALIDATED_FOR_STRUCTURAL_TESTING_ONLY_DO_NOT_USE_FOR_CLINICAL_DECISION_MAKING
CASE-V3-00309,PAT-V3-00309,FAM_GRN_10,CONCEPT_MILD_ANKLE_SPRAIN,FAM_GRN_10_T04,32,FEMALE,hi,"ऑटो से उतरते समय टखना मुड़ा, बर्फ लगाने से काफी आराम मिला","टखने के पास हल्का दर्द, बर्फ से सूजन कम हुई, जूता आराम से आ रहा है",soft_tissue_twist_ankle; ice_responsive; mobile,24.0,4.0,osteoarthritis,nsaids,no,72.0,123.0,72.0,100.0,36.9,14.0,NONE,GREEN,none,true,true,false,prohibited,offline_technical_pipeline_validation,SYNTHETIC_DATA_UNVALIDATED_FOR_STRUCTURAL_TESTING_ONLY_DO_NOT_USE_FOR_CLINICAL_DECISION_MAKING
CASE-V3-00310,PAT-V3-00310,FAM_GRN_11,CONCEPT_IMPACTED_CERUMEN,FAM_GRN_11_T04,20,MALE,or,୪ ଦିନ ହେଲା କାନ ଭିତରେ ପାଣି ପଶି ରହିଲା ଭଳି ଲାଗିବା,"କାନ ଭିତରେ ସାମାନ୍ୟ କୁତୁକୁତୁ, କାନ ବାହାର ଲାଲ୍ ନାହିଁ, ଚାଲିବାରେ ସନ୍ତୁଳନ ଠିକ୍",aural_fullness; autophony; no_infection_signs,168.0,2.0,allergic_rhinitis,aspirin,not_applicable,71.0,125.0,71.0,99.0,37.0,15.0,NONE,GREEN,none,true,true,false,prohibited,offline_technical_pipeline_validation,SYNTHETIC_DATA_UNVALIDATED_FOR_STRUCTURAL_TESTING_ONLY_DO_NOT_USE_FOR_CLINICAL_DECISION_MAKING
CASE-V3-00311,PAT-V3-00311,FAM_YEL_20,CONCEPT_SYMPTOMATIC_TACHYCARDIA_STABLE,FAM_YEL_20_T02,77,MALE,en,Sudden onset pounding irregular pulse keeping patient restless for 4 hours,"Heart thumping irregularly in ribcage, sudden fatigue, pulse feels erratic at wrist, alert",atrial_fibrillation_rapid_ventricular_response; pulse_deficit; fatigue,8.0,2.0,allergic_rhinitis,nsaids,not_applicable,126.0,135.0,92.0,96.0,36.5,22.0,NONE,YELLOW,none,true,true,false,prohibited,offline_technical_pipeline_validation,SYNTHETIC_DATA_UNVALIDATED_FOR_STRUCTURAL_TESTING_ONLY_DO_NOT_USE_FOR_CLINICAL_DECISION_MAKING
CASE-V3-00312,PAT-V3-00312,FAM_YEL_16,CONCEPT_ACUTE_MONOARTHRITIS,FAM_YEL_16_T01,50,MALE,or,"ରାତି ୩ଟାରେ ଗୋଡ଼ ବୁଢ଼ା ଆଙ୍ଗୁଠି ଗଣ୍ଠି ଲାଲ୍ ଉଷୁମ ହୋଇ ଅସହ୍ୟ କଷ୍ଟ, ଚାଦର ଛୁଇଁଲେ ବି ଯନ୍ତ୍ରଣା","ଆଙ୍ଗୁଠି ଗଣ୍ଠି ନାଲି ଟହଟହ ଓ ଫୁଲା, ପବନ ବାଜିଲେ ବି କଷ୍ଟ, ପାଦ ତଳେ ରଖି ହେଉନାହିଁ",acute_first_mtp_erythema; podagra; severe_joint_tenderness; bedsheet_intolerance,6.0,8.0,hypertension,aspirin,not_applicable,106.0,136.0,83.0,99.0,37.6,18.0,NONE,YELLOW,none,true,true,false,prohibited,offline_technical_pipeline_validation,SYNTHETIC_DATA_UNVALIDATED_FOR_STRUCTURAL_TESTING_ONLY_DO_NOT_USE_FOR_CLINICAL_DECISION_MAKING
CASE-V3-00315,PAT-V3-00315,FAM_YEL_12,CONCEPT_MODERATE_DEHYDRATION,FAM_YEL_12_T03,53,OTHER,or,ଅନବରତ ପାଣିଆ ଝାଡ଼ା ଓ ସକାଳୁ ଆଦୌ ପରିସ୍ରା ନହେବା,"ପ୍ରତି ଝାଡ଼ା ପୂର୍ବରୁ ପେଟ କାମୁଡ଼ିବା, ପାଟି ଶୁଖିଲା, ବେକରେ ଦ୍ରୁତ ନାଡ଼ି ଚାଲିବା",infective_diarrhea_volume_depletion; oliguria; crampy_abdomen,36.0,6.0,none_reported,none_known,not_applicable,109.0,106.0,73.0,97.0,37.8,21.0,NONE,YELLOW,none,true,true,false,prohibited,offline_technical_pipeline_validation,SYNTHETIC_DATA_UNVALIDATED_FOR_STRUCTURAL_TESTING_ONLY_DO_NOT_USE_FOR_CLINICAL_DECISION_MAKING
CASE-V3-00319,PAT-V3-00319,FAM_YEL_07,CONCEPT_EXTREMITY_FRACTURE,FAM_YEL_07_T05,71,OTHER,or,ଖସି ପଡ଼ିବା ପରେ ପିଲାର କହୁଣୀ ଅତ୍ୟଧିକ ଫୁଲିବା ଓ ପ୍ରବଳ କାନ୍ଦିବା,"ହାତକୁ ପେଟରେ ଲଗାଇ ରଖିଛି, ହାତ ଛୁଇଁଲେ ଚିତ୍କାର କରୁଛି, ନାଡ଼ି ସ୍ୱାଭାବିକ",elbow_supracondylar_suspect; acute_swelling; splinted,2.0,7.0,epilepsy,"dust_mites, pollen",not_applicable,93.0,138.0,88.0,99.0,36.7,17.0,NONE,YELLOW,none,true,true,false,prohibited,offline_technical_pipeline_validation,SYNTHETIC_DATA_UNVALIDATED_FOR_STRUCTURAL_TESTING_ONLY_DO_NOT_USE_FOR_CLINICAL_DECISION_MAKING
CASE-V3-00321,PAT-V3-00321,FAM_GRN_15,CONCEPT_CHRONIC_TINNITUS,FAM_GRN_15_T05,50,FEMALE,en,"Ringing in ears making it hard to fall asleep, requesting sleep aids","Noise present throughout day but annoying at bedtime, appetite normal, no ear discharge",chronic_ear_ringing; insomnia_secondary; ambulatory,2160.0,1.0,hypothyroidism,sulfa_drugs,no,77.0,120.0,75.0,98.0,36.8,18.0,NONE,GREEN,none,true,true,false,prohibited,offline_technical_pipeline_validation,SYNTHETIC_DATA_UNVALIDATED_FOR_STRUCTURAL_TESTING_ONLY_DO_NOT_USE_FOR_CLINICAL_DECISION_MAKING
CASE-V3-00323,PAT-V3-00323,FAM_YEL_06,CONCEPT_DEEP_LACERATION,FAM_YEL_06_T02,56,MALE,hi,"ईंट गिरने से सिर में गहरा घाव, तौलिए से खून दबाकर रोका हुआ","सिर की चमड़ी फटी हुई, टांके लगाने की जरूरत, मरीज पूरी तरह होश में है और कोई उल्टी नहीं",gaping_scalp_laceration; controlled_hemostasis; no_loss_of_consciousness,4.0,6.0,copd,unknown,not_applicable,103.0,127.0,84.0,99.0,36.7,16.0,NONE,YELLOW,none,true,true,false,prohibited,offline_technical_pipeline_validation,SYNTHETIC_DATA_UNVALIDATED_FOR_STRUCTURAL_TESTING_ONLY_DO_NOT_USE_FOR_CLINICAL_DECISION_MAKING
CASE-V3-00324,PAT-V3-00324,FAM_GRN_15,CONCEPT_CHRONIC_TINNITUS,FAM_GRN_15_T02,44,OTHER,en,Persistent whistling noise inside ears requesting hearing advice,"Constant faint whistle since retirement, fan sound masks it partially, no sudden drop in hearing",sensorineural_tinnitus_presbycusis; bilateral_cricket_sound; stable,2160.0,1.0,hypothyroidism,none_known,not_applicable,81.0,130.0,79.0,98.0,36.6,17.0,NONE,GREEN,none,true,true,false,prohibited,offline_technical_pipeline_validation,SYNTHETIC_DATA_UNVALIDATED_FOR_STRUCTURAL_TESTING_ONLY_DO_NOT_USE_FOR_CLINICAL_DECISION_MAKING
CASE-V3-00326,PAT-V3-00326,FAM_GRN_10,CONCEPT_MILD_ANKLE_SPRAIN,FAM_GRN_10_T01,51,FEMALE,hi,"सीढ़ी से उतरते समय बायां टखना हल्का मुड़ना, थोड़ा लंगड़ाकर पूरा वजन रख पा रहे हैं","टखने के आगे हल्की सूजन, टखने की हड्डी पर कोई दर्द नहीं, मुड़ने के तुरंत बाद 10 कदम चले थे",grade_1_inversion_sprain; minimal_lateral_swelling; able_to_bear_weight_immediately; no_bony_malleolar_tenderness,2.0,3.0,dyslipidemia,amoxicillin,unknown,71.0,125.0,83.0,98.0,36.7,15.0,NONE,GREEN,none,true,true,false,prohibited,offline_technical_pipeline_validation,SYNTHETIC_DATA_UNVALIDATED_FOR_STRUCTURAL_TESTING_ONLY_DO_NOT_USE_FOR_CLINICAL_DECISION_MAKING
CASE-V3-00328,PAT-V3-00328,FAM_GRN_15,CONCEPT_CHRONIC_TINNITUS,FAM_GRN_15_T04,52,FEMALE,or,ରାତିରେ ଶୋଇବା ବେଳେ ମୁଣ୍ଡ ଭିତରେ ଭୁଁ-ଭୁଁ ଶବ୍ଦ ଶୁଭିବା,"ଲଗାତାର ସମାନ ସ୍ୱରର ଶବ୍ଦ, ରକ୍ତଚାପ ସ୍ୱାଭାବିକ, କଥାବାର୍ତ୍ତା ସ୍ପଷ୍ଟ, ମୁଣ୍ଡବିନ୍ଧା ନାହିଁ",non_pulsatile_tinnitus; symmetrical; no_headache,336.0,1.0,gastroesophageal_reflux,none_known,no,76.0,136.0,83.0,99.0,36.8,14.0,NONE,GREEN,none,true,true,false,prohibited,offline_technical_pipeline_validation,SYNTHETIC_DATA_UNVALIDATED_FOR_STRUCTURAL_TESTING_ONLY_DO_NOT_USE_FOR_CLINICAL_DECISION_MAKING
CASE-V3-00330,PAT-V3-00330,FAM_GRN_06,CONCEPT_MILD_DYSPEPSIA,FAM_GRN_06_T04,20,MALE,hi,कल दावत का भारी खाना खाने के बाद हल्की बदहजमी और जलन,"खाने के बाद छाती में हल्की जलन, सीधा बैठने पर आराम, भूख ठीक लग रही है",indigestion; occasional_heartburn; dietary_trigger,24.0,4.0,hypothyroidism,nsaids,not_applicable,70.0,113.0,76.0,99.0,36.8,18.0,NONE,GREEN,none,true,true,false,prohibited,offline_technical_pipeline_validation,SYNTHETIC_DATA_UNVALIDATED_FOR_STRUCTURAL_TESTING_ONLY_DO_NOT_USE_FOR_CLINICAL_DECISION_MAKING
CASE-V3-00331,PAT-V3-00331,FAM_GRN_13,CONCEPT_MECHANICAL_NECK_STIFFNESS,FAM_GRN_13_T01,49,FEMALE,en,Woke up with stiff tilted neck and muscular ache after sleeping awkwardly on travel pillow,"Tight knot in side of neck muscle, hurts when turning head to right, chin can touch chest when asked, no fever, no headache, no photophobia",mechanical_torticollis; sleeping_awkwardly; sternocleidomastoid_spasm; no_meningismus; no_fever; no_photophobia,12.0,2.0,dyslipidemia,none_known,no,77.0,123.0,71.0,100.0,36.7,16.0,NONE,GREEN,none,true,true,false,prohibited,offline_technical_pipeline_validation,SYNTHETIC_DATA_UNVALIDATED_FOR_STRUCTURAL_TESTING_ONLY_DO_NOT_USE_FOR_CLINICAL_DECISION_MAKING
CASE-V3-00332,PAT-V3-00332,FAM_GRN_15,CONCEPT_CHRONIC_TINNITUS,FAM_GRN_15_T01,77,OTHER,en,Continuous high-pitched ringing sound in both ears noticed for 3 months especially at night,"Steady cicada-like hiss, more noticeable in quiet bedroom, speech hearing preserved, no dizzy spinning, no ear pain",bilateral_high_pitched_tinnitus; gradual_onset_months; non_pulsatile; stable_hearing; no_vertigo,336.0,1.0,allergic_rhinitis,nsaids,not_applicable,74.0,135.0,80.0,99.0,36.8,16.0,NONE,GREEN,none,true,true,false,prohibited,offline_technical_pipeline_validation,SYNTHETIC_DATA_UNVALIDATED_FOR_STRUCTURAL_TESTING_ONLY_DO_NOT_USE_FOR_CLINICAL_DECISION_MAKING
CASE-V3-00334,PAT-V3-00334,FAM_GRN_09,CONCEPT_SUPERFICIAL_FOLLICULITIS,FAM_GRN_09_T04,53,OTHER,hi,बांह पर बाल फंसने से लाल दाना और हल्की चुभन,"अंदर मुड़ा हुआ बाल साफ दिख रहा, दबाने पर हल्का दर्द, कोई मवाद या फैलाव नहीं",superficial_skin_infection_minor; localized; clean_margins,48.0,1.0,epilepsy,penicillin,not_applicable,84.0,114.0,76.0,100.0,36.8,15.0,NONE,GREEN,none,true,true,false,prohibited,offline_technical_pipeline_validation,SYNTHETIC_DATA_UNVALIDATED_FOR_STRUCTURAL_TESTING_ONLY_DO_NOT_USE_FOR_CLINICAL_DECISION_MAKING
CASE-V3-00336,PAT-V3-00336,FAM_GRN_02,CONCEPT_TENSION_HEADACHE,FAM_GRN_02_T02,44,OTHER,or,କାମ ଚାପ ଯୋଗୁଁ ପଛ କପାଳ ଓ ମୁଣ୍ଡ ମୂଳରେ ଧିମା ବିନ୍ଧା,"ଦୁଇ ଦିନ ହେଲା ଧୀରେ ଧୀରେ ବଢ଼ିଛି, ବେକ ବୁଲାଇଲେ ଭାରୀ ଲାଗିବା, ଦୃଷ୍ଟି ନିର୍ମଳ",stress_headache; occipital_tightness; normal_neurological,24.0,3.0,hypothyroidism,ciprofloxacin,not_applicable,81.0,130.0,82.0,100.0,36.8,18.0,NONE,GREEN,none,true,true,false,prohibited,offline_technical_pipeline_validation,SYNTHETIC_DATA_UNVALIDATED_FOR_STRUCTURAL_TESTING_ONLY_DO_NOT_USE_FOR_CLINICAL_DECISION_MAKING
CASE-V3-00337,PAT-V3-00337,FAM_GRN_02,CONCEPT_TENSION_HEADACHE,FAM_GRN_02_T04,53,MALE,hi,कंधों में तनाव के साथ सिर में हल्का भारीपन,"कंधे की मांसपेशियों में जकड़न, गर्दन दबाने पर सिर में थोड़ा आराम, भूख ठीक, बुखार नहीं",myofascial_cervicogenic_headache; dull_bilateral; no_red_flags,48.0,2.0,epilepsy,amoxicillin,not_applicable,79.0,126.0,76.0,98.0,37.0,17.0,NONE,GREEN,none,true,true,false,prohibited,offline_technical_pipeline_validation,SYNTHETIC_DATA_UNVALIDATED_FOR_STRUCTURAL_TESTING_ONLY_DO_NOT_USE_FOR_CLINICAL_DECISION_MAKING
CASE-V3-00338,PAT-V3-00338,FAM_YEL_13,CONCEPT_CORNEAL_ABRASION_EYE_INJURY,FAM_YEL_13_T04,52,MALE,or,ଲେନ୍ସ ଲଗାଇ ଶୋଇବା ପରେ ଆଖି ଲାଲ୍ ପଡ଼ି ପ୍ରବଳ ଯନ୍ତ୍ରଣା,"ଡୋଳା ପାଖରେ ଧଳା ଦାଗ, ପ୍ରବଳ ଲୁହ ଝରିବା, ଭିତରୁ ବିନ୍ଧା, ଆଲୋକରେ କଷ୍ଟ",contact_lens_corneal_ulcer_suspect; ocular_injection; photophobia,4.0,8.0,osteoarthritis,ciprofloxacin,not_applicable,83.0,127.0,87.0,99.0,36.7,20.0,NONE,YELLOW,none,true,true,false,prohibited,offline_technical_pipeline_validation,SYNTHETIC_DATA_UNVALIDATED_FOR_STRUCTURAL_TESTING_ONLY_DO_NOT_USE_FOR_CLINICAL_DECISION_MAKING
CASE-V3-00339,PAT-V3-00339,FAM_GRN_01,CONCEPT_VIRAL_UPPER_RESPIRATORY_INFECTION,FAM_GRN_01_T04,37,FEMALE,or,ଗଳାରେ ଶୁଷ୍କତା ଓ ଦିନସାରା ବାରମ୍ବାର ନାକ ଫୋଡ଼ିବା,"ନାକରୁ ପାଣି ପୋଛିବା, ଚା' ପିଇଲେ ଆରାମ, ଦେହର ଉତ୍ତାପ ସ୍ୱାଭାବିକ, ଶ୍ୱାସକ୍ରିୟା ଠିକ୍",mild_rhinitis; intermittent_throat_clearing; normal_vitals,48.0,3.0,none_reported,sulfa_drugs,no,79.0,118.0,73.0,99.0,36.7,18.0,NONE,GREEN,none,true,true,false,prohibited,offline_technical_pipeline_validation,SYNTHETIC_DATA_UNVALIDATED_FOR_STRUCTURAL_TESTING_ONLY_DO_NOT_USE_FOR_CLINICAL_DECISION_MAKING
CASE-V3-00341,PAT-V3-00341,FAM_GRN_02,CONCEPT_TENSION_HEADACHE,FAM_GRN_02_T04,26,FEMALE,or,କାନ୍ଧ ଟାଣିବା ସହ ମୁଣ୍ଡରେ ସାମାନ୍ୟ ଭାରୀପଣ,"କାନ୍ଧ ମାଂସପେଶୀ ଜାମ, ବେକ ମାଲିସ କଲେ ଆରାମ, ଭୋକ ସ୍ୱାଭାବିକ, ଜ୍ୱର ନାହିଁ",myofascial_cervicogenic_headache; dull_bilateral; no_red_flags,24.0,3.0,hypothyroidism,aspirin,no,83.0,127.0,72.0,99.0,37.0,16.0,NONE,GREEN,none,true,true,false,prohibited,offline_technical_pipeline_validation,SYNTHETIC_DATA_UNVALIDATED_FOR_STRUCTURAL_TESTING_ONLY_DO_NOT_USE_FOR_CLINICAL_DECISION_MAKING
CASE-V3-00342,PAT-V3-00342,FAM_YEL_07,CONCEPT_EXTREMITY_FRACTURE,FAM_YEL_07_T01,47,MALE,or,ହାତ ଉପରେ ପଡ଼ିଯିବା ପରେ କବଜିରେ ପ୍ରବଳ ଫୁଲା ଓ ବଙ୍କା ହେବା,"କବଜି ହାଡ଼ ବଙ୍କା ଦିଶୁଛି, ସାମାନ୍ୟ ସ୍ପର୍ଶରେ ଅସହ୍ୟ କଷ୍ଟ, ଆଙ୍ଗୁଠି ଚଳୁଛି କିନ୍ତୁ କବଜି ଅଚଳ",deformity_wrist_fracture; colles_fracture_suspect; exquisite_tenderness; neurovascular_intact,2.0,7.0,epilepsy,sulfa_drugs,not_applicable,98.0,147.0,85.0,98.0,36.9,20.0,NONE,YELLOW,none,true,true,false,prohibited,offline_technical_pipeline_validation,SYNTHETIC_DATA_UNVALIDATED_FOR_STRUCTURAL_TESTING_ONLY_DO_NOT_USE_FOR_CLINICAL_DECISION_MAKING
CASE-V3-00343,PAT-V3-00343,FAM_GRN_17,CONCEPT_SIMPLE_HEMORRHOIDS,FAM_GRN_17_T01,47,OTHER,or,ଟାଣ ଝାଡ଼ା ହେବା ପରେ କନା ବା ପେପରରେ ସାମାନ୍ୟ ତାଜା ଲାଲ୍ ରକ୍ତ ଦାଗ,"କେବଳ ପୋଛିବା ବେଳେ ବାହାରେ ରକ୍ତ ଲାଗୁଛି, ଝାଡ଼ା ଭିତରେ ରକ୍ତ ନାହିଁ, ପେଟ ବିନ୍ଧା ନାହିଁ, ମୁଣ୍ଡ ବୁଲାଉ ନାହିଁ",painless_bright_red_rectal_bleeding_on_toilet_paper; hard_stools; chronic_constipation; no_anemia_signs; stable,168.0,2.0,copd,amoxicillin,not_applicable,71.0,133.0,79.0,99.0,36.9,14.0,NONE,GREEN,none,true,true,false,prohibited,offline_technical_pipeline_validation,SYNTHETIC_DATA_UNVALIDATED_FOR_STRUCTURAL_TESTING_ONLY_DO_NOT_USE_FOR_CLINICAL_DECISION_MAKING
CASE-V3-00345,PAT-V3-00345,FAM_GRN_11,CONCEPT_IMPACTED_CERUMEN,FAM_GRN_11_T03,26,MALE,hi,कान का पुराना सूखा मैल साफ करवाने के लिए आए हैं,"बोलते समय अपनी आवाज कान में गूंजना, बुखार या गले में दर्द नहीं, मरीज बिल्कुल स्वस्थ",cerumen_impaction; request_ear_syringing; asymptomatic_otherwise,168.0,1.0,chronic_kidney_disease_stage_2,"dust_mites, pollen",not_applicable,78.0,119.0,75.0,100.0,36.9,18.0,NONE,GREEN,none,true,true,false,prohibited,offline_technical_pipeline_validation,SYNTHETIC_DATA_UNVALIDATED_FOR_STRUCTURAL_TESTING_ONLY_DO_NOT_USE_FOR_CLINICAL_DECISION_MAKING
CASE-V3-00346,PAT-V3-00346,FAM_GRN_05,CONCEPT_CHRONIC_KNEE_OSTEOARTHRITIS,FAM_GRN_05_T04,74,OTHER,or,ପୂଜା ପରେ ତଳୁ ଉଠିଲା ବେଳେ ଆଣ୍ଠୁ ଜାମ ହୋଇ ବିନ୍ଧିବା,"ଛିଡ଼ା ହେବାକୁ ଟିକେ ସମୟ ଲାଗୁଛି, କିଛି ପାଦ ଚାଲିଲେ ଖୋଲିଯାଉଛି, ଜ୍ୱର ନାହିଁ",wear_and_tear_knee_pain; stiffness_on_inactivity; ambulatory,72.0,4.0,chronic_kidney_disease_stage_2,none_known,not_applicable,83.0,132.0,81.0,100.0,36.6,14.0,NONE,GREEN,none,true,true,false,prohibited,offline_technical_pipeline_validation,SYNTHETIC_DATA_UNVALIDATED_FOR_STRUCTURAL_TESTING_ONLY_DO_NOT_USE_FOR_CLINICAL_DECISION_MAKING
CASE-V3-00347,PAT-V3-00347,FAM_YEL_19,CONCEPT_PERITONSILLAR_ABSCESS,FAM_YEL_19_T03,37,FEMALE,or,ଗଳାର ଗୋଟିଏ ପଟେ ଭୀଷଣ ଫୁଲା ଯୋଗୁଁ ଢୋକ ପିଇବା ଅସମ୍ଭବ,"ଛେପ ଗିଳି ନପାରି ପାତ୍ରରେ ପକାଉଛନ୍ତି, କାନତଳ ଗାଲ ଫୁଲି କଠିନ, ଜ୍ୱର",peritonsillar_cellulitis; severe_odynophagia; trismus,72.0,7.0,type_2_diabetes,"dust_mites, pollen",no,92.0,128.0,80.0,97.0,38.9,21.0,NONE,YELLOW,none,true,true,false,prohibited,offline_technical_pipeline_validation,SYNTHETIC_DATA_UNVALIDATED_FOR_STRUCTURAL_TESTING_ONLY_DO_NOT_USE_FOR_CLINICAL_DECISION_MAKING
CASE-V3-00349,PAT-V3-00349,FAM_GRN_12,CONCEPT_APHTHOUS_STOMATITIS,FAM_GRN_12_T05,26,MALE,or,କମଳା ରସ ପିଇଲା ବେଳେ ମାଢ଼ିରେ ପୋଡ଼ାଜଳା ଓ କଷ୍ଟ,"ଦାନ୍ତ ପାଖରେ ୨ ମିମି ଛୋଟ ଘା', ଦାନ୍ତ ଶକ୍ତ ଅଛି, ଦେହର ଉତ୍ତାପ ସ୍ୱାଭାବିକ",mild_stomatitis; stinging_on_citrus; normal_vitals,48.0,2.0,gastroesophageal_reflux,none_known,not_applicable,80.0,116.0,75.0,100.0,36.7,17.0,NONE,GREEN,none,true,true,false,prohibited,offline_technical_pipeline_validation,SYNTHETIC_DATA_UNVALIDATED_FOR_STRUCTURAL_TESTING_ONLY_DO_NOT_USE_FOR_CLINICAL_DECISION_MAKING
CASE-V3-00350,PAT-V3-00350,FAM_GRN_10,CONCEPT_MILD_ANKLE_SPRAIN,FAM_GRN_10_T01,58,FEMALE,hi,"सीढ़ी से उतरते समय बायां टखना हल्का मुड़ना, थोड़ा लंगड़ाकर पूरा वजन रख पा रहे हैं","टखने के आगे हल्की सूजन, टखने की हड्डी पर कोई दर्द नहीं, मुड़ने के तुरंत बाद 10 कदम चले थे",grade_1_inversion_sprain; minimal_lateral_swelling; able_to_bear_weight_immediately; no_bony_malleolar_tenderness,4.0,2.0,chronic_kidney_disease_stage_2,amoxicillin,not_applicable,83.0,114.0,71.0,98.0,37.0,17.0,NONE,GREEN,none,true,true,false,prohibited,offline_technical_pipeline_validation,SYNTHETIC_DATA_UNVALIDATED_FOR_STRUCTURAL_TESTING_ONLY_DO_NOT_USE_FOR_CLINICAL_DECISION_MAKING
CASE-V3-00352,PAT-V3-00352,FAM_YEL_14,CONCEPT_SPREADING_CELLULITIS,FAM_YEL_14_T04,33,FEMALE,or,ମଧୁମେହ ରୋଗୀଙ୍କ ବୁଢ଼ା ଆଙ୍ଗୁଠି ଚାରିପାଖେ ଲାଲ୍ ଫୁଲା ଉପରକୁ ମାଡ଼ିବା,"ଗୋଡ଼ ପାପୁଲି ଉଷୁମ, ନଖ କୋଣରୁ ପୂଜ ବାହାରିବା, ଜୋତା ପିନ୍ଧି ହେଉନାହିଁ",diabetic_foot_cellulitis_early; localized_erythema; tenderness,24.0,6.0,hypothyroidism,unknown,yes,91.0,127.0,86.0,97.0,38.9,22.0,NONE,YELLOW,none,true,true,false,prohibited,offline_technical_pipeline_validation,SYNTHETIC_DATA_UNVALIDATED_FOR_STRUCTURAL_TESTING_ONLY_DO_NOT_USE_FOR_CLINICAL_DECISION_MAKING
CASE-V3-00353,PAT-V3-00353,FAM_YEL_02,CONCEPT_ACUTE_RENAL_COLIC,FAM_YEL_02_T05,58,MALE,or,ଡାହାଣ କମରରୁ ପେଟ ଆଡ଼କୁ ମାଡ଼ି ଆସୁଥିବା ତୀବ୍ର ଘୋଳାବିନ୍ଧା,"ପ୍ରତି ୧୫ ମିନିଟରେ ପ୍ରଚଣ୍ଡ ଯନ୍ତ୍ରଣା, ବାନ୍ତି ଭାବ, ପୂର୍ବରୁ ପଥୁରୀ ଥିଲା",unilateral_renal_colic; severe_pain_score; episodic_spasm,6.0,7.0,coronary_artery_disease,penicillin,not_applicable,93.0,148.0,82.0,99.0,37.1,21.0,NONE,YELLOW,none,true,true,false,prohibited,offline_technical_pipeline_validation,SYNTHETIC_DATA_UNVALIDATED_FOR_STRUCTURAL_TESTING_ONLY_DO_NOT_USE_FOR_CLINICAL_DECISION_MAKING
CASE-V3-00354,PAT-V3-00354,FAM_YEL_14,CONCEPT_SPREADING_CELLULITIS,FAM_YEL_14_T03,44,MALE,en,Red streaks traveling up forearm from infected thorn scratch with fever,"Tender red tracking lines along arm to armpit, throbbing forearm heat, fever 38.4C",cellulitis_secondary_to_abrasion; ascending_lymphangitis; pain,72.0,5.0,coronary_artery_disease,none_known,not_applicable,107.0,141.0,79.0,97.0,38.7,20.0,NONE,YELLOW,none,true,true,false,prohibited,offline_technical_pipeline_validation,SYNTHETIC_DATA_UNVALIDATED_FOR_STRUCTURAL_TESTING_ONLY_DO_NOT_USE_FOR_CLINICAL_DECISION_MAKING
CASE-V3-00355,PAT-V3-00355,FAM_GRN_11,CONCEPT_IMPACTED_CERUMEN,FAM_GRN_11_T01,62,FEMALE,en,Blocked feeling and muffled hearing in right ear after swimming pool bath,"Right ear feels plugged like cotton wool, hearing reduced, no sharp pain, no fluid or blood draining, afebrile",muffled_hearing_unilateral; ear_fullness; no_ear_discharge; no_otalgia_severe; afebrile,168.0,2.0,"hypertension, type_2_diabetes",none_known,not_applicable,66.0,117.0,71.0,98.0,36.6,18.0,NONE,GREEN,none,true,true,false,prohibited,offline_technical_pipeline_validation,SYNTHETIC_DATA_UNVALIDATED_FOR_STRUCTURAL_TESTING_ONLY_DO_NOT_USE_FOR_CLINICAL_DECISION_MAKING
CASE-V3-00357,PAT-V3-00357,FAM_GRN_11,CONCEPT_IMPACTED_CERUMEN,FAM_GRN_11_T05,27,MALE,en,Decreased hearing in telephone ear due to wax buildup,"Struggles to hear phone on right side, no tinnitus, no earache, vitals completely normal",cerumen_obstruction; auditory_muffle; stable,336.0,2.0,"hypertension, type_2_diabetes",none_known,not_applicable,71.0,126.0,75.0,98.0,36.6,17.0,NONE,GREEN,none,true,true,false,prohibited,offline_technical_pipeline_validation,SYNTHETIC_DATA_UNVALIDATED_FOR_STRUCTURAL_TESTING_ONLY_DO_NOT_USE_FOR_CLINICAL_DECISION_MAKING
CASE-V3-00358,PAT-V3-00358,FAM_GRN_09,CONCEPT_SUPERFICIAL_FOLLICULITIS,FAM_GRN_09_T03,16,FEMALE,or,ନିତମ୍ବରେ ଛୋଟ ବଥ ଯୋଗୁଁ କଠିନ ଚୌକିରେ ବସିଲା ବେଳେ କଷ୍ଟ,"ମଟର ଦାନା ଭଳି ଛୋଟ ବଥ ଯେଉଁଥିରେ ହଳଦିଆ ମୁହଁ ହୋଇଛି, ଜ୍ୱର ନାହିଁ",isolated_furuncle_early; pointed_head; local_tenderness,48.0,3.0,hypertension,none_known,no,77.0,119.0,81.0,99.0,37.0,18.0,NONE,GREEN,none,true,true,false,prohibited,offline_technical_pipeline_validation,SYNTHETIC_DATA_UNVALIDATED_FOR_STRUCTURAL_TESTING_ONLY_DO_NOT_USE_FOR_CLINICAL_DECISION_MAKING
CASE-V3-00361,PAT-V3-00361,FAM_YEL_07,CONCEPT_EXTREMITY_FRACTURE,FAM_YEL_07_T05,73,FEMALE,en,Swollen distorted elbow in child after playground slide fall,"Holding arm flexed against tummy, severe crying on attempted motion, radial pulse normal",elbow_supracondylar_suspect; acute_swelling; splinted,1.0,9.0,hypothyroidism,none_known,not_applicable,108.0,137.0,85.0,100.0,36.8,17.0,NONE,YELLOW,none,true,true,false,prohibited,offline_technical_pipeline_validation,SYNTHETIC_DATA_UNVALIDATED_FOR_STRUCTURAL_TESTING_ONLY_DO_NOT_USE_FOR_CLINICAL_DECISION_MAKING
CASE-V3-00363,PAT-V3-00363,FAM_YEL_15,CONCEPT_HEAD_INJURY_CONCUSSION,FAM_YEL_15_T01,54,MALE,en,"Direct head blow during football with 30-second blackout, bad headache and one vomit","Does not remember the impact moment, throbbing temporal headache, fully awake, pupils equal and reactive",concussion_with_brief_amnesia; post_traumatic_headache; single_emesis; alert_gcs15,4.0,8.0,dyslipidemia,aspirin,not_applicable,88.0,143.0,81.0,98.0,36.8,20.0,NONE,YELLOW,none,true,true,false,prohibited,offline_technical_pipeline_validation,SYNTHETIC_DATA_UNVALIDATED_FOR_STRUCTURAL_TESTING_ONLY_DO_NOT_USE_FOR_CLINICAL_DECISION_MAKING
CASE-V3-00364,PAT-V3-00364,FAM_GRN_03,CONCEPT_ALLERGIC_RHINITIS,FAM_GRN_03_T03,57,FEMALE,en,Seasonal allergy flare with tickling nose and nose rubbing,"Constant urge to rub nose upwards, sneezing 6 times in row, afebrile, taking home antihistamines",hay_fever; nasal_pruritus; allergic_shiners_mild; clear_drainage,48.0,2.0,dyslipidemia,ciprofloxacin,not_applicable,85.0,125.0,74.0,99.0,36.6,14.0,NONE,GREEN,none,true,true,false,prohibited,offline_technical_pipeline_validation,SYNTHETIC_DATA_UNVALIDATED_FOR_STRUCTURAL_TESTING_ONLY_DO_NOT_USE_FOR_CLINICAL_DECISION_MAKING
CASE-V3-00365,PAT-V3-00365,FAM_GRN_09,CONCEPT_SUPERFICIAL_FOLLICULITIS,FAM_GRN_09_T02,54,MALE,en,Cluster of itchy red razor bumps under chin after wet shave,"Multiple tiny pustules on neck beard area, mildly itchy, completely superficial, energetic",shaving_folliculitis_chin; superficial_pustules; localized,72.0,1.0,gastroesophageal_reflux,sulfa_drugs,not_applicable,71.0,124.0,72.0,98.0,36.9,14.0,NONE,GREEN,none,true,true,false,prohibited,offline_technical_pipeline_validation,SYNTHETIC_DATA_UNVALIDATED_FOR_STRUCTURAL_TESTING_ONLY_DO_NOT_USE_FOR_CLINICAL_DECISION_MAKING
CASE-V3-00367,PAT-V3-00367,FAM_YEL_06,CONCEPT_DEEP_LACERATION,FAM_YEL_06_T04,11,FEMALE,en,Sharp metal slice across palm with exposed yellow fat tissue,"Tendon movement visible but flexing fingers intact, painful throbbing, bleeding checked with gauze",industrial_hand_cut; palmar_laceration; tendon_intact,2.0,8.0,asthma,amoxicillin,not_applicable,98.0,139.0,78.0,100.0,37.1,16.0,NONE,YELLOW,none,true,true,false,prohibited,offline_technical_pipeline_validation,SYNTHETIC_DATA_UNVALIDATED_FOR_STRUCTURAL_TESTING_ONLY_DO_NOT_USE_FOR_CLINICAL_DECISION_MAKING
CASE-V3-00368,PAT-V3-00368,FAM_GRN_11,CONCEPT_IMPACTED_CERUMEN,FAM_GRN_11_T03,48,FEMALE,en,Ear syringing request for longstanding hardened earwax,"Mild echo of own voice in left ear, no fever, no sore throat, feels perfectly well",cerumen_impaction; request_ear_syringing; asymptomatic_otherwise,72.0,2.0,type_2_diabetes,aspirin,no,69.0,126.0,73.0,99.0,37.1,14.0,NONE,GREEN,none,true,true,false,prohibited,offline_technical_pipeline_validation,SYNTHETIC_DATA_UNVALIDATED_FOR_STRUCTURAL_TESTING_ONLY_DO_NOT_USE_FOR_CLINICAL_DECISION_MAKING
CASE-V3-00369,PAT-V3-00369,FAM_GRN_13,CONCEPT_MECHANICAL_NECK_STIFFNESS,FAM_GRN_13_T05,32,MALE,or,ଖଟରେ ଶୋଇ ଲାପଟପ୍ ଦେଖିବା ଯୋଗୁଁ ବେକ ଜକଡ଼ି ଯିବା,"ସାମାନ୍ୟ ମାଲିସ କଲେ ଆରାମ, ଚାଲିଚଳଣ ସ୍ୱାଭାବିକ, ଉତ୍ତାପ ସ୍ୱାଭାବିକ",torticollis_benign; postural_origin; walking_normally,48.0,3.0,hypertension,none_known,not_applicable,70.0,123.0,77.0,99.0,36.9,17.0,NONE,GREEN,none,true,true,false,prohibited,offline_technical_pipeline_validation,SYNTHETIC_DATA_UNVALIDATED_FOR_STRUCTURAL_TESTING_ONLY_DO_NOT_USE_FOR_CLINICAL_DECISION_MAKING
CASE-V3-00370,PAT-V3-00370,FAM_GRN_06,CONCEPT_MILD_DYSPEPSIA,FAM_GRN_06_T03,52,FEMALE,en,"Fullness and stomach tightness after eating lunch, requesting digestion aid","Upper abdomen feels bloated like balloon, passes flatulence with relief, normal stools",functional_dyspepsia; postprandial_bloating; mild_epigastric_ache,6.0,2.0,"hypertension, type_2_diabetes","dust_mites, pollen",no,82.0,121.0,79.0,100.0,36.5,16.0,NONE,GREEN,none,true,true,false,prohibited,offline_technical_pipeline_validation,SYNTHETIC_DATA_UNVALIDATED_FOR_STRUCTURAL_TESTING_ONLY_DO_NOT_USE_FOR_CLINICAL_DECISION_MAKING
CASE-V3-00371,PAT-V3-00371,FAM_GRN_19,CONCEPT_CHRONIC_ONYCHOMYCOSIS,FAM_GRN_19_T01,48,FEMALE,hi,"छह महीने से पैर के अंगूठे का नाखून मोटा, पीला और भुरभुरा होना","नाखून के नीचे सूखा चूना जैसा कचरा, कोई दर्द नहीं, नाखून के कोने पर कोई सूजन या मवाद नहीं",thickened_yellow_toenail; subungual_hyperkeratosis; painless_nail_dystrophy; no_paronychia; afebrile,4320.0,0.0,hypertension,aspirin,no,75.0,115.0,72.0,98.0,37.0,18.0,NONE,GREEN,none,true,true,false,prohibited,offline_technical_pipeline_validation,SYNTHETIC_DATA_UNVALIDATED_FOR_STRUCTURAL_TESTING_ONLY_DO_NOT_USE_FOR_CLINICAL_DECISION_MAKING
CASE-V3-00372,PAT-V3-00372,FAM_YEL_06,CONCEPT_DEEP_LACERATION,FAM_YEL_06_T04,53,OTHER,hi,"हथेली में लोहे की चादर से गहरा कट, अंदर की चर्बी साफ दिख रही है","उंगलियां मुड़ रही हैं पर तेज जलन और टीस है, पट्टी बांधने से बहाव नियंत्रित है",industrial_hand_cut; palmar_laceration; tendon_intact,1.0,7.0,coronary_artery_disease,aspirin,not_applicable,101.0,142.0,85.0,98.0,37.0,17.0,NONE,YELLOW,none,true,true,false,prohibited,offline_technical_pipeline_validation,SYNTHETIC_DATA_UNVALIDATED_FOR_STRUCTURAL_TESTING_ONLY_DO_NOT_USE_FOR_CLINICAL_DECISION_MAKING
CASE-V3-00373,PAT-V3-00373,FAM_YEL_16,CONCEPT_ACUTE_MONOARTHRITIS,FAM_YEL_16_T03,36,FEMALE,en,"Known gout attack in ankle, unbearable throbbing despite two painkillers","Ankle purple-red and expanded, skin desquamating, agonizing pressure feeling, chills",gouty_arthritis_flare; hyperuricemia_history; severe_throbbing,36.0,9.0,type_2_diabetes,amoxicillin,no,96.0,134.0,82.0,100.0,37.6,16.0,NONE,YELLOW,none,true,true,false,prohibited,offline_technical_pipeline_validation,SYNTHETIC_DATA_UNVALIDATED_FOR_STRUCTURAL_TESTING_ONLY_DO_NOT_USE_FOR_CLINICAL_DECISION_MAKING
CASE-V3-00374,PAT-V3-00374,FAM_GRN_15,CONCEPT_CHRONIC_TINNITUS,FAM_GRN_15_T02,79,MALE,or,"କାନ ଭିତରେ ସାମାନ୍ୟ ସୁସୁରି ଶବ୍ଦ, ପରୀକ୍ଷା ପାଇଁ ଆସିଛନ୍ତି","ପଙ୍ଖା ଶବ୍ଦରେ କମିଯାଏ, ହଠାତ୍ କାଲ ହୋଇନାହିଁ, କାନରେ କୌଣସି କଷ୍ଟ ନାହିଁ",sensorineural_tinnitus_presbycusis; bilateral_cricket_sound; stable,336.0,0.0,"hypertension, type_2_diabetes",none_known,not_applicable,69.0,120.0,76.0,98.0,37.1,17.0,NONE,GREEN,none,true,true,false,prohibited,offline_technical_pipeline_validation,SYNTHETIC_DATA_UNVALIDATED_FOR_STRUCTURAL_TESTING_ONLY_DO_NOT_USE_FOR_CLINICAL_DECISION_MAKING
CASE-V3-00375,PAT-V3-00375,FAM_YEL_13,CONCEPT_CORNEAL_ABRASION_EYE_INJURY,FAM_YEL_13_T05,49,FEMALE,en,Blunt shuttlecock hit to eye with severe throbbing and blurred sight,"Periorbital swelling, pupil reactive, intense ache, needs slit-lamp examination",trauma_ocular_contusion; hyphema_exclusion_needed; sharp_pain,8.0,7.0,migraine,amoxicillin,no,88.0,134.0,87.0,98.0,37.0,16.0,NONE,YELLOW,none,true,true,false,prohibited,offline_technical_pipeline_validation,SYNTHETIC_DATA_UNVALIDATED_FOR_STRUCTURAL_TESTING_ONLY_DO_NOT_USE_FOR_CLINICAL_DECISION_MAKING
CASE-V3-00376,PAT-V3-00376,FAM_GRN_13,CONCEPT_MECHANICAL_NECK_STIFFNESS,FAM_GRN_13_T04,56,OTHER,or,ପଛକୁ ଚାହିଁବା ବେଳେ ବେକରେ ହଠାତ୍ ଝଟକା ଲାଗି କଷ୍ଟ,"ହଠାତ୍ ହଲାଇଲେ ବିନ୍ଧା, ଆଗପଛ ସହଜରେ ହେଉଛି, ଝିମଝିମ ନାହିଁ",muscular_neck_crick; localized_trapezius; good_general_condition,24.0,3.0,none_reported,unknown,not_applicable,72.0,122.0,74.0,99.0,36.9,17.0,NONE,GREEN,none,true,true,false,prohibited,offline_technical_pipeline_validation,SYNTHETIC_DATA_UNVALIDATED_FOR_STRUCTURAL_TESTING_ONLY_DO_NOT_USE_FOR_CLINICAL_DECISION_MAKING
CASE-V3-00377,PAT-V3-00377,FAM_GRN_01,CONCEPT_VIRAL_UPPER_RESPIRATORY_INFECTION,FAM_GRN_01_T02,56,OTHER,hi,"नाक बंद, कानों में भारीपन और गले में हल्की खराश","बारी-बारी से नाक बंद होना, सांस लेने में कोई परेशानी नहीं, घरेलू काढ़ा ले रहे हैं, बुखार नहीं",nasal_congestion; minor_head_cold; throat_tickle; ambulatory,96.0,2.0,none_reported,none_known,not_applicable,85.0,114.0,81.0,100.0,36.8,14.0,NONE,GREEN,none,true,true,false,prohibited,offline_technical_pipeline_validation,SYNTHETIC_DATA_UNVALIDATED_FOR_STRUCTURAL_TESTING_ONLY_DO_NOT_USE_FOR_CLINICAL_DECISION_MAKING
CASE-V3-00378,PAT-V3-00378,FAM_YEL_11,CONCEPT_PELVIC_INFLAMMATORY_DISEASE,FAM_YEL_11_T05,30,MALE,en,Both side lower tummy tenderness with warm forehead and feeling faint,"Pain constant for 48 hours, worse with bladder fullness, fever spikes",acute_adnexal_inflammation; lower_abdominal_tenderness; chills,96.0,7.0,asthma,none_known,not_applicable,108.0,133.0,73.0,98.0,38.5,18.0,NONE,YELLOW,none,true,true,false,prohibited,offline_technical_pipeline_validation,SYNTHETIC_DATA_UNVALIDATED_FOR_STRUCTURAL_TESTING_ONLY_DO_NOT_USE_FOR_CLINICAL_DECISION_MAKING
CASE-V3-00379,PAT-V3-00379,FAM_GRN_03,CONCEPT_ALLERGIC_RHINITIS,FAM_GRN_03_T01,55,OTHER,hi,"मौसम बदलने पर आंखों में खुजली, पानी और बार-बार छींकें आना","आंखें मलने की इच्छा, नाक से साफ पानी, तालू में खुजली, छाती में कोई रुकावट नहीं, बुखार नहीं",itchy_watery_eyes; repetitive_sneezing; clear_rhinorrhea; seasonal_pattern; afebrile,72.0,1.0,copd,sulfa_drugs,not_applicable,82.0,114.0,71.0,98.0,37.1,17.0,NONE,GREEN,none,true,true,false,prohibited,offline_technical_pipeline_validation,SYNTHETIC_DATA_UNVALIDATED_FOR_STRUCTURAL_TESTING_ONLY_DO_NOT_USE_FOR_CLINICAL_DECISION_MAKING
CASE-V3-00380,PAT-V3-00380,FAM_YEL_18,CONCEPT_SECOND_DEGREE_BURN,FAM_YEL_18_T04,20,FEMALE,hi,बाइक के गर्म साइलेंसर से पैर की पिंडली बुरी तरह जलना और फफोला,"पिंडली पर गोल जला हुआ घाव, छूने पर बहुत दर्द, टखने के पास हल्की सूजन",exhaust_pipe_burn; localized_dermal_burn; blistering,1.0,7.0,migraine,penicillin,no,88.0,128.0,82.0,98.0,37.1,17.0,NONE,YELLOW,none,true,true,false,prohibited,offline_technical_pipeline_validation,SYNTHETIC_DATA_UNVALIDATED_FOR_STRUCTURAL_TESTING_ONLY_DO_NOT_USE_FOR_CLINICAL_DECISION_MAKING
CASE-V3-00386,PAT-V3-00386,FAM_YEL_16,CONCEPT_ACUTE_MONOARTHRITIS,FAM_YEL_16_T02,60,OTHER,hi,"दाहिना घुटना अचानक गुब्बारे की तरह फूलना, गर्म होना और तेज दर्द","घुटने में बहुत ज्यादा पानी भर जाना, घुटना मुड़ नहीं रहा, हल्का बुखार और भयंकर टीस",acute_knee_monoarthritis; large_joint_effusion; warmth; fever_mild,24.0,7.0,epilepsy,aspirin,not_applicable,96.0,149.0,92.0,98.0,38.0,16.0,NONE,YELLOW,none,true,true,false,prohibited,offline_technical_pipeline_validation,SYNTHETIC_DATA_UNVALIDATED_FOR_STRUCTURAL_TESTING_ONLY_DO_NOT_USE_FOR_CLINICAL_DECISION_MAKING
CASE-V3-00388,PAT-V3-00388,FAM_YEL_13,CONCEPT_CORNEAL_ABRASION_EYE_INJURY,FAM_YEL_13_T05,57,MALE,hi,आंख पर शटलकॉक लगने के बाद तेज दर्द और कम दिखाई देना,"आंख के चारों ओर सूजन, पुतली हिल रही है, भयानक टीस, डॉक्टर द्वारा जांच जरूरी",trauma_ocular_contusion; hyphema_exclusion_needed; sharp_pain,8.0,9.0,epilepsy,"dust_mites, pollen",not_applicable,100.0,135.0,88.0,100.0,37.0,17.0,NONE,YELLOW,none,true,true,false,prohibited,offline_technical_pipeline_validation,SYNTHETIC_DATA_UNVALIDATED_FOR_STRUCTURAL_TESTING_ONLY_DO_NOT_USE_FOR_CLINICAL_DECISION_MAKING
CASE-V3-00389,PAT-V3-00389,FAM_YEL_15,CONCEPT_HEAD_INJURY_CONCUSSION,FAM_YEL_15_T02,51,OTHER,en,Large bulging forehead bump after falling against doorframe with persistent nausea,"Egg-sized tender hematoma, dizzy when sitting upright, answering questions appropriately, no neck stiffness",blunt_head_trauma; goose_egg_hematoma; persistent_nausea,1.0,8.0,chronic_kidney_disease_stage_2,sulfa_drugs,not_applicable,88.0,145.0,84.0,99.0,36.9,16.0,NONE,YELLOW,none,true,true,false,prohibited,offline_technical_pipeline_validation,SYNTHETIC_DATA_UNVALIDATED_FOR_STRUCTURAL_TESTING_ONLY_DO_NOT_USE_FOR_CLINICAL_DECISION_MAKING
CASE-V3-00390,PAT-V3-00390,FAM_YEL_10,CONCEPT_ACUTE_DIVERTICULITIS,FAM_YEL_10_T05,63,FEMALE,en,Known diverticular flare-up with pain in lower left abdomen and sweats,"Same pain as previous hospital admission, tender palpable colon, paracetamol not relieving",recurrent_diverticulitis; left_iliac_tenderness; malaise,24.0,7.0,migraine,sulfa_drugs,not_applicable,103.0,139.0,78.0,99.0,38.1,22.0,NONE,YELLOW,none,true,true,false,prohibited,offline_technical_pipeline_validation,SYNTHETIC_DATA_UNVALIDATED_FOR_STRUCTURAL_TESTING_ONLY_DO_NOT_USE_FOR_CLINICAL_DECISION_MAKING
CASE-V3-00391,PAT-V3-00391,FAM_YEL_05,CONCEPT_ACUTE_PYELONEPHRITIS,FAM_YEL_05_T03,67,FEMALE,or,"ଥରି ଜ୍ୱର, କମର ବିନ୍ଧା ଓ ପରିସ୍ରା ସଂକ୍ରମଣ ପରେ ଅତ୍ୟଧିକ ଦୁର୍ବଳତା","ପରିସ୍ରା ପୋଡ଼ିବା ଏବେ ପିଠିକୁ ବ୍ୟାପିଛି, ପ୍ରବଳ ଜ୍ୱର, ଛିଡ଼ା ହେବାକୁ ଶକ୍ତି ନାହିଁ",pyelonephritis_systemic_upset; urinary_frequency; shivers,24.0,8.0,gastroesophageal_reflux,amoxicillin,not_applicable,116.0,138.0,79.0,97.0,38.9,22.0,NONE,YELLOW,none,true,true,false,prohibited,offline_technical_pipeline_validation,SYNTHETIC_DATA_UNVALIDATED_FOR_STRUCTURAL_TESTING_ONLY_DO_NOT_USE_FOR_CLINICAL_DECISION_MAKING
CASE-V3-00393,PAT-V3-00393,FAM_GRN_13,CONCEPT_MECHANICAL_NECK_STIFFNESS,FAM_GRN_13_T05,50,OTHER,hi,बिस्तर पर लेटकर लैपटॉप चलाने से गर्दन में अकड़न,"हल्की मालिश से राहत, चलने-फिरने का तरीका सामान्य, बुखार बिल्कुल नहीं",torticollis_benign; postural_origin; walking_normally,24.0,3.0,osteoarthritis,unknown,not_applicable,70.0,125.0,78.0,99.0,36.7,14.0,NONE,GREEN,none,true,true,false,prohibited,offline_technical_pipeline_validation,SYNTHETIC_DATA_UNVALIDATED_FOR_STRUCTURAL_TESTING_ONLY_DO_NOT_USE_FOR_CLINICAL_DECISION_MAKING
CASE-V3-00394,PAT-V3-00394,FAM_YEL_20,CONCEPT_SYMPTOMATIC_TACHYCARDIA_STABLE,FAM_YEL_20_T03,46,FEMALE,or,ଚା' ପିଉଥିବା ବେଳେ ହଠାତ୍ ଛାତି ଧଡ଼ଧଡ଼ ହୋଇ ୧୩୦ରୁ ଉର୍ଦ୍ଧ୍ୱ ଗତି,"ଅବିରତ ଦ୍ରୁତ ସ୍ପନ୍ଦନ, ଥଣ୍ଡା ପାଣି ପିଇଲେ ବି ସ୍ୱାଭାବିକ ହେଉନାହିଁ, ଚମଡ଼ା ଉଷୁମ",paroxysmal_supraventricular_tachycardia_stable; throat_flutter; anxiety,4.0,1.0,asthma,sulfa_drugs,no,141.0,126.0,91.0,98.0,36.7,22.0,NONE,YELLOW,none,true,true,false,prohibited,offline_technical_pipeline_validation,SYNTHETIC_DATA_UNVALIDATED_FOR_STRUCTURAL_TESTING_ONLY_DO_NOT_USE_FOR_CLINICAL_DECISION_MAKING
CASE-V3-00395,PAT-V3-00395,FAM_YEL_11,CONCEPT_PELVIC_INFLAMMATORY_DISEASE,FAM_YEL_11_T01,34,FEMALE,en,Severe bilateral lower pelvic pain with high fever and foul vaginal discharge,"Deep aching across both lower quadrants, worsened by walking or intercourse, shivering fevers",bilateral_lower_abdominal_pain; cervical_motion_tenderness_suspect; purulent_vaginal_discharge; fever,48.0,7.0,"hypertension, type_2_diabetes",sulfa_drugs,unknown,106.0,130.0,70.0,99.0,38.7,19.0,NONE,YELLOW,none,true,true,false,prohibited,offline_technical_pipeline_validation,SYNTHETIC_DATA_UNVALIDATED_FOR_STRUCTURAL_TESTING_ONLY_DO_NOT_USE_FOR_CLINICAL_DECISION_MAKING
CASE-V3-00396,PAT-V3-00396,FAM_YEL_10,CONCEPT_ACUTE_DIVERTICULITIS,FAM_YEL_10_T05,52,OTHER,en,Known diverticular flare-up with pain in lower left abdomen and sweats,"Same pain as previous hospital admission, tender palpable colon, paracetamol not relieving",recurrent_diverticulitis; left_iliac_tenderness; malaise,24.0,5.0,dyslipidemia,ciprofloxacin,not_applicable,93.0,150.0,86.0,97.0,38.8,18.0,NONE,YELLOW,none,true,true,false,prohibited,offline_technical_pipeline_validation,SYNTHETIC_DATA_UNVALIDATED_FOR_STRUCTURAL_TESTING_ONLY_DO_NOT_USE_FOR_CLINICAL_DECISION_MAKING
CASE-V3-00398,PAT-V3-00398,FAM_GRN_02,CONCEPT_TENSION_HEADACHE,FAM_GRN_02_T05,60,FEMALE,en,Forehead ache recurring towards evening after study sessions,"Dull ache over eyebrows, completely resolved yesterday with regular paracetamol, no vomiting",tension_headache; bilateral_frontal; paracetamol_responsive,12.0,3.0,hypothyroidism,none_known,not_applicable,81.0,132.0,75.0,98.0,36.6,16.0,NONE,GREEN,none,true,true,false,prohibited,offline_technical_pipeline_validation,SYNTHETIC_DATA_UNVALIDATED_FOR_STRUCTURAL_TESTING_ONLY_DO_NOT_USE_FOR_CLINICAL_DECISION_MAKING
CASE-V3-00401,PAT-V3-00401,FAM_YEL_05,CONCEPT_ACUTE_PYELONEPHRITIS,FAM_YEL_05_T02,69,OTHER,hi,"गुर्दे वाले हिस्से में तेज दर्द, लगातार उल्टी और 102 डिग्री बुखार","पानी भी नहीं पच रहा, पीठ के बाईं तरफ तेज चुभन, पेशाब का रंग मटमैला",upper_urinary_tract_infection; loin_tenderness; persistent_vomiting,48.0,7.0,coronary_artery_disease,aspirin,not_applicable,98.0,131.0,87.0,97.0,38.8,22.0,NONE,YELLOW,none,true,true,false,prohibited,offline_technical_pipeline_validation,SYNTHETIC_DATA_UNVALIDATED_FOR_STRUCTURAL_TESTING_ONLY_DO_NOT_USE_FOR_CLINICAL_DECISION_MAKING
CASE-V3-00402,PAT-V3-00402,FAM_GRN_02,CONCEPT_TENSION_HEADACHE,FAM_GRN_02_T01,41,MALE,hi,कंप्यूटर पर देर तक काम करने के बाद माथे पर दोनों तरफ हल्का दबाव और भारीपन,"कनपटी के चारों ओर हल्की जकड़न, उल्टी का मन नहीं, रोशनी से कोई परेशानी नहीं, गर्दन में हल्का तनाव",bilateral_band_like_pressure; non_pulsatile_headache; no_photophobia; no_vomiting; neck_tightness,6.0,4.0,chronic_kidney_disease_stage_2,penicillin,not_applicable,77.0,123.0,74.0,100.0,36.8,14.0,NONE,GREEN,none,true,true,false,prohibited,offline_technical_pipeline_validation,SYNTHETIC_DATA_UNVALIDATED_FOR_STRUCTURAL_TESTING_ONLY_DO_NOT_USE_FOR_CLINICAL_DECISION_MAKING
CASE-V3-00403,PAT-V3-00403,FAM_YEL_06,CONCEPT_DEEP_LACERATION,FAM_YEL_06_T03,55,MALE,hi,"जांघ में कांच से गहरा चीरा, दो पट्टियां खून से भीग चुकी हैं","जांघ के ऊपरी हिस्से में गहरा कट, पैर सुन्न नहीं है, दबाने पर खून धीरे-धीरे रिस रहा है",glass_cut_thigh; full_thickness_wound; stable_hemodynamics,2.0,6.0,hypothyroidism,none_known,not_applicable,106.0,137.0,79.0,98.0,36.6,16.0,NONE,YELLOW,none,true,true,false,prohibited,offline_technical_pipeline_validation,SYNTHETIC_DATA_UNVALIDATED_FOR_STRUCTURAL_TESTING_ONLY_DO_NOT_USE_FOR_CLINICAL_DECISION_MAKING
CASE-V3-00404,PAT-V3-00404,FAM_YEL_13,CONCEPT_CORNEAL_ABRASION_EYE_INJURY,FAM_YEL_13_T03,43,OTHER,or,ଓ୍ୱେଲ୍ଡିଂ କଣିକା ଆଖିରେ ପଡ଼ି କ୍ରମାଗତ ଛୁଞ୍ଚି ଭଳି ଫୋଡ଼ି ହେବା,"ପତା ପକାଇଲେ କାଚ ବାଲି କଣିକା ଘଷି ହେବା ଭଳି କଷ୍ଟ, ଆଲୋକ ସହି ହେଉନାହିଁ",metallic_foreign_body_eye; corneal_abrasion; visual_blurring_mild,2.0,9.0,coronary_artery_disease,unknown,not_applicable,92.0,136.0,82.0,100.0,37.0,16.0,NONE,YELLOW,none,true,true,false,prohibited,offline_technical_pipeline_validation,SYNTHETIC_DATA_UNVALIDATED_FOR_STRUCTURAL_TESTING_ONLY_DO_NOT_USE_FOR_CLINICAL_DECISION_MAKING
CASE-V3-00405,PAT-V3-00405,FAM_GRN_01,CONCEPT_VIRAL_UPPER_RESPIRATORY_INFECTION,FAM_GRN_01_T03,27,FEMALE,hi,"आंखों से पानी, छींकें और सुबह उठने पर गले में हल्की जलन","सुबह उठते ही छींकें आना, हल्का साफ बलगम, चलने-फिरने में कोई कमजोरी नहीं",coryza; mild_dry_cough; clear_phlegm; stable,96.0,2.0,osteoarthritis,none_known,unknown,82.0,123.0,73.0,98.0,37.1,14.0,NONE,GREEN,none,true,true,false,prohibited,offline_technical_pipeline_validation,SYNTHETIC_DATA_UNVALIDATED_FOR_STRUCTURAL_TESTING_ONLY_DO_NOT_USE_FOR_CLINICAL_DECISION_MAKING
CASE-V3-00407,PAT-V3-00407,FAM_YEL_11,CONCEPT_PELVIC_INFLAMMATORY_DISEASE,FAM_YEL_11_T02,19,FEMALE,en,Intense cramping across womb area with heavy yellow discharge and chills,"Jarring pain when sitting down, high temperature, nausea and profound weakness for 3 days",acute_salpingitis_suspect; pelvic_fullness; dyspareunia; malaise,72.0,6.0,asthma,none_known,no,99.0,133.0,80.0,100.0,38.2,22.0,NONE,YELLOW,none,true,true,false,prohibited,offline_technical_pipeline_validation,SYNTHETIC_DATA_UNVALIDATED_FOR_STRUCTURAL_TESTING_ONLY_DO_NOT_USE_FOR_CLINICAL_DECISION_MAKING
CASE-V3-00408,PAT-V3-00408,FAM_GRN_13,CONCEPT_MECHANICAL_NECK_STIFFNESS,FAM_GRN_13_T02,27,FEMALE,or,ରାତିସାରା ଏସି ପବନ ବାଜି ବେକ ମାଂସ ଟାଣି ହୋଇ କଷ୍ଟ,"କାନ୍ଧ ସାମାନ୍ୟ ଉଠାଇ ରଖିଛନ୍ତି, ଗରମ ପାଣିରେ ଗାଧୋଇଲେ ଉପଶମ, ହାତରେ ସମ୍ପୂର୍ଣ୍ଣ ଶକ୍ତି",acute_wry_neck; trapezius_tightness; warm_compress_responsive,12.0,4.0,migraine,unknown,no,84.0,121.0,77.0,99.0,36.9,17.0,NONE,GREEN,none,true,true,false,prohibited,offline_technical_pipeline_validation,SYNTHETIC_DATA_UNVALIDATED_FOR_STRUCTURAL_TESTING_ONLY_DO_NOT_USE_FOR_CLINICAL_DECISION_MAKING
CASE-V3-00409,PAT-V3-00409,FAM_YEL_14,CONCEPT_SPREADING_CELLULITIS,FAM_YEL_14_T05,76,FEMALE,or,ମଶା କାମୁଡ଼ିବା ପରେ ପିଲାର ଆଖି ପତା ଲାଲ୍ ପଡ଼ି ଫୁଲିଯିବା,"ଡୋଳା ଚଳପ୍ରଚଳ ସ୍ୱାଭାବିକ, ଆଖି ପଛପଟ ବିନ୍ଧା ନାହିଁ କିନ୍ତୁ ପତା ଫୁଲିଛି, ଜ୍ୱର",periorbital_cellulitis_mild; localized_edema; intact_extraocular_movements,24.0,7.0,allergic_rhinitis,aspirin,not_applicable,96.0,145.0,86.0,97.0,38.7,18.0,NONE,YELLOW,none,true,true,false,prohibited,offline_technical_pipeline_validation,SYNTHETIC_DATA_UNVALIDATED_FOR_STRUCTURAL_TESTING_ONLY_DO_NOT_USE_FOR_CLINICAL_DECISION_MAKING
CASE-V3-00411,PAT-V3-00411,FAM_GRN_01,CONCEPT_VIRAL_UPPER_RESPIRATORY_INFECTION,FAM_GRN_01_T03,59,MALE,or,"ଆଖିରୁ ପାଣି ବୋହିବା, ଛିଙ୍କ ଓ ସକାଳେ ଗଳାରେ ସାମାନ୍ୟ ଜ୍ୱାଳା","ସକାଳୁ ଛିଙ୍କ ଆସିବା, ସାମାନ୍ୟ ଧଳା କଫ, ଦୁର୍ବଳତା ନାହିଁ, ଚାଲିବୁଲି ପାରୁଛନ୍ତି",coryza; mild_dry_cough; clear_phlegm; stable,48.0,3.0,hypertension,aspirin,not_applicable,77.0,121.0,76.0,98.0,37.0,15.0,NONE,GREEN,none,true,true,false,prohibited,offline_technical_pipeline_validation,SYNTHETIC_DATA_UNVALIDATED_FOR_STRUCTURAL_TESTING_ONLY_DO_NOT_USE_FOR_CLINICAL_DECISION_MAKING
CASE-V3-00415,PAT-V3-00415,FAM_GRN_09,CONCEPT_SUPERFICIAL_FOLLICULITIS,FAM_GRN_09_T02,49,MALE,hi,दाढ़ी बनाने के बाद ठुड्डी के नीचे लाल दाने और हल्की खुजली,"रेजर लगने से गर्दन पर छोटे-छोटे सफेद दाने, कोई गहरी गांठ नहीं, बुखार नहीं",shaving_folliculitis_chin; superficial_pustules; localized,96.0,2.0,migraine,penicillin,not_applicable,77.0,126.0,70.0,100.0,36.5,17.0,NONE,GREEN,none,true,true,false,prohibited,offline_technical_pipeline_validation,SYNTHETIC_DATA_UNVALIDATED_FOR_STRUCTURAL_TESTING_ONLY_DO_NOT_USE_FOR_CLINICAL_DECISION_MAKING
CASE-V3-00416,PAT-V3-00416,FAM_GRN_05,CONCEPT_CHRONIC_KNEE_OSTEOARTHRITIS,FAM_GRN_05_T04,59,FEMALE,en,Stiff knees when standing up from floor mat after puja,"Takes a minute to straighten up, smooths out after walking 20 steps, normal appetite, no fever",wear_and_tear_knee_pain; stiffness_on_inactivity; ambulatory,336.0,4.0,none_reported,none_known,not_applicable,74.0,122.0,78.0,100.0,36.6,17.0,NONE,GREEN,none,true,true,false,prohibited,offline_technical_pipeline_validation,SYNTHETIC_DATA_UNVALIDATED_FOR_STRUCTURAL_TESTING_ONLY_DO_NOT_USE_FOR_CLINICAL_DECISION_MAKING
CASE-V3-00417,PAT-V3-00417,FAM_GRN_01,CONCEPT_VIRAL_UPPER_RESPIRATORY_INFECTION,FAM_GRN_01_T01,71,MALE,or,"୩ ଦିନ ହେଲା ସାମାନ୍ୟ ନାକରୁ ପାଣି ବୋହିବା, ଛିଙ୍କ ଓ ଖସଖସ କାଶ","ନାକରୁ ନିର୍ମଳ ପାଣି ଝରିବା, ତଣ୍ଟି କୁଣ୍ଡାଇ ହେବା, ଛାତି ପରିଷ୍କାର, ଜ୍ୱର ନାହିଁ, ଭୋକ ସ୍ୱାଭାବିକ",clear_rhinorrhea; sneezing; mild_scratchy_throat; afebrile; normal_chest,96.0,3.0,type_2_diabetes,none_known,not_applicable,79.0,125.0,71.0,100.0,37.0,15.0,NONE,GREEN,none,true,true,false,prohibited,offline_technical_pipeline_validation,SYNTHETIC_DATA_UNVALIDATED_FOR_STRUCTURAL_TESTING_ONLY_DO_NOT_USE_FOR_CLINICAL_DECISION_MAKING
CASE-V3-00420,PAT-V3-00420,FAM_GRN_13,CONCEPT_MECHANICAL_NECK_STIFFNESS,FAM_GRN_13_T05,21,FEMALE,or,ଖଟରେ ଶୋଇ ଲାପଟପ୍ ଦେଖିବା ଯୋଗୁଁ ବେକ ଜକଡ଼ି ଯିବା,"ସାମାନ୍ୟ ମାଲିସ କଲେ ଆରାମ, ଚାଲିଚଳଣ ସ୍ୱାଭାବିକ, ଉତ୍ତାପ ସ୍ୱାଭାବିକ",torticollis_benign; postural_origin; walking_normally,12.0,4.0,allergic_rhinitis,none_known,unknown,72.0,115.0,74.0,99.0,36.6,17.0,NONE,GREEN,none,true,true,false,prohibited,offline_technical_pipeline_validation,SYNTHETIC_DATA_UNVALIDATED_FOR_STRUCTURAL_TESTING_ONLY_DO_NOT_USE_FOR_CLINICAL_DECISION_MAKING
CASE-V3-00421,PAT-V3-00421,FAM_YEL_16,CONCEPT_ACUTE_MONOARTHRITIS,FAM_YEL_16_T01,41,MALE,or,"ରାତି ୩ଟାରେ ଗୋଡ଼ ବୁଢ଼ା ଆଙ୍ଗୁଠି ଗଣ୍ଠି ଲାଲ୍ ଉଷୁମ ହୋଇ ଅସହ୍ୟ କଷ୍ଟ, ଚାଦର ଛୁଇଁଲେ ବି ଯନ୍ତ୍ରଣା","ଆଙ୍ଗୁଠି ଗଣ୍ଠି ନାଲି ଟହଟହ ଓ ଫୁଲା, ପବନ ବାଜିଲେ ବି କଷ୍ଟ, ପାଦ ତଳେ ରଖି ହେଉନାହିଁ",acute_first_mtp_erythema; podagra; severe_joint_tenderness; bedsheet_intolerance,24.0,8.0,hypothyroidism,penicillin,not_applicable,90.0,146.0,84.0,98.0,38.4,17.0,NONE,YELLOW,none,true,true,false,prohibited,offline_technical_pipeline_validation,SYNTHETIC_DATA_UNVALIDATED_FOR_STRUCTURAL_TESTING_ONLY_DO_NOT_USE_FOR_CLINICAL_DECISION_MAKING
CASE-V3-00424,PAT-V3-00424,FAM_YEL_13,CONCEPT_CORNEAL_ABRASION_EYE_INJURY,FAM_YEL_13_T04,55,FEMALE,or,ଲେନ୍ସ ଲଗାଇ ଶୋଇବା ପରେ ଆଖି ଲାଲ୍ ପଡ଼ି ପ୍ରବଳ ଯନ୍ତ୍ରଣା,"ଡୋଳା ପାଖରେ ଧଳା ଦାଗ, ପ୍ରବଳ ଲୁହ ଝରିବା, ଭିତରୁ ବିନ୍ଧା, ଆଲୋକରେ କଷ୍ଟ",contact_lens_corneal_ulcer_suspect; ocular_injection; photophobia,1.0,8.0,chronic_kidney_disease_stage_2,aspirin,unknown,85.0,141.0,77.0,98.0,36.7,18.0,NONE,YELLOW,none,true,true,false,prohibited,offline_technical_pipeline_validation,SYNTHETIC_DATA_UNVALIDATED_FOR_STRUCTURAL_TESTING_ONLY_DO_NOT_USE_FOR_CLINICAL_DECISION_MAKING
CASE-V3-00425,PAT-V3-00425,FAM_GRN_06,CONCEPT_MILD_DYSPEPSIA,FAM_GRN_06_T05,46,FEMALE,or,ଖାଲି ପେଟରେ କଡ଼ା କଫି ପିଇବା ପରେ ପେଟରେ ସାମାନ୍ୟ ଜ୍ୱାଳା,"ପେଟ ଭିତରେ କାମୁଡ଼ିଲା ଭଳି ଲାଗିବା, ଥଣ୍ଡା କ୍ଷୀର ପିଇଲେ ତୁରନ୍ତ ଉପଶମ, ସୁସ୍ଥ ଅଛନ୍ତି",gastric_irritation_mild; non_radiating; afebrile,24.0,4.0,copd,none_known,no,73.0,112.0,81.0,98.0,36.7,14.0,NONE,GREEN,none,true,true,false,prohibited,offline_technical_pipeline_validation,SYNTHETIC_DATA_UNVALIDATED_FOR_STRUCTURAL_TESTING_ONLY_DO_NOT_USE_FOR_CLINICAL_DECISION_MAKING
CASE-V3-00426,PAT-V3-00426,FAM_YEL_06,CONCEPT_DEEP_LACERATION,FAM_YEL_06_T02,12,FEMALE,en,Gaping scalp cut from falling brick with bleeding slowed by towel,"Large scalp split requiring stitches, patient fully alert with no vomit or blackouts, steady pressure applied",gaping_scalp_laceration; controlled_hemostasis; no_loss_of_consciousness,0.5,7.0,dyslipidemia,amoxicillin,no,104.0,132.0,80.0,98.0,37.1,19.0,NONE,YELLOW,none,true,true,false,prohibited,offline_technical_pipeline_validation,SYNTHETIC_DATA_UNVALIDATED_FOR_STRUCTURAL_TESTING_ONLY_DO_NOT_USE_FOR_CLINICAL_DECISION_MAKING
CASE-V3-00427,PAT-V3-00427,FAM_GRN_12,CONCEPT_APHTHOUS_STOMATITIS,FAM_GRN_12_T01,15,MALE,or,ତଳ ଓଠ ଭିତରେ ଛୋଟ ଧଳା ଘା' ଯାହା ରାଗ ତରକାରୀ ଖାଇଲେ ପୋଡୁଛି,"୩ ମିମି ଗୋଲାକାର ଧଳା ଘା', ଲୁଣ ବା ଲେମ୍ବୁ ବାଜିଲେ ପୋଡ଼ିବା, ଜ୍ୱର ନାହିଁ, ବେକରେ ଗାଣ୍ଠି ନାହିଁ",single_oral_canker_sore; inner_lip_ulcer_3mm; painful_with_spicy_food; no_neck_lymphadenopathy; afebrile,72.0,3.0,chronic_kidney_disease_stage_2,amoxicillin,not_applicable,77.0,119.0,73.0,99.0,36.8,14.0,NONE,GREEN,none,true,true,false,prohibited,offline_technical_pipeline_validation,SYNTHETIC_DATA_UNVALIDATED_FOR_STRUCTURAL_TESTING_ONLY_DO_NOT_USE_FOR_CLINICAL_DECISION_MAKING
CASE-V3-00432,PAT-V3-00432,FAM_YEL_15,CONCEPT_HEAD_INJURY_CONCUSSION,FAM_YEL_15_T01,25,OTHER,hi,"फुटबॉल खेलते समय सिर में टक्कर, 30 सेकंड बेहोशी, तेज सिरदर्द और एक उल्टी","चोट लगने का समय याद नहीं, कनपटी में तेज दर्द, पूरी तरह होश में, दोनों पुतलियां सामान्य",concussion_with_brief_amnesia; post_traumatic_headache; single_emesis; alert_gcs15,4.0,8.0,"hypertension, type_2_diabetes",ciprofloxacin,not_applicable,80.0,148.0,89.0,99.0,37.1,16.0,NONE,YELLOW,none,true,true,false,prohibited,offline_technical_pipeline_validation,SYNTHETIC_DATA_UNVALIDATED_FOR_STRUCTURAL_TESTING_ONLY_DO_NOT_USE_FOR_CLINICAL_DECISION_MAKING
CASE-V3-00434,PAT-V3-00434,FAM_YEL_18,CONCEPT_SECOND_DEGREE_BURN,FAM_YEL_18_T01,46,OTHER,en,Severe boiling water scald across right forearm with large fluid-filled blisters,"Large tense blisters covering forearm, raw pink weeping skin exposed where one blister popped, intense pain",scald_burn_forearm; bullae_formation; intense_pain; partial_thickness,0.5,7.0,hypertension,ciprofloxacin,not_applicable,101.0,129.0,88.0,99.0,36.7,18.0,NONE,YELLOW,none,true,true,false,prohibited,offline_technical_pipeline_validation,SYNTHETIC_DATA_UNVALIDATED_FOR_STRUCTURAL_TESTING_ONLY_DO_NOT_USE_FOR_CLINICAL_DECISION_MAKING
CASE-V3-00435,PAT-V3-00435,FAM_YEL_12,CONCEPT_MODERATE_DEHYDRATION,FAM_YEL_12_T01,35,MALE,en,Over 12 watery stools and repeated vomiting in 24 hours with dizzy spells on standing,"Dry parched tongue, sunken dark circles under eyes, passing very dark scant urine, fast heart rate on standing",profuse_watery_diarrhea; frequent_vomiting; sunken_eyes; tachycardia_orthostatic; dry_tongue,36.0,7.0,copd,none_known,not_applicable,112.0,100.0,72.0,100.0,37.7,21.0,NONE,YELLOW,none,true,true,false,prohibited,offline_technical_pipeline_validation,SYNTHETIC_DATA_UNVALIDATED_FOR_STRUCTURAL_TESTING_ONLY_DO_NOT_USE_FOR_CLINICAL_DECISION_MAKING
CASE-V3-00436,PAT-V3-00436,FAM_YEL_19,CONCEPT_PERITONSILLAR_ABSCESS,FAM_YEL_19_T02,40,MALE,en,Intense throat agony shooting into right ear when swallowing water,"Ear pain triggered by swallowing, large swollen tonsillar mass, fever unbroken for 3 days",quinsy_suspect; referred_otalgia; uvular_deviation_suspect; dysphagia,96.0,8.0,copd,aspirin,not_applicable,94.0,127.0,81.0,97.0,38.4,20.0,NONE,YELLOW,none,true,true,false,prohibited,offline_technical_pipeline_validation,SYNTHETIC_DATA_UNVALIDATED_FOR_STRUCTURAL_TESTING_ONLY_DO_NOT_USE_FOR_CLINICAL_DECISION_MAKING
CASE-V3-00437,PAT-V3-00437,FAM_GRN_06,CONCEPT_MILD_DYSPEPSIA,FAM_GRN_06_T03,56,OTHER,en,"Fullness and stomach tightness after eating lunch, requesting digestion aid","Upper abdomen feels bloated like balloon, passes flatulence with relief, normal stools",functional_dyspepsia; postprandial_bloating; mild_epigastric_ache,12.0,4.0,gastroesophageal_reflux,none_known,not_applicable,79.0,121.0,74.0,100.0,37.0,18.0,NONE,GREEN,none,true,true,false,prohibited,offline_technical_pipeline_validation,SYNTHETIC_DATA_UNVALIDATED_FOR_STRUCTURAL_TESTING_ONLY_DO_NOT_USE_FOR_CLINICAL_DECISION_MAKING
CASE-V3-00438,PAT-V3-00438,FAM_YEL_02,CONCEPT_ACUTE_RENAL_COLIC,FAM_YEL_02_T05,28,MALE,or,ଡାହାଣ କମରରୁ ପେଟ ଆଡ଼କୁ ମାଡ଼ି ଆସୁଥିବା ତୀବ୍ର ଘୋଳାବିନ୍ଧା,"ପ୍ରତି ୧୫ ମିନିଟରେ ପ୍ରଚଣ୍ଡ ଯନ୍ତ୍ରଣା, ବାନ୍ତି ଭାବ, ପୂର୍ବରୁ ପଥୁରୀ ଥିଲା",unilateral_renal_colic; severe_pain_score; episodic_spasm,2.0,9.0,type_2_diabetes,"dust_mites, pollen",not_applicable,108.0,136.0,89.0,100.0,36.8,20.0,NONE,YELLOW,none,true,true,false,prohibited,offline_technical_pipeline_validation,SYNTHETIC_DATA_UNVALIDATED_FOR_STRUCTURAL_TESTING_ONLY_DO_NOT_USE_FOR_CLINICAL_DECISION_MAKING
CASE-V3-00439,PAT-V3-00439,FAM_GRN_13,CONCEPT_MECHANICAL_NECK_STIFFNESS,FAM_GRN_13_T03,18,FEMALE,en,"Stiff neck after long highway driving yesterday, turning whole body to see","Rotates torso instead of neck to look sideways, paraspinal muscles tender, no numbness",cervical_myofascial_spasm; lateral_flexion_limited; alert,12.0,2.0,gastroesophageal_reflux,ciprofloxacin,no,69.0,117.0,78.0,98.0,36.5,17.0,NONE,GREEN,none,true,true,false,prohibited,offline_technical_pipeline_validation,SYNTHETIC_DATA_UNVALIDATED_FOR_STRUCTURAL_TESTING_ONLY_DO_NOT_USE_FOR_CLINICAL_DECISION_MAKING
CASE-V3-00442,PAT-V3-00442,FAM_GRN_04,CONCEPT_SUPERFICIAL_ABRASION,FAM_GRN_04_T02,45,OTHER,hi,खेलते समय कोहनी छिल जाना और हल्की जलन,"कोहनी पर 3x3 सेमी की लाल खरोंच, पानी से धोया है, छूने पर हल्की चुभन, हाथ पूरा मुड़ रहा",friction_burn_elbow; raw_epidermis; intact_range_of_motion,8.0,3.0,copd,"dust_mites, pollen",not_applicable,72.0,119.0,79.0,98.0,37.0,16.0,NONE,GREEN,none,true,true,false,prohibited,offline_technical_pipeline_validation,SYNTHETIC_DATA_UNVALIDATED_FOR_STRUCTURAL_TESTING_ONLY_DO_NOT_USE_FOR_CLINICAL_DECISION_MAKING
CASE-V3-00444,PAT-V3-00444,FAM_GRN_01,CONCEPT_VIRAL_UPPER_RESPIRATORY_INFECTION,FAM_GRN_01_T01,48,FEMALE,hi,"तीन दिन से हल्की बहती नाक, छींकें और गले में खराश","नाक से साफ पानी गिरना, गले में हल्की खुजली, छाती बिल्कुल साफ, बुखार नहीं, भूख सामान्य",clear_rhinorrhea; sneezing; mild_scratchy_throat; afebrile; normal_chest,72.0,3.0,allergic_rhinitis,nsaids,no,80.0,111.0,80.0,100.0,36.7,18.0,NONE,GREEN,none,true,true,false,prohibited,offline_technical_pipeline_validation,SYNTHETIC_DATA_UNVALIDATED_FOR_STRUCTURAL_TESTING_ONLY_DO_NOT_USE_FOR_CLINICAL_DECISION_MAKING
CASE-V3-00445,PAT-V3-00445,FAM_YEL_14,CONCEPT_SPREADING_CELLULITIS,FAM_YEL_14_T03,62,MALE,hi,कांटा चुभने के बाद हाथ में लाल लकीरें ऊपर कंधे की तरफ बढ़ रही हैं,"बगल तक लाल धारियां, हाथ में तेज टीस और भारीपन, 38.4 डिग्री बुखार",cellulitis_secondary_to_abrasion; ascending_lymphangitis; pain,72.0,5.0,chronic_kidney_disease_stage_2,amoxicillin,not_applicable,108.0,146.0,79.0,100.0,38.8,19.0,NONE,YELLOW,none,true,true,false,prohibited,offline_technical_pipeline_validation,SYNTHETIC_DATA_UNVALIDATED_FOR_STRUCTURAL_TESTING_ONLY_DO_NOT_USE_FOR_CLINICAL_DECISION_MAKING
CASE-V3-00446,PAT-V3-00446,FAM_GRN_04,CONCEPT_SUPERFICIAL_ABRASION,FAM_GRN_04_T03,13,MALE,or,"ପାହାଚରେ ଝୁଣ୍ଟି ହାତ ପାପୁଲି ଛାଲିଯିବା, ଔଷଧ ଲଗାଇବା ଦରକାର","ପାପୁଲି ତଳ ଭାଗରେ ସାମାନ୍ୟ ରାମ୍ପୁଡ଼ା, କୌଣସି ଧୂଳି ପଶିନାହିଁ, ଆଙ୍ଗୁଠି ଚଳପ୍ରଚଳ ସ୍ୱାଭାବିକ",palm_abrasion_fall; clean_wound; no_foreign_body,2.0,2.0,hypothyroidism,ciprofloxacin,not_applicable,86.0,116.0,79.0,100.0,36.7,16.0,NONE,GREEN,none,true,true,false,prohibited,offline_technical_pipeline_validation,SYNTHETIC_DATA_UNVALIDATED_FOR_STRUCTURAL_TESTING_ONLY_DO_NOT_USE_FOR_CLINICAL_DECISION_MAKING
CASE-V3-00447,PAT-V3-00447,FAM_YEL_16,CONCEPT_ACUTE_MONOARTHRITIS,FAM_YEL_16_T04,45,FEMALE,or,ରାତିକରେ କହୁଣୀ ଗଣ୍ଠି ଦୁଇଗୁଣ ଫୁଲି ଲାଲ୍ ପଡ଼ିବା ଓ ୩୮.୧ ଡିଗ୍ରୀ ଜ୍ୱର,"କହୁଣୀ ଛୁଇଁଲେ ନିଆଁ ଭଳି ତାତି, ହାତ ହଲାଇବା ଅସମ୍ଭବ, ପ୍ରବଳ ଯନ୍ତ୍ରଣା",monoarticular_swelling; joint_fluid_analysis_needed; feverish,12.0,9.0,allergic_rhinitis,nsaids,no,88.0,144.0,82.0,98.0,37.5,18.0,NONE,YELLOW,none,true,true,false,prohibited,offline_technical_pipeline_validation,SYNTHETIC_DATA_UNVALIDATED_FOR_STRUCTURAL_TESTING_ONLY_DO_NOT_USE_FOR_CLINICAL_DECISION_MAKING
CASE-V3-00449,PAT-V3-00449,FAM_YEL_12,CONCEPT_MODERATE_DEHYDRATION,FAM_YEL_12_T04,32,FEMALE,hi,फूड पॉइजनिंग और दस्त के बाद पिंडलियों में तेज ऐंठन और कमजोरी,"पिंडलियों की नसों में भयानक खिंचाव, सूखे होंठ, उठकर बैठने पर सिर घूमना, 10 बार दस्त",severe_fluid_loss; muscular_cramps_secondary_hypokalemia; lethargy_mild,48.0,5.0,epilepsy,none_known,no,111.0,99.0,74.0,100.0,38.2,19.0,NONE,YELLOW,none,true,true,false,prohibited,offline_technical_pipeline_validation,SYNTHETIC_DATA_UNVALIDATED_FOR_STRUCTURAL_TESTING_ONLY_DO_NOT_USE_FOR_CLINICAL_DECISION_MAKING
CASE-V3-00450,PAT-V3-00450,FAM_YEL_02,CONCEPT_ACUTE_RENAL_COLIC,FAM_YEL_02_T02,34,FEMALE,en,Sudden agonizing side back ache with repeated retching,"Intense colicky pain coming every few minutes, retched twice from the pain severity, frequent urging to pee",acute_ureteric_colic; nausea_vomiting_secondary_to_pain; urinary_urgency,4.0,9.0,copd,unknown,no,102.0,140.0,86.0,98.0,37.4,20.0,NONE,YELLOW,none,true,true,false,prohibited,offline_technical_pipeline_validation,SYNTHETIC_DATA_UNVALIDATED_FOR_STRUCTURAL_TESTING_ONLY_DO_NOT_USE_FOR_CLINICAL_DECISION_MAKING
CASE-V3-00452,PAT-V3-00452,FAM_YEL_20,CONCEPT_SYMPTOMATIC_TACHYCARDIA_STABLE,FAM_YEL_20_T02,79,FEMALE,hi,चार घंटे से दिल की तेज धड़कन और नब्ज में बेतरतीब उछाल,"छाती में जोर-जोर से धड़कन महसूस होना, अचानक भारी कमजोरी, नब्ज का तालमेल बिगड़ा हुआ",atrial_fibrillation_rapid_ventricular_response; pulse_deficit; fatigue,18.0,2.0,allergic_rhinitis,amoxicillin,not_applicable,129.0,130.0,86.0,99.0,37.1,20.0,NONE,YELLOW,none,true,true,false,prohibited,offline_technical_pipeline_validation,SYNTHETIC_DATA_UNVALIDATED_FOR_STRUCTURAL_TESTING_ONLY_DO_NOT_USE_FOR_CLINICAL_DECISION_MAKING
CASE-V3-00454,PAT-V3-00454,FAM_YEL_05,CONCEPT_ACUTE_PYELONEPHRITIS,FAM_YEL_05_T05,30,FEMALE,en,"Fever, nausea and severe tenderness over left lower back rib area","Pain worse on gentle tap on lower ribs, burning micturition, bedbound for 24h",complicated_urinary_infection; high_temperature; flank_ache,72.0,8.0,type_2_diabetes,penicillin,unknown,110.0,127.0,86.0,100.0,39.1,21.0,NONE,YELLOW,none,true,true,false,prohibited,offline_technical_pipeline_validation,SYNTHETIC_DATA_UNVALIDATED_FOR_STRUCTURAL_TESTING_ONLY_DO_NOT_USE_FOR_CLINICAL_DECISION_MAKING
CASE-V3-00455,PAT-V3-00455,FAM_YEL_13,CONCEPT_CORNEAL_ABRASION_EYE_INJURY,FAM_YEL_13_T01,29,FEMALE,en,Severe stinging right eye pain unable to open eye after gardening branch scratch,"Intense involuntary lid clenching, extreme light sensitivity, continuous clear tearing, gritty feeling",severe_ocular_pain; blepharospasm; foreign_body_sensation; photophobia; lacrimation,4.0,8.0,hypothyroidism,aspirin,no,87.0,122.0,87.0,98.0,36.7,18.0,NONE,YELLOW,none,true,true,false,prohibited,offline_technical_pipeline_validation,SYNTHETIC_DATA_UNVALIDATED_FOR_STRUCTURAL_TESTING_ONLY_DO_NOT_USE_FOR_CLINICAL_DECISION_MAKING
CASE-V3-00456,PAT-V3-00456,FAM_YEL_05,CONCEPT_ACUTE_PYELONEPHRITIS,FAM_YEL_05_T05,40,MALE,hi,"बुखार, उल्टी और पीठ के निचले हिस्से में पसलियों के पास तेज दर्द","पीठ पर हल्का थपथपाने से भी चीख निकलना, पेशाब में आग जैसी जलन, बिस्तर से उठ नहीं पा रहे",complicated_urinary_infection; high_temperature; flank_ache,24.0,7.0,copd,penicillin,not_applicable,108.0,134.0,79.0,98.0,39.0,18.0,NONE,YELLOW,none,true,true,false,prohibited,offline_technical_pipeline_validation,SYNTHETIC_DATA_UNVALIDATED_FOR_STRUCTURAL_TESTING_ONLY_DO_NOT_USE_FOR_CLINICAL_DECISION_MAKING
CASE-V3-00457,PAT-V3-00457,FAM_GRN_11,CONCEPT_IMPACTED_CERUMEN,FAM_GRN_11_T05,52,FEMALE,hi,कान में मैल के कारण फोन पर बात सुनने में परेशानी,"दाहिनी तरफ से फोन की आवाज धीमी लगना, कान में सीटी की आवाज नहीं, कोई दर्द नहीं",cerumen_obstruction; auditory_muffle; stable,336.0,1.0,type_2_diabetes,nsaids,no,74.0,117.0,77.0,100.0,37.0,15.0,NONE,GREEN,none,true,true,false,prohibited,offline_technical_pipeline_validation,SYNTHETIC_DATA_UNVALIDATED_FOR_STRUCTURAL_TESTING_ONLY_DO_NOT_USE_FOR_CLINICAL_DECISION_MAKING
CASE-V3-00459,PAT-V3-00459,FAM_YEL_05,CONCEPT_ACUTE_PYELONEPHRITIS,FAM_YEL_05_T05,66,MALE,or,"ଜ୍ୱର, ବାନ୍ତି ଓ ତଳ ପିଠି ପଞ୍ଜରା ପାଖରେ ପ୍ରବଳ ବିନ୍ଧା","ପିଠିରେ ସାମାନ୍ୟ ଆଘାତରେ କଷ୍ଟ ବଢ଼ିବା, ପରିସ୍ରା ନିଆଁ ଭଳି ପୋଡ଼ିବା, ଶୋଇ ରହିଛନ୍ତି",complicated_urinary_infection; high_temperature; flank_ache,24.0,7.0,epilepsy,"dust_mites, pollen",not_applicable,98.0,118.0,78.0,98.0,39.4,22.0,NONE,YELLOW,none,true,true,false,prohibited,offline_technical_pipeline_validation,SYNTHETIC_DATA_UNVALIDATED_FOR_STRUCTURAL_TESTING_ONLY_DO_NOT_USE_FOR_CLINICAL_DECISION_MAKING
CASE-V3-00461,PAT-V3-00461,FAM_YEL_11,CONCEPT_PELVIC_INFLAMMATORY_DISEASE,FAM_YEL_11_T01,40,FEMALE,or,"ତଳ ପେଟର ଉଭୟ ପାଖରେ ତୀବ୍ର ଯନ୍ତ୍ରଣା, ପ୍ରବଳ ଜ୍ୱର ଓ ଦୁର୍ଗନ୍ଧ ଯୋନିସ୍ରାବ","ଦୁଇ ପାଖରେ ଭାରୀ କଷ୍ଟ, ଚାଲିଲେ ବଢ଼ୁଛି, ଥରି ଥରି ଜ୍ୱର ଆସିବା",bilateral_lower_abdominal_pain; cervical_motion_tenderness_suspect; purulent_vaginal_discharge; fever,96.0,7.0,none_reported,amoxicillin,no,89.0,133.0,74.0,99.0,38.8,19.0,NONE,YELLOW,none,true,true,false,prohibited,offline_technical_pipeline_validation,SYNTHETIC_DATA_UNVALIDATED_FOR_STRUCTURAL_TESTING_ONLY_DO_NOT_USE_FOR_CLINICAL_DECISION_MAKING
CASE-V3-00462,PAT-V3-00462,FAM_YEL_19,CONCEPT_PERITONSILLAR_ABSCESS,FAM_YEL_19_T05,25,FEMALE,en,Inability to swallow solid food or pills with acute right neck angle swelling,"Spitting secretions, right submandibular tenderness, mouth opening limited, fever 38.8C",deep_neck_space_infection_risk; trismus; pyrexia,48.0,7.0,type_2_diabetes,none_known,yes,94.0,127.0,83.0,98.0,38.8,18.0,NONE,YELLOW,none,true,true,false,prohibited,offline_technical_pipeline_validation,SYNTHETIC_DATA_UNVALIDATED_FOR_STRUCTURAL_TESTING_ONLY_DO_NOT_USE_FOR_CLINICAL_DECISION_MAKING
CASE-V3-00465,PAT-V3-00465,FAM_GRN_19,CONCEPT_CHRONIC_ONYCHOMYCOSIS,FAM_GRN_19_T03,58,MALE,hi,बरसात के बाद पैर के नाखून के किनारे पीली लकीर फैलना,"नाखून थोड़ा उठा हुआ, नीचे सूखा चूना, उंगली बिल्कुल सामान्य, कोई लाली नहीं",subungual_onychomycosis_distal; painless; no_cellulitis,4320.0,0.0,epilepsy,unknown,not_applicable,81.0,127.0,72.0,99.0,36.6,16.0,NONE,GREEN,none,true,true,false,prohibited,offline_technical_pipeline_validation,SYNTHETIC_DATA_UNVALIDATED_FOR_STRUCTURAL_TESTING_ONLY_DO_NOT_USE_FOR_CLINICAL_DECISION_MAKING
CASE-V3-00467,PAT-V3-00467,FAM_YEL_02,CONCEPT_ACUTE_RENAL_COLIC,FAM_YEL_02_T02,58,MALE,hi,पीठ के एक तरफ अचानक भयानक दर्द और दर्द के कारण उल्टियां,"हर दो मिनट में असहनीय मरोड़, तेज दर्द से दो बार उल्टी हुई, बार-बार पेशाब की हाजत",acute_ureteric_colic; nausea_vomiting_secondary_to_pain; urinary_urgency,6.0,8.0,"hypertension, type_2_diabetes",sulfa_drugs,not_applicable,103.0,149.0,90.0,98.0,36.9,22.0,NONE,YELLOW,none,true,true,false,prohibited,offline_technical_pipeline_validation,SYNTHETIC_DATA_UNVALIDATED_FOR_STRUCTURAL_TESTING_ONLY_DO_NOT_USE_FOR_CLINICAL_DECISION_MAKING
CASE-V3-00468,PAT-V3-00468,FAM_GRN_09,CONCEPT_SUPERFICIAL_FOLLICULITIS,FAM_GRN_09_T02,25,MALE,en,Cluster of itchy red razor bumps under chin after wet shave,"Multiple tiny pustules on neck beard area, mildly itchy, completely superficial, energetic",shaving_folliculitis_chin; superficial_pustules; localized,48.0,2.0,allergic_rhinitis,unknown,not_applicable,74.0,113.0,80.0,100.0,36.6,14.0,NONE,GREEN,none,true,true,false,prohibited,offline_technical_pipeline_validation,SYNTHETIC_DATA_UNVALIDATED_FOR_STRUCTURAL_TESTING_ONLY_DO_NOT_USE_FOR_CLINICAL_DECISION_MAKING
CASE-V3-00470,PAT-V3-00470,FAM_GRN_03,CONCEPT_ALLERGIC_RHINITIS,FAM_GRN_03_T04,41,MALE,hi,धूल की किताबें साफ करने के बाद आंखों में लाली और नाक बहना,"धूल लगते ही आंखें लाल, नाक से साफ पानी, गले में कोई दर्द नहीं, बाकी सब ठीक",dust_allergy; conjunctival_hyperemia_mild; clear_lacrimation,72.0,1.0,gastroesophageal_reflux,aspirin,not_applicable,80.0,127.0,82.0,98.0,36.8,17.0,NONE,GREEN,none,true,true,false,prohibited,offline_technical_pipeline_validation,SYNTHETIC_DATA_UNVALIDATED_FOR_STRUCTURAL_TESTING_ONLY_DO_NOT_USE_FOR_CLINICAL_DECISION_MAKING
CASE-V3-00472,PAT-V3-00472,FAM_GRN_09,CONCEPT_SUPERFICIAL_FOLLICULITIS,FAM_GRN_09_T03,16,MALE,en,Small tender boil on buttock hurting when sitting on hard chair,"Single pea-sized firm nodule with yellow point, no red streaks, walked into clinic normally",isolated_furuncle_early; pointed_head; local_tenderness,72.0,3.0,gastroesophageal_reflux,"dust_mites, pollen",not_applicable,68.0,124.0,73.0,99.0,36.6,16.0,NONE,GREEN,none,true,true,false,prohibited,offline_technical_pipeline_validation,SYNTHETIC_DATA_UNVALIDATED_FOR_STRUCTURAL_TESTING_ONLY_DO_NOT_USE_FOR_CLINICAL_DECISION_MAKING
CASE-V3-00473,PAT-V3-00473,FAM_YEL_19,CONCEPT_PERITONSILLAR_ABSCESS,FAM_YEL_19_T04,35,FEMALE,or,"ଡାହାଣ ଟନସିଲ୍ ପୂଜ ଭଳି ବିନ୍ଧିବା, ପାଟି ବନ୍ଦ ହୋଇଯିବା ଓ କଥା ଅସ୍ପଷ୍ଟ","ଔଷଧ ଖାଇ ବି ୪ ଦିନରୁ କମୁନାହିଁ, ବେକ ଗାଣ୍ଠି ଫୁଲିଛି, ପ୍ରବଳ ଜ୍ୱର",tonsillar_abscess_progression; muffled_speech; high_fever,48.0,7.0,asthma,none_known,no,101.0,126.0,82.0,98.0,39.1,18.0,NONE,YELLOW,none,true,true,false,prohibited,offline_technical_pipeline_validation,SYNTHETIC_DATA_UNVALIDATED_FOR_STRUCTURAL_TESTING_ONLY_DO_NOT_USE_FOR_CLINICAL_DECISION_MAKING
CASE-V3-00475,PAT-V3-00475,FAM_GRN_01,CONCEPT_VIRAL_UPPER_RESPIRATORY_INFECTION,FAM_GRN_01_T05,22,MALE,en,Lingering cold symptoms with mild hoarseness after family flu,"Family members had same cold last week, throat improving, eating normal meals, no chest pain",common_cold_resolving; mild_hoarseness; good_oral_intake,72.0,2.0,osteoarthritis,none_known,not_applicable,81.0,115.0,82.0,99.0,36.8,16.0,NONE,GREEN,none,true,true,false,prohibited,offline_technical_pipeline_validation,SYNTHETIC_DATA_UNVALIDATED_FOR_STRUCTURAL_TESTING_ONLY_DO_NOT_USE_FOR_CLINICAL_DECISION_MAKING
CASE-V3-00476,PAT-V3-00476,FAM_YEL_11,CONCEPT_PELVIC_INFLAMMATORY_DISEASE,FAM_YEL_11_T04,25,OTHER,hi,"पेल्विस में तेज टीस, असामान्य रक्तस्राव और बुखार","अंदरूनी गहरा दर्द, माहवारी के बीच में दाग लगना, रात को कंपकंपी",gynecological_infection; hypogastric_tenderness; postcoital_pain,72.0,6.0,epilepsy,"dust_mites, pollen",not_applicable,97.0,134.0,74.0,98.0,38.3,18.0,NONE,YELLOW,none,true,true,false,prohibited,offline_technical_pipeline_validation,SYNTHETIC_DATA_UNVALIDATED_FOR_STRUCTURAL_TESTING_ONLY_DO_NOT_USE_FOR_CLINICAL_DECISION_MAKING
CASE-V3-00478,PAT-V3-00478,FAM_YEL_14,CONCEPT_SPREADING_CELLULITIS,FAM_YEL_14_T01,67,OTHER,en,Rapidly expanding hot red painful swelling on right lower leg with chills,"Redness spread 5cm past marker pen drawn yesterday, skin tense shiny and hot, shivering fever",spreading_erythema_lower_limb; warmth_edema_skin; fever_rigors; pen_mark_crossed,24.0,7.0,epilepsy,unknown,not_applicable,94.0,128.0,85.0,99.0,38.7,19.0,NONE,YELLOW,none,true,true,false,prohibited,offline_technical_pipeline_validation,SYNTHETIC_DATA_UNVALIDATED_FOR_STRUCTURAL_TESTING_ONLY_DO_NOT_USE_FOR_CLINICAL_DECISION_MAKING
CASE-V3-00479,PAT-V3-00479,FAM_YEL_02,CONCEPT_ACUTE_RENAL_COLIC,FAM_YEL_02_T04,25,FEMALE,hi,बाईं कोख में भयानक जकड़न और बूंद-बूंद दर्द भरा पेशाब,"बाईं तरफ भयानक दर्द, पेशाब में तेज जलन और रुकावट, बेचैनी में टहलना",paroxysmal_lobar_flank_pain; dysuria; urinary_hesitancy,12.0,7.0,copd,aspirin,no,112.0,134.0,93.0,98.0,36.7,21.0,NONE,YELLOW,none,true,true,false,prohibited,offline_technical_pipeline_validation,SYNTHETIC_DATA_UNVALIDATED_FOR_STRUCTURAL_TESTING_ONLY_DO_NOT_USE_FOR_CLINICAL_DECISION_MAKING
CASE-V3-00480,PAT-V3-00480,FAM_YEL_13,CONCEPT_CORNEAL_ABRASION_EYE_INJURY,FAM_YEL_13_T04,51,FEMALE,en,Worsening red painful eye after sleeping with contact lenses in,"Deep aching in eyeball, severe tearing, white speck noticed on iris edge, photophobia",contact_lens_corneal_ulcer_suspect; ocular_injection; photophobia,8.0,8.0,asthma,none_known,yes,87.0,122.0,86.0,99.0,36.7,18.0,NONE,YELLOW,none,true,true,false,prohibited,offline_technical_pipeline_validation,SYNTHETIC_DATA_UNVALIDATED_FOR_STRUCTURAL_TESTING_ONLY_DO_NOT_USE_FOR_CLINICAL_DECISION_MAKING
CASE-V3-00481,PAT-V3-00481,FAM_GRN_13,CONCEPT_MECHANICAL_NECK_STIFFNESS,FAM_GRN_13_T02,25,FEMALE,hi,रात भर एसी की सीधी हवा लगने से गर्दन की नस चढ़ जाना,"कंधा थोड़ा उचका कर रखना पड़ रहा है, गर्म पानी से नहाने पर आराम, हाथों में पूरी ताकत",acute_wry_neck; trapezius_tightness; warm_compress_responsive,12.0,4.0,hypertension,ciprofloxacin,no,81.0,123.0,70.0,100.0,36.6,18.0,NONE,GREEN,none,true,true,false,prohibited,offline_technical_pipeline_validation,SYNTHETIC_DATA_UNVALIDATED_FOR_STRUCTURAL_TESTING_ONLY_DO_NOT_USE_FOR_CLINICAL_DECISION_MAKING
CASE-V3-00482,PAT-V3-00482,FAM_GRN_19,CONCEPT_CHRONIC_ONYCHOMYCOSIS,FAM_GRN_19_T01,29,MALE,hi,"छह महीने से पैर के अंगूठे का नाखून मोटा, पीला और भुरभुरा होना","नाखून के नीचे सूखा चूना जैसा कचरा, कोई दर्द नहीं, नाखून के कोने पर कोई सूजन या मवाद नहीं",thickened_yellow_toenail; subungual_hyperkeratosis; painless_nail_dystrophy; no_paronychia; afebrile,2160.0,0.0,asthma,none_known,not_applicable,74.0,120.0,80.0,99.0,37.0,15.0,NONE,GREEN,none,true,true,false,prohibited,offline_technical_pipeline_validation,SYNTHETIC_DATA_UNVALIDATED_FOR_STRUCTURAL_TESTING_ONLY_DO_NOT_USE_FOR_CLINICAL_DECISION_MAKING
CASE-V3-00484,PAT-V3-00484,FAM_YEL_18,CONCEPT_SECOND_DEGREE_BURN,FAM_YEL_18_T03,53,FEMALE,or,ଗରମ ଇସ୍ତ୍ରୀ ଜଙ୍ଘରେ ବାଜି ୮x୫ ସେମି ଜଳା କ୍ଷତ ଓ ଫୋଟକା,"ଚମଡ଼ା ଉପରେ ପାଣିଆ ଫୋଟକା, ପବନ ବାଜିଲେ ଅସହ୍ୟ ପୋଡ଼ିବା, ପଲିଥିନ୍ ଘୋଡ଼ାଇ ଆସିଛନ୍ତି",steam_iron_burn; localized_second_degree; acute_distress,2.0,8.0,gastroesophageal_reflux,"dust_mites, pollen",no,110.0,136.0,78.0,99.0,37.3,17.0,NONE,YELLOW,none,true,true,false,prohibited,offline_technical_pipeline_validation,SYNTHETIC_DATA_UNVALIDATED_FOR_STRUCTURAL_TESTING_ONLY_DO_NOT_USE_FOR_CLINICAL_DECISION_MAKING
CASE-V3-00485,PAT-V3-00485,FAM_GRN_02,CONCEPT_TENSION_HEADACHE,FAM_GRN_02_T05,64,OTHER,hi,पढ़ाई के बाद शाम को भौंहों के ऊपर हल्का दर्द,"भौंहों के पास भारीपन, साधारण दवा लेने से कल पूरा आराम मिल गया था, कोई उल्टी नहीं",tension_headache; bilateral_frontal; paracetamol_responsive,24.0,2.0,copd,none_known,not_applicable,71.0,130.0,72.0,98.0,36.7,15.0,NONE,GREEN,none,true,true,false,prohibited,offline_technical_pipeline_validation,SYNTHETIC_DATA_UNVALIDATED_FOR_STRUCTURAL_TESTING_ONLY_DO_NOT_USE_FOR_CLINICAL_DECISION_MAKING
CASE-V3-00486,PAT-V3-00486,FAM_GRN_06,CONCEPT_MILD_DYSPEPSIA,FAM_GRN_06_T01,59,MALE,en,Mild burning in upper stomach after late fried dinner relieved by antacid liquid,"Sour acid taste in throat when lying down, soft non-tender abdomen, no vomiting, no weight loss, heart rate normal",epigastric_burning; postprandial_distress; acid_regurgitation; relieved_by_antacid; no_red_flags,6.0,4.0,dyslipidemia,nsaids,not_applicable,84.0,115.0,72.0,100.0,36.6,15.0,NONE,GREEN,none,true,true,false,prohibited,offline_technical_pipeline_validation,SYNTHETIC_DATA_UNVALIDATED_FOR_STRUCTURAL_TESTING_ONLY_DO_NOT_USE_FOR_CLINICAL_DECISION_MAKING
CASE-V3-00488,PAT-V3-00488,FAM_GRN_09,CONCEPT_SUPERFICIAL_FOLLICULITIS,FAM_GRN_09_T05,18,FEMALE,or,ବ୍ୟାୟାମରେ ଝାଳ ବୋହିବା ପରେ ପିଠିରେ ଝାଳବଥ ଓ କୁଣ୍ଡାଇ ହେବା,"ଛୋଟ ଲାଲ୍ ଦାନା, ଥଣ୍ଡା ପାଣିରେ ଗାଧୋଇଲେ ଆରାମ, ଦେହର ଉତ୍ତାପ ସ୍ୱାଭାବିକ",sweat_folliculitis; mild_pruritus; circumscribed,96.0,3.0,asthma,penicillin,unknown,68.0,116.0,74.0,100.0,36.8,15.0,NONE,GREEN,none,true,true,false,prohibited,offline_technical_pipeline_validation,SYNTHETIC_DATA_UNVALIDATED_FOR_STRUCTURAL_TESTING_ONLY_DO_NOT_USE_FOR_CLINICAL_DECISION_MAKING
CASE-V3-00489,PAT-V3-00489,FAM_YEL_06,CONCEPT_DEEP_LACERATION,FAM_YEL_06_T01,49,FEMALE,hi,"हाथ में 7 सेमी गहरा घाव, पट्टी से खून का बहाव रुका हुआ","मशीन से कटने के बाद गहरा घाव जिसमें अंदर का मांस दिख रहा है, दबाने पर खून रुक गया है, उंगलियां हिल रही हैं",deep_forearm_laceration; subcutaneous_exposure; bleeding_controlled_pressure; tetanus_risk,4.0,8.0,hypertension,aspirin,no,89.0,143.0,86.0,98.0,36.9,18.0,NONE,YELLOW,none,true,true,false,prohibited,offline_technical_pipeline_validation,SYNTHETIC_DATA_UNVALIDATED_FOR_STRUCTURAL_TESTING_ONLY_DO_NOT_USE_FOR_CLINICAL_DECISION_MAKING
CASE-V3-00491,PAT-V3-00491,FAM_GRN_09,CONCEPT_SUPERFICIAL_FOLLICULITIS,FAM_GRN_09_T04,16,MALE,hi,बांह पर बाल फंसने से लाल दाना और हल्की चुभन,"अंदर मुड़ा हुआ बाल साफ दिख रहा, दबाने पर हल्का दर्द, कोई मवाद या फैलाव नहीं",superficial_skin_infection_minor; localized; clean_margins,48.0,2.0,hypertension,none_known,not_applicable,74.0,113.0,80.0,98.0,37.1,15.0,NONE,GREEN,none,true,true,false,prohibited,offline_technical_pipeline_validation,SYNTHETIC_DATA_UNVALIDATED_FOR_STRUCTURAL_TESTING_ONLY_DO_NOT_USE_FOR_CLINICAL_DECISION_MAKING
CASE-V3-00492,PAT-V3-00492,FAM_GRN_09,CONCEPT_SUPERFICIAL_FOLLICULITIS,FAM_GRN_09_T01,26,FEMALE,hi,जांघ पर तीन दिन से बालों की जड़ में छोटी फुंसी और सफेद कील,"छोटी सी 5 मिमी की लाल फुंसी, आसपास कोई फैलाव नहीं, छूने पर हल्की टीस, बुखार नहीं",punctate_pustule; hair_follicle_erythema; no_spreading_cellulitis; afebrile; non_fluctuant,48.0,3.0,coronary_artery_disease,nsaids,no,82.0,112.0,71.0,100.0,36.9,17.0,NONE,GREEN,none,true,true,false,prohibited,offline_technical_pipeline_validation,SYNTHETIC_DATA_UNVALIDATED_FOR_STRUCTURAL_TESTING_ONLY_DO_NOT_USE_FOR_CLINICAL_DECISION_MAKING
CASE-V3-00493,PAT-V3-00493,FAM_GRN_11,CONCEPT_IMPACTED_CERUMEN,FAM_GRN_11_T04,29,FEMALE,or,୪ ଦିନ ହେଲା କାନ ଭିତରେ ପାଣି ପଶି ରହିଲା ଭଳି ଲାଗିବା,"କାନ ଭିତରେ ସାମାନ୍ୟ କୁତୁକୁତୁ, କାନ ବାହାର ଲାଲ୍ ନାହିଁ, ଚାଲିବାରେ ସନ୍ତୁଳନ ଠିକ୍",aural_fullness; autophony; no_infection_signs,168.0,2.0,"hypertension, type_2_diabetes",sulfa_drugs,no,74.0,120.0,70.0,100.0,36.9,17.0,NONE,GREEN,none,true,true,false,prohibited,offline_technical_pipeline_validation,SYNTHETIC_DATA_UNVALIDATED_FOR_STRUCTURAL_TESTING_ONLY_DO_NOT_USE_FOR_CLINICAL_DECISION_MAKING
CASE-V3-00494,PAT-V3-00494,FAM_GRN_12,CONCEPT_APHTHOUS_STOMATITIS,FAM_GRN_12_T03,14,FEMALE,en,Inner cheek mouth ulcer requesting soothing pain relief gel,"Single ulcer on buccal mucosa, clean margins, drinks milk without pain, afebrile",buccal_mucosa_canker; minor_aphthae; gel_request,72.0,3.0,dyslipidemia,amoxicillin,no,76.0,123.0,75.0,99.0,36.9,14.0,NONE,GREEN,none,true,true,false,prohibited,offline_technical_pipeline_validation,SYNTHETIC_DATA_UNVALIDATED_FOR_STRUCTURAL_TESTING_ONLY_DO_NOT_USE_FOR_CLINICAL_DECISION_MAKING
CASE-V3-00495,PAT-V3-00495,FAM_YEL_14,CONCEPT_SPREADING_CELLULITIS,FAM_YEL_14_T02,34,FEMALE,en,Bright red hot swollen rash spreading across bridge of nose and cheek,"Well-demarcated raised burning border, facial tightness, high temperature, eye opening restricted by cheek edema",facial_erysipelas_suspect; raised_indurated_border; feverish,24.0,6.0,asthma,aspirin,no,90.0,127.0,78.0,97.0,38.4,21.0,NONE,YELLOW,none,true,true,false,prohibited,offline_technical_pipeline_validation,SYNTHETIC_DATA_UNVALIDATED_FOR_STRUCTURAL_TESTING_ONLY_DO_NOT_USE_FOR_CLINICAL_DECISION_MAKING
CASE-V3-00498,PAT-V3-00498,FAM_YEL_14,CONCEPT_SPREADING_CELLULITIS,FAM_YEL_14_T03,24,FEMALE,hi,कांटा चुभने के बाद हाथ में लाल लकीरें ऊपर कंधे की तरफ बढ़ रही हैं,"बगल तक लाल धारियां, हाथ में तेज टीस और भारीपन, 38.4 डिग्री बुखार",cellulitis_secondary_to_abrasion; ascending_lymphangitis; pain,48.0,5.0,chronic_kidney_disease_stage_2,none_known,unknown,104.0,124.0,77.0,98.0,39.0,22.0,NONE,YELLOW,none,true,true,false,prohibited,offline_technical_pipeline_validation,SYNTHETIC_DATA_UNVALIDATED_FOR_STRUCTURAL_TESTING_ONLY_DO_NOT_USE_FOR_CLINICAL_DECISION_MAKING
CASE-V3-00499,PAT-V3-00499,FAM_GRN_05,CONCEPT_CHRONIC_KNEE_OSTEOARTHRITIS,FAM_GRN_05_T02,71,OTHER,or,ଥଣ୍ଡା ପାଗ ଯୋଗୁଁ ଗତ ଏକ ସପ୍ତାହରୁ ଆଣ୍ଠୁର ପୁରୁଣା କଷ୍ଟ ବଢ଼ିବା,"ସେହି ପୁରୁଣା ପରିଚିତ ବିନ୍ଧା, ପାହାଚ ଧୀରେ ଚଢ଼ୁଛନ୍ତି, ଆଣ୍ଠୁ ଥଣ୍ଡା ଅଛି, ଫୁଲା ନାହିଁ",knee_osteoarthritis_weather_flare; mechanical_ache; stable_effusion_none,168.0,3.0,gastroesophageal_reflux,sulfa_drugs,not_applicable,82.0,133.0,75.0,100.0,36.7,15.0,NONE,GREEN,none,true,true,false,prohibited,offline_technical_pipeline_validation,SYNTHETIC_DATA_UNVALIDATED_FOR_STRUCTURAL_TESTING_ONLY_DO_NOT_USE_FOR_CLINICAL_DECISION_MAKING
CASE-V3-00500,PAT-V3-00500,FAM_YEL_11,CONCEPT_PELVIC_INFLAMMATORY_DISEASE,FAM_YEL_11_T02,33,MALE,or,"ଜରାୟୁ ପାଖରେ ଭୀଷଣ କଷ୍ଟ, ହଳଦିଆ ସ୍ରାବ ଓ ଥଣ୍ଡା ଲାଗିବା","ବସିବା ମାତ୍ରେ ଝଟକା କଷ୍ଟ, ପ୍ରବଳ ଜ୍ୱର, ବାନ୍ତି ଭାବ ଓ ଦୁର୍ବଳତା",acute_salpingitis_suspect; pelvic_fullness; dyspareunia; malaise,72.0,6.0,"hypertension, type_2_diabetes",unknown,not_applicable,100.0,116.0,76.0,98.0,38.7,22.0,NONE,YELLOW,none,true,true,false,prohibited,offline_technical_pipeline_validation,SYNTHETIC_DATA_UNVALIDATED_FOR_STRUCTURAL_TESTING_ONLY_DO_NOT_USE_FOR_CLINICAL_DECISION_MAKING
CASE-V3-00502,PAT-V3-00502,FAM_GRN_13,CONCEPT_MECHANICAL_NECK_STIFFNESS,FAM_GRN_13_T04,24,OTHER,hi,पीछे मुड़कर देखते समय अचानक गर्दन में झटका और दर्द,"अचानक हिलाने पर टीस, आगे-पीछे आसानी से मुड़ रही है, कोई झनझनाहट नहीं",muscular_neck_crick; localized_trapezius; good_general_condition,12.0,2.0,asthma,none_known,not_applicable,86.0,124.0,77.0,100.0,37.0,14.0,NONE,GREEN,none,true,true,false,prohibited,offline_technical_pipeline_validation,SYNTHETIC_DATA_UNVALIDATED_FOR_STRUCTURAL_TESTING_ONLY_DO_NOT_USE_FOR_CLINICAL_DECISION_MAKING
CASE-V3-00505,PAT-V3-00505,FAM_GRN_10,CONCEPT_MILD_ANKLE_SPRAIN,FAM_GRN_10_T05,29,MALE,or,"ଯୋଗାସନ ବେଳେ ପାଦ ଟାଣି ହୋଇଗଲା, ନିଜେ ଚାଲି ଡାକ୍ତରଖାନା ଆସିଲେ","ହାଡ଼ ଆଗରେ ନରମ ସ୍ଥାନରେ ସାମାନ୍ୟ କଷ୍ଟ, ଛୋଟେଇବା ନାହିଁ, ଚାଲିବୁଲି ପାରୁଛନ୍ତି",simple_ligament_sprain; ambulatory_ottawa_negative; stable,12.0,3.0,migraine,ciprofloxacin,not_applicable,73.0,126.0,82.0,100.0,37.1,14.0,NONE,GREEN,none,true,true,false,prohibited,offline_technical_pipeline_validation,SYNTHETIC_DATA_UNVALIDATED_FOR_STRUCTURAL_TESTING_ONLY_DO_NOT_USE_FOR_CLINICAL_DECISION_MAKING
CASE-V3-00507,PAT-V3-00507,FAM_GRN_15,CONCEPT_CHRONIC_TINNITUS,FAM_GRN_15_T01,41,MALE,hi,"तीन महीने से दोनों कानों में लगातार सीटी जैसी आवाज, खासकर रात में","रात के सन्नाटे में झींगुर जैसी आवाज सुनाई देना, सुनने में कोई खास कमी नहीं, चक्कर नहीं आते, कोई दर्द नहीं",bilateral_high_pitched_tinnitus; gradual_onset_months; non_pulsatile; stable_hearing; no_vertigo,720.0,0.0,copd,none_known,not_applicable,81.0,125.0,79.0,98.0,36.5,16.0,NONE,GREEN,none,true,true,false,prohibited,offline_technical_pipeline_validation,SYNTHETIC_DATA_UNVALIDATED_FOR_STRUCTURAL_TESTING_ONLY_DO_NOT_USE_FOR_CLINICAL_DECISION_MAKING
CASE-V3-00509,PAT-V3-00509,FAM_YEL_10,CONCEPT_ACUTE_DIVERTICULITIS,FAM_YEL_10_T04,48,FEMALE,en,Left pelvic cramp and temperature 38.4C after days of constipation,"Pain steady and sharp on pressure, bloating relieved slightly by passing gas, persistent fever",subacute_diverticular_flare; localized_tenderness; pyrexia,24.0,8.0,hypertension,none_known,no,100.0,144.0,87.0,97.0,38.2,19.0,NONE,YELLOW,none,true,true,false,prohibited,offline_technical_pipeline_validation,SYNTHETIC_DATA_UNVALIDATED_FOR_STRUCTURAL_TESTING_ONLY_DO_NOT_USE_FOR_CLINICAL_DECISION_MAKING
CASE-V3-00510,PAT-V3-00510,FAM_GRN_10,CONCEPT_MILD_ANKLE_SPRAIN,FAM_GRN_10_T02,42,OTHER,en,"Mild ankle twist during jogging, wants compression crepe bandage","Slight tenderness to side of ankle, walked home 1 km without crutches, toes warm and moving",ligamentous_stretch_mild; lateral_soft_tissue_puffiness; weight_bearing_intact,4.0,2.0,copd,none_known,not_applicable,70.0,123.0,71.0,99.0,36.6,14.0,NONE,GREEN,none,true,true,false,prohibited,offline_technical_pipeline_validation,SYNTHETIC_DATA_UNVALIDATED_FOR_STRUCTURAL_TESTING_ONLY_DO_NOT_USE_FOR_CLINICAL_DECISION_MAKING
CASE-V3-00512,PAT-V3-00512,FAM_YEL_06,CONCEPT_DEEP_LACERATION,FAM_YEL_06_T01,32,OTHER,or,"ହାତରେ ୭ ସେମି ଗଭୀର କ୍ଷତ, ପଟି ବାନ୍ଧିବା ପରେ ରକ୍ତ ବନ୍ଦ ଅଛି","ଯନ୍ତ୍ରାଂଶ ବାଜି ଚମଡ଼ା ଫାଟି ଭିତର ମାଂସ ଦିଶିବା, ଦାବି ଧରିବାରୁ ରକ୍ତ ବନ୍ଦ ଅଛି, ଆଙ୍ଗୁଠି ଚଳାଚଳ ସ୍ୱାଭାବିକ",deep_forearm_laceration; subcutaneous_exposure; bleeding_controlled_pressure; tetanus_risk,1.0,7.0,hypertension,ciprofloxacin,not_applicable,105.0,136.0,87.0,99.0,36.9,17.0,NONE,YELLOW,none,true,true,false,prohibited,offline_technical_pipeline_validation,SYNTHETIC_DATA_UNVALIDATED_FOR_STRUCTURAL_TESTING_ONLY_DO_NOT_USE_FOR_CLINICAL_DECISION_MAKING
CASE-V3-00516,PAT-V3-00516,FAM_YEL_14,CONCEPT_SPREADING_CELLULITIS,FAM_YEL_14_T04,74,MALE,hi,डायबिटीज मरीज के पैर के अंगूठे में लाल पकने वाली सूजन जो ऊपर फैल रही है,"पैर छूने पर गर्म, नाखून के पास से मवाद, जूता पहनना असंभव, तेज दर्द",diabetic_foot_cellulitis_early; localized_erythema; tenderness,24.0,6.0,asthma,unknown,not_applicable,105.0,129.0,78.0,100.0,38.8,22.0,NONE,YELLOW,none,true,true,false,prohibited,offline_technical_pipeline_validation,SYNTHETIC_DATA_UNVALIDATED_FOR_STRUCTURAL_TESTING_ONLY_DO_NOT_USE_FOR_CLINICAL_DECISION_MAKING
CASE-V3-00518,PAT-V3-00518,FAM_GRN_17,CONCEPT_SIMPLE_HEMORRHOIDS,FAM_GRN_17_T05,56,MALE,or,ମଳଦ୍ୱାର ପାଖରେ କୁଣ୍ଡାଇ ହେବା ଓ ଝାଡ଼ା ସହ ଟୋପାଏ ତାଜା ରକ୍ତ,"ଗରମରେ କୁଣ୍ଡିଆଣି ବଢ଼ୁଛି, କଳା ଝାଡ଼ା ନୁହେଁ, ପେଟ ସମ୍ପୂର୍ଣ୍ଣ ନରମ",anal_pruritus_hemorrhoidal; hygiene_advice_needed; stable,48.0,4.0,hypertension,penicillin,not_applicable,79.0,118.0,73.0,100.0,36.8,18.0,NONE,GREEN,none,true,true,false,prohibited,offline_technical_pipeline_validation,SYNTHETIC_DATA_UNVALIDATED_FOR_STRUCTURAL_TESTING_ONLY_DO_NOT_USE_FOR_CLINICAL_DECISION_MAKING
CASE-V3-00521,PAT-V3-00521,FAM_YEL_02,CONCEPT_ACUTE_RENAL_COLIC,FAM_YEL_02_T04,44,MALE,or,ବାମ କମରରେ ଭୀଷଣ ଯନ୍ତ୍ରଣା ଓ ଟୋପା ଟୋପା ପୋଡ଼ାଜଳା ପରିସ୍ରା,"ବାମ କିଡନୀ ପାଖ ଜାବୁଡ଼ି ଧରିଲା ଭଳି କଷ୍ଟ, ପରିସ୍ରା ବେଳେ ପ୍ରବଳ ପୋଡ଼ିବା, ଅସ୍ଥିରତା",paroxysmal_lobar_flank_pain; dysuria; urinary_hesitancy,6.0,7.0,chronic_kidney_disease_stage_2,"dust_mites, pollen",not_applicable,99.0,154.0,88.0,99.0,37.0,23.0,NONE,YELLOW,none,true,true,false,prohibited,offline_technical_pipeline_validation,SYNTHETIC_DATA_UNVALIDATED_FOR_STRUCTURAL_TESTING_ONLY_DO_NOT_USE_FOR_CLINICAL_DECISION_MAKING
CASE-V3-00522,PAT-V3-00522,FAM_YEL_07,CONCEPT_EXTREMITY_FRACTURE,FAM_YEL_07_T02,60,MALE,hi,खेल में पैर मुड़ने पर हड्डी टूटने की आवाज और पैर पर वजन न रख पाना,"टखने के बाहरी हिस्से पर नीला-बैंगनी उभार, चार कदम भी चलना असंभव, पैर में नब्ज महसूस हो रही",ankle_fracture_suspect; inability_to_bear_weight; bony_tenderness; ecchymosis,6.0,9.0,type_2_diabetes,unknown,not_applicable,93.0,144.0,90.0,100.0,37.0,19.0,NONE,YELLOW,none,true,true,false,prohibited,offline_technical_pipeline_validation,SYNTHETIC_DATA_UNVALIDATED_FOR_STRUCTURAL_TESTING_ONLY_DO_NOT_USE_FOR_CLINICAL_DECISION_MAKING
CASE-V3-00523,PAT-V3-00523,FAM_YEL_20,CONCEPT_SYMPTOMATIC_TACHYCARDIA_STABLE,FAM_YEL_20_T04,48,FEMALE,hi,सीढ़ियां चढ़ने पर दिल बेकाबू धड़कना और सांस फूलना,"धड़कन का बीच-बीच में छूटना और फिर तेज भागना, सीने में कंपन, हाथ में कोई दर्द नहीं",tachyarrhythmia_normotensive; shortness_of_breath_on_exertion; pulse_irregularity,18.0,4.0,hypothyroidism,sulfa_drugs,no,134.0,139.0,89.0,97.0,36.8,21.0,NONE,YELLOW,none,true,true,false,prohibited,offline_technical_pipeline_validation,SYNTHETIC_DATA_UNVALIDATED_FOR_STRUCTURAL_TESTING_ONLY_DO_NOT_USE_FOR_CLINICAL_DECISION_MAKING
CASE-V3-00527,PAT-V3-00527,FAM_YEL_10,CONCEPT_ACUTE_DIVERTICULITIS,FAM_YEL_10_T04,76,MALE,hi,कब्ज के बाद पेल्विस के बाएं हिस्से में दर्द और 38.4C बुखार,"दबाने पर तेज दर्द, गैस पास होने पर थोड़ा आराम, पर बुखार बना हुआ",subacute_diverticular_flare; localized_tenderness; pyrexia,24.0,7.0,dyslipidemia,"dust_mites, pollen",not_applicable,101.0,143.0,80.0,99.0,38.0,18.0,NONE,YELLOW,none,true,true,false,prohibited,offline_technical_pipeline_validation,SYNTHETIC_DATA_UNVALIDATED_FOR_STRUCTURAL_TESTING_ONLY_DO_NOT_USE_FOR_CLINICAL_DECISION_MAKING
CASE-V3-00529,PAT-V3-00529,FAM_GRN_15,CONCEPT_CHRONIC_TINNITUS,FAM_GRN_15_T01,79,MALE,en,Continuous high-pitched ringing sound in both ears noticed for 3 months especially at night,"Steady cicada-like hiss, more noticeable in quiet bedroom, speech hearing preserved, no dizzy spinning, no ear pain",bilateral_high_pitched_tinnitus; gradual_onset_months; non_pulsatile; stable_hearing; no_vertigo,720.0,1.0,hypothyroidism,none_known,not_applicable,74.0,138.0,79.0,99.0,37.0,14.0,NONE,GREEN,none,true,true,false,prohibited,offline_technical_pipeline_validation,SYNTHETIC_DATA_UNVALIDATED_FOR_STRUCTURAL_TESTING_ONLY_DO_NOT_USE_FOR_CLINICAL_DECISION_MAKING
CASE-V3-00531,PAT-V3-00531,FAM_YEL_18,CONCEPT_SECOND_DEGREE_BURN,FAM_YEL_18_T05,13,FEMALE,en,Firecracker thermal burn across palm with painful blistering,"Singed epidermis, blistering across palm base, fingers mobile, intense burning",firework_thermal_burn; hand_partial_thickness; acute_pain,1.0,8.0,dyslipidemia,none_known,no,97.0,129.0,83.0,98.0,36.9,20.0,NONE,YELLOW,none,true,true,false,prohibited,offline_technical_pipeline_validation,SYNTHETIC_DATA_UNVALIDATED_FOR_STRUCTURAL_TESTING_ONLY_DO_NOT_USE_FOR_CLINICAL_DECISION_MAKING
CASE-V3-00532,PAT-V3-00532,FAM_YEL_10,CONCEPT_ACUTE_DIVERTICULITIS,FAM_YEL_10_T05,50,MALE,or,ବାମ ପେଟରେ ପୂର୍ବ ଭଳି ଯନ୍ତ୍ରଣା ପୁଣି ଆରମ୍ଭ ଓ ଝାଳ ବୋହିବା,"ପୂର୍ବର ଡାଇଭର୍ଟିକ୍ୟୁଲାଇଟିସ୍ କଷ୍ଟ ଭଳି ଅନୁଭବ, ଡାହାଣ ନୁହେଁ ବାମ ପାଖରେ କଷ୍ଟ",recurrent_diverticulitis; left_iliac_tenderness; malaise,72.0,6.0,osteoarthritis,none_known,not_applicable,99.0,147.0,92.0,99.0,38.3,18.0,NONE,YELLOW,none,true,true,false,prohibited,offline_technical_pipeline_validation,SYNTHETIC_DATA_UNVALIDATED_FOR_STRUCTURAL_TESTING_ONLY_DO_NOT_USE_FOR_CLINICAL_DECISION_MAKING
CASE-V3-00533,PAT-V3-00533,FAM_YEL_02,CONCEPT_ACUTE_RENAL_COLIC,FAM_YEL_02_T05,61,MALE,en,Intense cramping back pain on right side spreading forward,"Peaks every 15 minutes, severe nausea without diarrhea, history of kidney stones",unilateral_renal_colic; severe_pain_score; episodic_spasm,12.0,7.0,copd,nsaids,not_applicable,95.0,131.0,86.0,99.0,36.9,21.0,NONE,YELLOW,none,true,true,false,prohibited,offline_technical_pipeline_validation,SYNTHETIC_DATA_UNVALIDATED_FOR_STRUCTURAL_TESTING_ONLY_DO_NOT_USE_FOR_CLINICAL_DECISION_MAKING
CASE-V3-00534,PAT-V3-00534,FAM_YEL_02,CONCEPT_ACUTE_RENAL_COLIC,FAM_YEL_02_T03,47,FEMALE,or,କମର ହାଡ଼ ପାଖରେ ଛୁଞ୍ଚି ଫୋଡ଼ି ହେବା ଭଳି କଷ୍ଟ ତଳକୁ ଯାଉଛି,"ଅସହ୍ୟ ବିନ୍ଧାରେ ଝାଳ ବୋହିବା, ବିଶ୍ରାମ କଲେ ବି ଉପଶମ ନାହିଁ, ପୂର୍ବରୁ ପଥର ଥିଲା",costovertebral_angle_tenderness; stone_passage_suspect; diaphoresis_from_pain,12.0,9.0,hypothyroidism,unknown,no,91.0,147.0,85.0,98.0,37.0,24.0,NONE,YELLOW,none,true,true,false,prohibited,offline_technical_pipeline_validation,SYNTHETIC_DATA_UNVALIDATED_FOR_STRUCTURAL_TESTING_ONLY_DO_NOT_USE_FOR_CLINICAL_DECISION_MAKING
CASE-V3-00535,PAT-V3-00535,FAM_YEL_10,CONCEPT_ACUTE_DIVERTICULITIS,FAM_YEL_10_T02,58,FEMALE,or,ବାମ ତଳ ପେଟରେ ଗଭୀର କଷ୍ଟ ଯାହା ଚାଲିଲେ ବା ଛିଡ଼ା ହେଲେ ବଢ଼ୁଛି,"ବାମ କଡ଼ରେ ଶକ୍ତ ଯନ୍ତ୍ରଣା, ତିନି ଦିନ ହେଲା କୋଷ୍ଠକାଠିନ୍ୟ, ସାମାନ୍ୟ ଥରିବା",sigmoid_diverticulitis_suspect; crampy_llq_pain; constipation,72.0,8.0,osteoarthritis,amoxicillin,not_applicable,100.0,131.0,79.0,97.0,38.0,18.0,NONE,YELLOW,none,true,true,false,prohibited,offline_technical_pipeline_validation,SYNTHETIC_DATA_UNVALIDATED_FOR_STRUCTURAL_TESTING_ONLY_DO_NOT_USE_FOR_CLINICAL_DECISION_MAKING
CASE-V3-00536,PAT-V3-00536,FAM_GRN_03,CONCEPT_ALLERGIC_RHINITIS,FAM_GRN_03_T02,26,MALE,en,Pink gritty itchy eyes without pus discharge after lawn mowing,"Both eyes mildly red and tearing, eyelids slightly puffy, vision unaffected, no pain on eye movement",allergic_conjunctivitis; bilateral_ocular_itching; no_purulent_discharge,72.0,1.0,osteoarthritis,penicillin,not_applicable,68.0,115.0,82.0,98.0,37.1,15.0,NONE,GREEN,none,true,true,false,prohibited,offline_technical_pipeline_validation,SYNTHETIC_DATA_UNVALIDATED_FOR_STRUCTURAL_TESTING_ONLY_DO_NOT_USE_FOR_CLINICAL_DECISION_MAKING
CASE-V3-00538,PAT-V3-00538,FAM_YEL_11,CONCEPT_PELVIC_INFLAMMATORY_DISEASE,FAM_YEL_11_T02,26,FEMALE,hi,"गर्भाशय के पास भयानक मरोड़, पीला स्राव और ठंड लगना","बैठने पर झटके जैसा दर्द, तेज बुखार, उल्टी का मन और तीन दिन से भारी कमजोरी",acute_salpingitis_suspect; pelvic_fullness; dyspareunia; malaise,48.0,6.0,coronary_artery_disease,aspirin,no,107.0,131.0,79.0,98.0,38.7,21.0,NONE,YELLOW,none,true,true,false,prohibited,offline_technical_pipeline_validation,SYNTHETIC_DATA_UNVALIDATED_FOR_STRUCTURAL_TESTING_ONLY_DO_NOT_USE_FOR_CLINICAL_DECISION_MAKING
CASE-V3-00540,PAT-V3-00540,FAM_YEL_13,CONCEPT_CORNEAL_ABRASION_EYE_INJURY,FAM_YEL_13_T02,10,MALE,hi,बाईं आंख में फिनाइल या ब्लीच के छींटे पड़ने से तेज जलन और दर्द,"पानी से धोने के बाद भी भयानक जलन, आंख का सफेद हिस्सा गहरा लाल, पलकें सूजी हुईं",chemical_splash_eye_cleaning_agent; severe_burning; conjunctival_injection,1.0,9.0,migraine,aspirin,not_applicable,85.0,138.0,84.0,99.0,36.6,16.0,NONE,YELLOW,none,true,true,false,prohibited,offline_technical_pipeline_validation,SYNTHETIC_DATA_UNVALIDATED_FOR_STRUCTURAL_TESTING_ONLY_DO_NOT_USE_FOR_CLINICAL_DECISION_MAKING
CASE-V3-00542,PAT-V3-00542,FAM_GRN_15,CONCEPT_CHRONIC_TINNITUS,FAM_GRN_15_T03,45,FEMALE,en,Bilateral ringing after attending loud festival wedding 2 weeks ago,"Both ears ringing quietly, slowly fading over days, walks upright with good balance",subacute_tinnitus; bilateral; no_neurological_symptoms,2160.0,1.0,hypertension,sulfa_drugs,unknown,68.0,121.0,78.0,98.0,36.6,16.0,NONE,GREEN,none,true,true,false,prohibited,offline_technical_pipeline_validation,SYNTHETIC_DATA_UNVALIDATED_FOR_STRUCTURAL_TESTING_ONLY_DO_NOT_USE_FOR_CLINICAL_DECISION_MAKING
CASE-V3-00545,PAT-V3-00545,FAM_YEL_10,CONCEPT_ACUTE_DIVERTICULITIS,FAM_YEL_10_T04,53,MALE,en,Left pelvic cramp and temperature 38.4C after days of constipation,"Pain steady and sharp on pressure, bloating relieved slightly by passing gas, persistent fever",subacute_diverticular_flare; localized_tenderness; pyrexia,48.0,6.0,epilepsy,sulfa_drugs,not_applicable,97.0,141.0,86.0,99.0,38.1,19.0,NONE,YELLOW,none,true,true,false,prohibited,offline_technical_pipeline_validation,SYNTHETIC_DATA_UNVALIDATED_FOR_STRUCTURAL_TESTING_ONLY_DO_NOT_USE_FOR_CLINICAL_DECISION_MAKING
CASE-V3-00546,PAT-V3-00546,FAM_YEL_18,CONCEPT_SECOND_DEGREE_BURN,FAM_YEL_18_T05,54,OTHER,hi,पटाखा फटने से हथेली में फफोले और भयानक जलन,"हथेली की चमड़ी जली हुई और पानी भरे छाले, उंगलियां हिल रही हैं पर तेज जलन",firework_thermal_burn; hand_partial_thickness; acute_pain,1.0,7.0,dyslipidemia,penicillin,not_applicable,101.0,130.0,83.0,98.0,36.7,20.0,NONE,YELLOW,none,true,true,false,prohibited,offline_technical_pipeline_validation,SYNTHETIC_DATA_UNVALIDATED_FOR_STRUCTURAL_TESTING_ONLY_DO_NOT_USE_FOR_CLINICAL_DECISION_MAKING
CASE-V3-00547,PAT-V3-00547,FAM_GRN_06,CONCEPT_MILD_DYSPEPSIA,FAM_GRN_06_T05,37,MALE,en,Irritated stomach feeling after drinking strong black coffee on empty stomach,"Gnawing discomfort at epigastrium, completely soothed by drinking cold milk, alert",gastric_irritation_mild; non_radiating; afebrile,6.0,2.0,gastroesophageal_reflux,aspirin,not_applicable,86.0,132.0,82.0,100.0,36.7,14.0,NONE,GREEN,none,true,true,false,prohibited,offline_technical_pipeline_validation,SYNTHETIC_DATA_UNVALIDATED_FOR_STRUCTURAL_TESTING_ONLY_DO_NOT_USE_FOR_CLINICAL_DECISION_MAKING
CASE-V3-00548,PAT-V3-00548,FAM_GRN_11,CONCEPT_IMPACTED_CERUMEN,FAM_GRN_11_T01,80,OTHER,hi,स्विमिंग पूल में नहाने के बाद दाहिने कान में भारीपन और कम सुनाई देना,"कान में रुई फंसी होने जैसा अहसास, कोई तेज दर्द नहीं, कोई मवाद या पानी नहीं बह रहा, बुखार नहीं",muffled_hearing_unilateral; ear_fullness; no_ear_discharge; no_otalgia_severe; afebrile,72.0,1.0,hypothyroidism,nsaids,not_applicable,69.0,119.0,79.0,100.0,36.6,18.0,NONE,GREEN,none,true,true,false,prohibited,offline_technical_pipeline_validation,SYNTHETIC_DATA_UNVALIDATED_FOR_STRUCTURAL_TESTING_ONLY_DO_NOT_USE_FOR_CLINICAL_DECISION_MAKING
CASE-V3-00550,PAT-V3-00550,FAM_GRN_10,CONCEPT_MILD_ANKLE_SPRAIN,FAM_GRN_10_T03,56,MALE,or,ରାସ୍ତା କଡ଼ରୁ ଖସି ପାଦର ବାହାର ପାଖରେ ସାମାନ୍ୟ ବିନ୍ଧା,"ଗୋଇଠି ତଳେ ହାଲୁକା ନୀଳ ଚିହ୍ନ, ଆଙ୍ଗୁଠି ଭରା ଦେଇ ଛିଡ଼ା ହୋଇପାରୁଛନ୍ତି",ankle_strain_walkable; ecchymosis_minimal; full_plantarflexion,2.0,4.0,dyslipidemia,"dust_mites, pollen",not_applicable,72.0,129.0,71.0,100.0,36.7,15.0,NONE,GREEN,none,true,true,false,prohibited,offline_technical_pipeline_validation,SYNTHETIC_DATA_UNVALIDATED_FOR_STRUCTURAL_TESTING_ONLY_DO_NOT_USE_FOR_CLINICAL_DECISION_MAKING
CASE-V3-00551,PAT-V3-00551,FAM_GRN_15,CONCEPT_CHRONIC_TINNITUS,FAM_GRN_15_T05,68,MALE,or,"କାନରେ ଶବ୍ଦ ଯୋଗୁଁ ନିଦ ଆସିବାରେ ଅସୁବିଧା, ପରାମର୍ଶ ଦରକାର","ଦିନସାରା ଧ୍ୟାନ ରହୁନାହିଁ କିନ୍ତୁ ଶୋଇବା ବେଳେ ବାଧୁଛି, କାନରୁ ପୂଜ ନାହିଁ",chronic_ear_ringing; insomnia_secondary; ambulatory,2160.0,1.0,asthma,nsaids,not_applicable,76.0,135.0,78.0,99.0,36.8,16.0,NONE,GREEN,none,true,true,false,prohibited,offline_technical_pipeline_validation,SYNTHETIC_DATA_UNVALIDATED_FOR_STRUCTURAL_TESTING_ONLY_DO_NOT_USE_FOR_CLINICAL_DECISION_MAKING
CASE-V3-00553,PAT-V3-00553,FAM_YEL_05,CONCEPT_ACUTE_PYELONEPHRITIS,FAM_YEL_05_T01,21,FEMALE,hi,"तेज कंपकंपी वाला बुखार, कमर में तेज दर्द और पेशाब में जलन","दांत किटकिटाने वाली ठंड, कमर के दाईं ओर छूने पर दर्द, गाढ़ा बदबूदार पेशाब बार-बार आना",costovertebral_tenderness; high_spiking_fever; dysuria; rigors,24.0,8.0,osteoarthritis,ciprofloxacin,no,117.0,120.0,78.0,100.0,39.3,21.0,NONE,YELLOW,none,true,true,false,prohibited,offline_technical_pipeline_validation,SYNTHETIC_DATA_UNVALIDATED_FOR_STRUCTURAL_TESTING_ONLY_DO_NOT_USE_FOR_CLINICAL_DECISION_MAKING
CASE-V3-00554,PAT-V3-00554,FAM_GRN_17,CONCEPT_SIMPLE_HEMORRHOIDS,FAM_GRN_17_T03,53,FEMALE,or,କୋଷ୍ଠକାଠିନ୍ୟ ପରେ ଝାଡ଼ା ଯିବା ବେଳେ କାଗଜ କଟିଲା ଭଳି ପୋଡ଼ିବା,"ଝାଡ଼ା ପରେ ୫ ମିନିଟ୍ ପୋଡ଼ାଜଳା ପରେ ଶାନ୍ତ, ପେଟ ସଫା ସିରପ୍ ଦରକାର, ସ୍ୱାଭାବିକ ଚାଲି",chronic_constipation_anal_fissure_minor; superficial_tear; ointment_request,48.0,2.0,copd,none_known,no,84.0,122.0,76.0,100.0,36.8,14.0,NONE,GREEN,none,true,true,false,prohibited,offline_technical_pipeline_validation,SYNTHETIC_DATA_UNVALIDATED_FOR_STRUCTURAL_TESTING_ONLY_DO_NOT_USE_FOR_CLINICAL_DECISION_MAKING
CASE-V3-00555,PAT-V3-00555,FAM_GRN_13,CONCEPT_MECHANICAL_NECK_STIFFNESS,FAM_GRN_13_T01,20,OTHER,en,Woke up with stiff tilted neck and muscular ache after sleeping awkwardly on travel pillow,"Tight knot in side of neck muscle, hurts when turning head to right, chin can touch chest when asked, no fever, no headache, no photophobia",mechanical_torticollis; sleeping_awkwardly; sternocleidomastoid_spasm; no_meningismus; no_fever; no_photophobia,12.0,2.0,type_2_diabetes,unknown,not_applicable,81.0,128.0,75.0,100.0,36.6,17.0,NONE,GREEN,none,true,true,false,prohibited,offline_technical_pipeline_validation,SYNTHETIC_DATA_UNVALIDATED_FOR_STRUCTURAL_TESTING_ONLY_DO_NOT_USE_FOR_CLINICAL_DECISION_MAKING
CASE-V3-00556,PAT-V3-00556,FAM_GRN_11,CONCEPT_IMPACTED_CERUMEN,FAM_GRN_11_T02,48,MALE,or,ବାମ କାନରେ ଖଇଳ ଜମି ଧୀରେ ଧୀରେ କମ ଶୁଣାଯିବା,"ତୁଳା କାଠି ମାରିବାରୁ କାନ ଆହୁରି ବନ୍ଦ ହୋଇଗଲା, କାନ ଭିତର ବନ୍ଦ, ମୁଣ୍ଡ ବୁଲାଉ ନାହିଁ",wax_plug_ear; conductively_muffled; no_vertigo,336.0,1.0,dyslipidemia,nsaids,not_applicable,83.0,127.0,71.0,99.0,36.9,16.0,NONE,GREEN,none,true,true,false,prohibited,offline_technical_pipeline_validation,SYNTHETIC_DATA_UNVALIDATED_FOR_STRUCTURAL_TESTING_ONLY_DO_NOT_USE_FOR_CLINICAL_DECISION_MAKING
CASE-V3-00557,PAT-V3-00557,FAM_GRN_15,CONCEPT_CHRONIC_TINNITUS,FAM_GRN_15_T03,61,OTHER,en,Bilateral ringing after attending loud festival wedding 2 weeks ago,"Both ears ringing quietly, slowly fading over days, walks upright with good balance",subacute_tinnitus; bilateral; no_neurological_symptoms,720.0,1.0,allergic_rhinitis,none_known,not_applicable,73.0,124.0,83.0,99.0,36.6,16.0,NONE,GREEN,none,true,true,false,prohibited,offline_technical_pipeline_validation,SYNTHETIC_DATA_UNVALIDATED_FOR_STRUCTURAL_TESTING_ONLY_DO_NOT_USE_FOR_CLINICAL_DECISION_MAKING
CASE-V3-00559,PAT-V3-00559,FAM_YEL_20,CONCEPT_SYMPTOMATIC_TACHYCARDIA_STABLE,FAM_YEL_20_T04,61,MALE,en,Heart racing out of sync with breathlessness on climbing one flight of stairs,"Skipping beats followed by bursts of rapid pumping, mild chest flutter, no arm radiation, alert",tachyarrhythmia_normotensive; shortness_of_breath_on_exertion; pulse_irregularity,4.0,1.0,asthma,penicillin,not_applicable,143.0,147.0,80.0,99.0,36.8,19.0,NONE,YELLOW,none,true,true,false,prohibited,offline_technical_pipeline_validation,SYNTHETIC_DATA_UNVALIDATED_FOR_STRUCTURAL_TESTING_ONLY_DO_NOT_USE_FOR_CLINICAL_DECISION_MAKING
CASE-V3-00560,PAT-V3-00560,FAM_YEL_10,CONCEPT_ACUTE_DIVERTICULITIS,FAM_YEL_10_T02,59,OTHER,en,Deep cramp in left groin area worsening with walking or standing,"Firm tender area felt on lower left stomach, constipation for 3 days, mild shivers",sigmoid_diverticulitis_suspect; crampy_llq_pain; constipation,24.0,8.0,epilepsy,none_known,not_applicable,86.0,147.0,83.0,97.0,38.8,21.0,NONE,YELLOW,none,true,true,false,prohibited,offline_technical_pipeline_validation,SYNTHETIC_DATA_UNVALIDATED_FOR_STRUCTURAL_TESTING_ONLY_DO_NOT_USE_FOR_CLINICAL_DECISION_MAKING
CASE-V3-00561,PAT-V3-00561,FAM_YEL_16,CONCEPT_ACUTE_MONOARTHRITIS,FAM_YEL_16_T03,61,FEMALE,hi,"टखने में गठिया का भयानक दौरा, दो गोलियां लेने के बाद भी असहनीय दर्द","टखना बैंगनी-लाल होकर सूजा हुआ, चमड़ी में खिंचाव, दर्द से बुरा हाल, हल्की कंपकंपी",gouty_arthritis_flare; hyperuricemia_history; severe_throbbing,24.0,9.0,coronary_artery_disease,none_known,not_applicable,99.0,137.0,84.0,100.0,38.4,16.0,NONE,YELLOW,none,true,true,false,prohibited,offline_technical_pipeline_validation,SYNTHETIC_DATA_UNVALIDATED_FOR_STRUCTURAL_TESTING_ONLY_DO_NOT_USE_FOR_CLINICAL_DECISION_MAKING
CASE-V3-00565,PAT-V3-00565,FAM_YEL_12,CONCEPT_MODERATE_DEHYDRATION,FAM_YEL_12_T04,57,MALE,or,ଖାଦ୍ୟ ବିଷକ୍ରିୟା ଓ ଝାଡ଼ା ପରେ ପେଣ୍ଡା ମାଂସପେଶୀ ଟାଣି ଧରିବା ଓ ଦୁର୍ବଳତା,"ଗୋଡ଼ ପେଣ୍ଡାରେ ଅସହ୍ୟ କଷ୍ଟ, ଶୁଖିଲା ଓଠ, ବସିଲେ ମୁଣ୍ଡ ବୁଲାଇବା, ୧୦ ଥର ଝାଡ଼ା",severe_fluid_loss; muscular_cramps_secondary_hypokalemia; lethargy_mild,36.0,6.0,allergic_rhinitis,penicillin,not_applicable,117.0,110.0,68.0,97.0,38.1,22.0,NONE,YELLOW,none,true,true,false,prohibited,offline_technical_pipeline_validation,SYNTHETIC_DATA_UNVALIDATED_FOR_STRUCTURAL_TESTING_ONLY_DO_NOT_USE_FOR_CLINICAL_DECISION_MAKING
CASE-V3-00567,PAT-V3-00567,FAM_GRN_15,CONCEPT_CHRONIC_TINNITUS,FAM_GRN_15_T05,41,FEMALE,hi,"कान में आवाज आने से नींद आने में परेशानी, नींद की सलाह चाहिए","दिन में काम करते समय ध्यान नहीं जाता, रात को महसूस होना, कान से कोई मवाद नहीं",chronic_ear_ringing; insomnia_secondary; ambulatory,336.0,0.0,hypothyroidism,none_known,no,68.0,131.0,81.0,100.0,36.5,15.0,NONE,GREEN,none,true,true,false,prohibited,offline_technical_pipeline_validation,SYNTHETIC_DATA_UNVALIDATED_FOR_STRUCTURAL_TESTING_ONLY_DO_NOT_USE_FOR_CLINICAL_DECISION_MAKING
CASE-V3-00568,PAT-V3-00568,FAM_GRN_03,CONCEPT_ALLERGIC_RHINITIS,FAM_GRN_03_T03,24,FEMALE,or,ଏଲର୍ଜି ଯୋଗୁଁ ନାକ ଭିତର ସୁଡ଼ସୁଡ଼ ହେବା ଓ ବାରମ୍ବାର ନାକ ଘଷିବା,"ନାକ ଭିତରେ କୁଣ୍ଡିଆଣି, ଥରକେ ୬ଟି ଛିଙ୍କ, ଜ୍ୱର ଆଦୌ ନାହିଁ, ଏଲର୍ଜି ଔଷଧ ଖାଉଛନ୍ତି",hay_fever; nasal_pruritus; allergic_shiners_mild; clear_drainage,120.0,1.0,coronary_artery_disease,"dust_mites, pollen",no,69.0,114.0,77.0,100.0,36.5,15.0,NONE,GREEN,none,true,true,false,prohibited,offline_technical_pipeline_validation,SYNTHETIC_DATA_UNVALIDATED_FOR_STRUCTURAL_TESTING_ONLY_DO_NOT_USE_FOR_CLINICAL_DECISION_MAKING
CASE-V3-00569,PAT-V3-00569,FAM_GRN_02,CONCEPT_TENSION_HEADACHE,FAM_GRN_02_T05,58,FEMALE,or,ପାଠ ପଢ଼ିବା ପରେ ସନ୍ଧ୍ୟା ବେଳକୁ ଭ୍ରୂଲତା ଉପରେ ସାମାନ୍ୟ ବିନ୍ଧା,"ଆଖିପତା ଉପରେ ଧିମା କଷ୍ଟ, ସାଧାରଣ ପାରାସିଟାମୋଲ୍ ଖାଇଲେ କମିଯାଉଛି",tension_headache; bilateral_frontal; paracetamol_responsive,12.0,2.0,gastroesophageal_reflux,nsaids,not_applicable,83.0,122.0,77.0,100.0,37.0,16.0,NONE,GREEN,none,true,true,false,prohibited,offline_technical_pipeline_validation,SYNTHETIC_DATA_UNVALIDATED_FOR_STRUCTURAL_TESTING_ONLY_DO_NOT_USE_FOR_CLINICAL_DECISION_MAKING
CASE-V3-00571,PAT-V3-00571,FAM_GRN_01,CONCEPT_VIRAL_UPPER_RESPIRATORY_INFECTION,FAM_GRN_01_T01,19,MALE,or,"୩ ଦିନ ହେଲା ସାମାନ୍ୟ ନାକରୁ ପାଣି ବୋହିବା, ଛିଙ୍କ ଓ ଖସଖସ କାଶ","ନାକରୁ ନିର୍ମଳ ପାଣି ଝରିବା, ତଣ୍ଟି କୁଣ୍ଡାଇ ହେବା, ଛାତି ପରିଷ୍କାର, ଜ୍ୱର ନାହିଁ, ଭୋକ ସ୍ୱାଭାବିକ",clear_rhinorrhea; sneezing; mild_scratchy_throat; afebrile; normal_chest,96.0,2.0,asthma,amoxicillin,not_applicable,74.0,115.0,78.0,98.0,37.4,15.0,NONE,GREEN,none,true,true,false,prohibited,offline_technical_pipeline_validation,SYNTHETIC_DATA_UNVALIDATED_FOR_STRUCTURAL_TESTING_ONLY_DO_NOT_USE_FOR_CLINICAL_DECISION_MAKING
CASE-V3-00574,PAT-V3-00574,FAM_YEL_11,CONCEPT_PELVIC_INFLAMMATORY_DISEASE,FAM_YEL_11_T01,26,FEMALE,en,Severe bilateral lower pelvic pain with high fever and foul vaginal discharge,"Deep aching across both lower quadrants, worsened by walking or intercourse, shivering fevers",bilateral_lower_abdominal_pain; cervical_motion_tenderness_suspect; purulent_vaginal_discharge; fever,96.0,8.0,type_2_diabetes,"dust_mites, pollen",no,98.0,122.0,77.0,99.0,38.3,19.0,NONE,YELLOW,none,true,true,false,prohibited,offline_technical_pipeline_validation,SYNTHETIC_DATA_UNVALIDATED_FOR_STRUCTURAL_TESTING_ONLY_DO_NOT_USE_FOR_CLINICAL_DECISION_MAKING
CASE-V3-00575,PAT-V3-00575,FAM_GRN_09,CONCEPT_SUPERFICIAL_FOLLICULITIS,FAM_GRN_09_T01,41,FEMALE,or,ଜଙ୍ଘ ଉପରେ ତିନି ଦିନ ହେଲା ବାଳ ମୂଳରେ ଛୋଟ ବଥ ଓ ଧଳା ମୁନ,"ଛୋଟ ୫ ମିମି ଲାଲ୍ ଫୋଟକା, ଚାରିପାଖକୁ ମାଡ଼ିନାହିଁ, ସାମାନ୍ୟ କଷ୍ଟ, ଜ୍ୱର ନାହିଁ",punctate_pustule; hair_follicle_erythema; no_spreading_cellulitis; afebrile; non_fluctuant,48.0,1.0,hypothyroidism,ciprofloxacin,no,76.0,115.0,81.0,98.0,36.7,17.0,NONE,GREEN,none,true,true,false,prohibited,offline_technical_pipeline_validation,SYNTHETIC_DATA_UNVALIDATED_FOR_STRUCTURAL_TESTING_ONLY_DO_NOT_USE_FOR_CLINICAL_DECISION_MAKING
CASE-V3-00577,PAT-V3-00577,FAM_YEL_16,CONCEPT_ACUTE_MONOARTHRITIS,FAM_YEL_16_T02,47,MALE,hi,"दाहिना घुटना अचानक गुब्बारे की तरह फूलना, गर्म होना और तेज दर्द","घुटने में बहुत ज्यादा पानी भर जाना, घुटना मुड़ नहीं रहा, हल्का बुखार और भयंकर टीस",acute_knee_monoarthritis; large_joint_effusion; warmth; fever_mild,24.0,7.0,migraine,amoxicillin,not_applicable,96.0,135.0,92.0,100.0,37.6,20.0,NONE,YELLOW,none,true,true,false,prohibited,offline_technical_pipeline_validation,SYNTHETIC_DATA_UNVALIDATED_FOR_STRUCTURAL_TESTING_ONLY_DO_NOT_USE_FOR_CLINICAL_DECISION_MAKING
CASE-V3-00581,PAT-V3-00581,FAM_YEL_19,CONCEPT_PERITONSILLAR_ABSCESS,FAM_YEL_19_T05,32,FEMALE,or,"ଖାଦ୍ୟ ବା ବଟିକା ଗିଳି ନପାରିବା, ଗାଲ କୋଣରେ ତୀବ୍ର ବିନ୍ଧା ଓ ଫୁଲା","ଛେପ ପକାଉଛନ୍ତି, ଡାହାଣ କାନତଳ ଚିପିଲେ କଷ୍ଟ, ମୁହଁ ଖୋଲୁନାହିଁ, ୩୮.୮ ଡିଗ୍ରୀ ଜ୍ୱର",deep_neck_space_infection_risk; trismus; pyrexia,96.0,7.0,hypertension,ciprofloxacin,no,113.0,128.0,86.0,98.0,38.8,18.0,NONE,YELLOW,none,true,true,false,prohibited,offline_technical_pipeline_validation,SYNTHETIC_DATA_UNVALIDATED_FOR_STRUCTURAL_TESTING_ONLY_DO_NOT_USE_FOR_CLINICAL_DECISION_MAKING
CASE-V3-00586,PAT-V3-00586,FAM_YEL_07,CONCEPT_EXTREMITY_FRACTURE,FAM_YEL_07_T03,27,FEMALE,hi,खिंचाव के बाद कंधा उतरने जैसा दर्द और हाथ बिल्कुल हिल न पाना,"कंधे का गोल आकार सपाट हो गया है, दूसरे हाथ से कोहनी संभाले हुए हैं, छूने पर तेज टीस",shoulder_dislocation_suspect; squaring_of_shoulder; acute_immobility,3.0,8.0,none_reported,unknown,yes,92.0,131.0,89.0,100.0,37.0,17.0,NONE,YELLOW,none,true,true,false,prohibited,offline_technical_pipeline_validation,SYNTHETIC_DATA_UNVALIDATED_FOR_STRUCTURAL_TESTING_ONLY_DO_NOT_USE_FOR_CLINICAL_DECISION_MAKING
CASE-V3-00587,PAT-V3-00587,FAM_YEL_18,CONCEPT_SECOND_DEGREE_BURN,FAM_YEL_18_T04,49,FEMALE,en,Motorcycle exhaust silencer burn to right calf with intact blisters,"Circumscribed second-degree burn, very tender, swelling around ankle, no charring",exhaust_pipe_burn; localized_dermal_burn; blistering,2.0,9.0,hypertension,ciprofloxacin,yes,95.0,139.0,79.0,98.0,37.1,18.0,NONE,YELLOW,none,true,true,false,prohibited,offline_technical_pipeline_validation,SYNTHETIC_DATA_UNVALIDATED_FOR_STRUCTURAL_TESTING_ONLY_DO_NOT_USE_FOR_CLINICAL_DECISION_MAKING
CASE-V3-00590,PAT-V3-00590,FAM_YEL_10,CONCEPT_ACUTE_DIVERTICULITIS,FAM_YEL_10_T03,63,MALE,en,Severe throbbing in left lower stomach with mild nausea and chills,"Cannot sleep on left side, tender to touch, loss of appetite, no rectal bleeding",colonic_inflammation; focal_abdominal_guarding; fever,24.0,7.0,gastroesophageal_reflux,none_known,not_applicable,102.0,144.0,86.0,98.0,38.6,20.0,NONE,YELLOW,none,true,true,false,prohibited,offline_technical_pipeline_validation,SYNTHETIC_DATA_UNVALIDATED_FOR_STRUCTURAL_TESTING_ONLY_DO_NOT_USE_FOR_CLINICAL_DECISION_MAKING
CASE-V3-00591,PAT-V3-00591,FAM_YEL_10,CONCEPT_ACUTE_DIVERTICULITIS,FAM_YEL_10_T03,72,MALE,or,"ତଳ ବାମ ପେଟରେ ତୀବ୍ର ଧପଧପ ବିନ୍ଧା, ସାମାନ୍ୟ ବାନ୍ତି ଭାବ ଓ ଜ୍ୱର","ବାମ କଡ଼ ମାଡ଼ି ଶୋଇପାରୁ ନାହାନ୍ତି, ଛୁଇଁଲେ କଷ୍ଟ, ଖାଇବାକୁ ଇଚ୍ଛା ନାହିଁ",colonic_inflammation; focal_abdominal_guarding; fever,72.0,5.0,hypertension,aspirin,not_applicable,103.0,142.0,87.0,98.0,38.1,20.0,NONE,YELLOW,none,true,true,false,prohibited,offline_technical_pipeline_validation,SYNTHETIC_DATA_UNVALIDATED_FOR_STRUCTURAL_TESTING_ONLY_DO_NOT_USE_FOR_CLINICAL_DECISION_MAKING
CASE-V3-00592,PAT-V3-00592,FAM_YEL_12,CONCEPT_MODERATE_DEHYDRATION,FAM_YEL_12_T04,57,FEMALE,en,Calf muscle spasms and weakness after a day of food poisoning diarrhoea,"Severe painful cramping in calves, dry lips, dizzy when sitting upright, 10 stools today",severe_fluid_loss; muscular_cramps_secondary_hypokalemia; lethargy_mild,24.0,4.0,allergic_rhinitis,nsaids,not_applicable,112.0,107.0,73.0,99.0,37.9,21.0,NONE,YELLOW,none,true,true,false,prohibited,offline_technical_pipeline_validation,SYNTHETIC_DATA_UNVALIDATED_FOR_STRUCTURAL_TESTING_ONLY_DO_NOT_USE_FOR_CLINICAL_DECISION_MAKING
CASE-V3-00594,PAT-V3-00594,FAM_YEL_13,CONCEPT_CORNEAL_ABRASION_EYE_INJURY,FAM_YEL_13_T01,11,FEMALE,hi,टहनी लगने के बाद दाईं आंख में असहनीय दर्द और आंख न खोल पाना,"पलकें अपने आप बंद हो जाना, रोशनी में बिल्कुल न देख पाना, लगातार पानी बहना, आंख में कुछ चुभने का अहसास",severe_ocular_pain; blepharospasm; foreign_body_sensation; photophobia; lacrimation,2.0,7.0,epilepsy,unknown,not_applicable,88.0,120.0,83.0,100.0,36.6,18.0,NONE,YELLOW,none,true,true,false,prohibited,offline_technical_pipeline_validation,SYNTHETIC_DATA_UNVALIDATED_FOR_STRUCTURAL_TESTING_ONLY_DO_NOT_USE_FOR_CLINICAL_DECISION_MAKING
CASE-V3-00596,PAT-V3-00596,FAM_GRN_05,CONCEPT_CHRONIC_KNEE_OSTEOARTHRITIS,FAM_GRN_05_T01,59,MALE,or,ମନ୍ଦିରରେ ଅଧିକ ଚାଲିବା ପରେ ଉଭୟ ଆଣ୍ଠୁରେ ପୁରୁଣା ଘୋଳାବିନ୍ଧା ବଢ଼ିବା,"ଭାଙ୍ଗିଲେ କଟକଟ ଶବ୍ଦ, ସକାଳେ ୧୦ ମିନିଟ୍ ଟାଣ ଲାଗିବା, ଲାଲ୍ ବା ଗରମ ନାହିଁ, ବାଡ଼ି ଧରି ଚାଲୁଛନ୍ତି",chronic_bilateral_knee_crepitus; morning_stiffness_under_20min; pain_after_walking; no_joint_heat; afebrile,168.0,3.0,copd,none_known,not_applicable,83.0,134.0,84.0,99.0,36.9,14.0,NONE,GREEN,none,true,true,false,prohibited,offline_technical_pipeline_validation,SYNTHETIC_DATA_UNVALIDATED_FOR_STRUCTURAL_TESTING_ONLY_DO_NOT_USE_FOR_CLINICAL_DECISION_MAKING
CASE-V3-00597,PAT-V3-00597,FAM_GRN_04,CONCEPT_SUPERFICIAL_ABRASION,FAM_GRN_04_T02,31,MALE,en,Scraped left elbow on turf during badminton game,"Red raw skin patch 3x3 cm, washed with clean water, mild stinging on touch, elbow moves normally",friction_burn_elbow; raw_epidermis; intact_range_of_motion,2.0,3.0,chronic_kidney_disease_stage_2,unknown,not_applicable,77.0,115.0,79.0,100.0,36.8,14.0,NONE,GREEN,none,true,true,false,prohibited,offline_technical_pipeline_validation,SYNTHETIC_DATA_UNVALIDATED_FOR_STRUCTURAL_TESTING_ONLY_DO_NOT_USE_FOR_CLINICAL_DECISION_MAKING
CASE-V3-00598,PAT-V3-00598,FAM_YEL_12,CONCEPT_MODERATE_DEHYDRATION,FAM_YEL_12_T01,44,MALE,hi,"24 घंटे में 12 से ज्यादा पतले दस्त और उल्टियां, खड़े होने पर चक्कर","जीभ बिल्कुल सूखी, आंखें अंदर धंसी हुई, पेशाब बहुत कम और गहरा पीला, खड़े होने पर दिल तेज धड़कना",profuse_watery_diarrhea; frequent_vomiting; sunken_eyes; tachycardia_orthostatic; dry_tongue,36.0,6.0,migraine,unknown,not_applicable,118.0,106.0,65.0,99.0,38.1,19.0,NONE,YELLOW,none,true,true,false,prohibited,offline_technical_pipeline_validation,SYNTHETIC_DATA_UNVALIDATED_FOR_STRUCTURAL_TESTING_ONLY_DO_NOT_USE_FOR_CLINICAL_DECISION_MAKING
CASE-V3-00600,PAT-V3-00600,FAM_GRN_04,CONCEPT_SUPERFICIAL_ABRASION,FAM_GRN_04_T05,56,FEMALE,or,"ବାଡ଼ ବାଜି କାନ୍ଧରେ ସାମାନ୍ୟ ଘୋଷାରି ହେବା, ପଟି ଲଗାଇବାକୁ ଆସିଛନ୍ତି","କେବଳ ଉପର ଚମଡ଼ା ଛାଲିଛି, ରକ୍ତ ବୋହୁନାହିଁ, ରୋଗୀ ସମ୍ପୂର୍ଣ୍ଣ ସୁସ୍ଥ ଓ ଚେତନ",minor_abrasion_dressing_request; tetanus_update_request; superficial,8.0,4.0,hypothyroidism,sulfa_drugs,not_applicable,71.0,118.0,72.0,98.0,36.6,14.0,NONE,GREEN,none,true,true,false,prohibited,offline_technical_pipeline_validation,SYNTHETIC_DATA_UNVALIDATED_FOR_STRUCTURAL_TESTING_ONLY_DO_NOT_USE_FOR_CLINICAL_DECISION_MAKING
CASE-V3-00601,PAT-V3-00601,FAM_GRN_04,CONCEPT_SUPERFICIAL_ABRASION,FAM_GRN_04_T05,16,MALE,hi,"बाड़ से कंधे पर मामूली खरोंच, पट्टी करवाने के लिए आए हैं","केवल ऊपरी चमड़ी छूटी है, कोई खून नहीं बह रहा, मरीज पूरी तरह सहज और स्वस्थ",minor_abrasion_dressing_request; tetanus_update_request; superficial,8.0,3.0,hypothyroidism,sulfa_drugs,not_applicable,74.0,120.0,71.0,99.0,36.5,15.0,NONE,GREEN,none,true,true,false,prohibited,offline_technical_pipeline_validation,SYNTHETIC_DATA_UNVALIDATED_FOR_STRUCTURAL_TESTING_ONLY_DO_NOT_USE_FOR_CLINICAL_DECISION_MAKING
CASE-V3-00606,PAT-V3-00606,FAM_YEL_16,CONCEPT_ACUTE_MONOARTHRITIS,FAM_YEL_16_T02,46,FEMALE,or,ଡାହାଣ ଆଣ୍ଠୁ ହଠାତ୍ ବେଲୁନ୍ ଭଳି ଫୁଲି ଉଷୁମ ହେବା ଓ ଅସହ୍ୟ ବିନ୍ଧା,"ଆଣ୍ଠୁ ଭିତରେ ପାଣି ଜମିଛି, ଆଣ୍ଠୁ ଆଦୌ ଭାଙ୍ଗି ହେଉନାହିଁ, ସାମାନ୍ୟ ଜ୍ୱର ଓ କଷ୍ଟ",acute_knee_monoarthritis; large_joint_effusion; warmth; fever_mild,12.0,8.0,coronary_artery_disease,penicillin,yes,92.0,143.0,89.0,99.0,37.9,19.0,NONE,YELLOW,none,true,true,false,prohibited,offline_technical_pipeline_validation,SYNTHETIC_DATA_UNVALIDATED_FOR_STRUCTURAL_TESTING_ONLY_DO_NOT_USE_FOR_CLINICAL_DECISION_MAKING
CASE-V3-00607,PAT-V3-00607,FAM_GRN_12,CONCEPT_APHTHOUS_STOMATITIS,FAM_GRN_12_T05,37,OTHER,en,Stinging gum sore when drinking orange juice,"Punctate 2mm superficial ulcer near molar tooth, teeth clean and firm, vitals normal",mild_stomatitis; stinging_on_citrus; normal_vitals,24.0,2.0,hypertension,aspirin,not_applicable,72.0,114.0,76.0,98.0,36.8,17.0,NONE,GREEN,none,true,true,false,prohibited,offline_technical_pipeline_validation,SYNTHETIC_DATA_UNVALIDATED_FOR_STRUCTURAL_TESTING_ONLY_DO_NOT_USE_FOR_CLINICAL_DECISION_MAKING
CASE-V3-00610,PAT-V3-00610,FAM_GRN_15,CONCEPT_CHRONIC_TINNITUS,FAM_GRN_15_T04,67,OTHER,hi,रात को सोने लेटते समय सिर में हल्की भिनभिनाहट की आवाज,"लगातार एक सुर की आवाज, बीपी सामान्य, बातचीत बिल्कुल साफ, कोई सिरदर्द नहीं",non_pulsatile_tinnitus; symmetrical; no_headache,336.0,1.0,epilepsy,amoxicillin,not_applicable,82.0,128.0,79.0,98.0,36.5,17.0,NONE,GREEN,none,true,true,false,prohibited,offline_technical_pipeline_validation,SYNTHETIC_DATA_UNVALIDATED_FOR_STRUCTURAL_TESTING_ONLY_DO_NOT_USE_FOR_CLINICAL_DECISION_MAKING
CASE-V3-00611,PAT-V3-00611,FAM_YEL_10,CONCEPT_ACUTE_DIVERTICULITIS,FAM_YEL_10_T01,48,MALE,or,"ପେଟର ତଳ ବାମ ପାଖରେ ଲଗାତାର ଯନ୍ତ୍ରଣା, ହାଲୁକା ଜ୍ୱର ଓ ପେଟ ଫାମ୍ପିବା","ବାମ ପାଖ ଚିପିଲେ କଷ୍ଟ, ଝାଡ଼ା ଯିବା ବେଳେ ଯନ୍ତ୍ରଣା, ଦୁଇ ଦିନରୁ ଦେହ ତାତିବା",left_lower_quadrant_pain; persistent_tenderness; low_fever; altered_bowels,72.0,5.0,coronary_artery_disease,penicillin,not_applicable,100.0,125.0,79.0,98.0,38.3,18.0,NONE,YELLOW,none,true,true,false,prohibited,offline_technical_pipeline_validation,SYNTHETIC_DATA_UNVALIDATED_FOR_STRUCTURAL_TESTING_ONLY_DO_NOT_USE_FOR_CLINICAL_DECISION_MAKING
CASE-V3-00612,PAT-V3-00612,FAM_GRN_17,CONCEPT_SIMPLE_HEMORRHOIDS,FAM_GRN_17_T03,48,OTHER,en,Sharp sting like paper cut during bowel movement after constipation,"Stinging lasts 5 minutes after toilet then settles, requesting stool softener syrup, walking normally",chronic_constipation_anal_fissure_minor; superficial_tear; ointment_request,48.0,4.0,type_2_diabetes,sulfa_drugs,not_applicable,68.0,122.0,72.0,98.0,36.5,17.0,NONE,GREEN,none,true,true,false,prohibited,offline_technical_pipeline_validation,SYNTHETIC_DATA_UNVALIDATED_FOR_STRUCTURAL_TESTING_ONLY_DO_NOT_USE_FOR_CLINICAL_DECISION_MAKING
CASE-V3-00613,PAT-V3-00613,FAM_GRN_05,CONCEPT_CHRONIC_KNEE_OSTEOARTHRITIS,FAM_GRN_05_T01,70,MALE,en,Longstanding dull ache in both knees worse after prolonged walking in temple,"Bilateral joint crepitus on bending, morning stiffness lasts 10 minutes, no redness, no fever, walks with cane",chronic_bilateral_knee_crepitus; morning_stiffness_under_20min; pain_after_walking; no_joint_heat; afebrile,72.0,5.0,allergic_rhinitis,none_known,not_applicable,71.0,131.0,75.0,98.0,37.0,15.0,NONE,GREEN,none,true,true,false,prohibited,offline_technical_pipeline_validation,SYNTHETIC_DATA_UNVALIDATED_FOR_STRUCTURAL_TESTING_ONLY_DO_NOT_USE_FOR_CLINICAL_DECISION_MAKING
CASE-V3-00614,PAT-V3-00614,FAM_GRN_03,CONCEPT_ALLERGIC_RHINITIS,FAM_GRN_03_T01,20,MALE,en,Itchy watery eyes and recurrent sneezing fits with seasonal pollen change,"Rubbing inner corners of eyes, clear runny nose, itching of roof of mouth, no chest tightness, no fever",itchy_watery_eyes; repetitive_sneezing; clear_rhinorrhea; seasonal_pattern; afebrile,48.0,1.0,allergic_rhinitis,aspirin,not_applicable,84.0,119.0,73.0,100.0,36.9,18.0,NONE,GREEN,none,true,true,false,prohibited,offline_technical_pipeline_validation,SYNTHETIC_DATA_UNVALIDATED_FOR_STRUCTURAL_TESTING_ONLY_DO_NOT_USE_FOR_CLINICAL_DECISION_MAKING
CASE-V3-00616,PAT-V3-00616,FAM_GRN_05,CONCEPT_CHRONIC_KNEE_OSTEOARTHRITIS,FAM_GRN_05_T02,78,FEMALE,hi,ठंडे मौसम के कारण पिछले एक हफ्ते से घुटनों में पुराना दर्द उभरना,"वही पुराना जाना-पहचाना दर्द, सीढ़ियां धीरे चढ़ना, घुटने गर्म नहीं हैं, कोई सूजन नहीं",knee_osteoarthritis_weather_flare; mechanical_ache; stable_effusion_none,336.0,5.0,"hypertension, type_2_diabetes",ciprofloxacin,not_applicable,72.0,131.0,84.0,97.0,37.0,18.0,NONE,GREEN,none,true,true,false,prohibited,offline_technical_pipeline_validation,SYNTHETIC_DATA_UNVALIDATED_FOR_STRUCTURAL_TESTING_ONLY_DO_NOT_USE_FOR_CLINICAL_DECISION_MAKING
CASE-V3-00617,PAT-V3-00617,FAM_YEL_10,CONCEPT_ACUTE_DIVERTICULITIS,FAM_YEL_10_T02,64,FEMALE,en,Deep cramp in left groin area worsening with walking or standing,"Firm tender area felt on lower left stomach, constipation for 3 days, mild shivers",sigmoid_diverticulitis_suspect; crampy_llq_pain; constipation,72.0,8.0,type_2_diabetes,"dust_mites, pollen",not_applicable,88.0,147.0,79.0,97.0,38.1,18.0,NONE,YELLOW,none,true,true,false,prohibited,offline_technical_pipeline_validation,SYNTHETIC_DATA_UNVALIDATED_FOR_STRUCTURAL_TESTING_ONLY_DO_NOT_USE_FOR_CLINICAL_DECISION_MAKING
CASE-V3-00618,PAT-V3-00618,FAM_GRN_17,CONCEPT_SIMPLE_HEMORRHOIDS,FAM_GRN_17_T03,26,FEMALE,hi,कब्ज के बाद शौच करते समय मलद्वार में कागज के कटने जैसी जलन,"शौच के बाद 5 मिनट जलन फिर ठीक, पेट साफ करने का सिरप चाहिए, सामान्य चाल-ढाल",chronic_constipation_anal_fissure_minor; superficial_tear; ointment_request,72.0,2.0,migraine,aspirin,yes,79.0,122.0,79.0,100.0,36.7,16.0,NONE,GREEN,none,true,true,false,prohibited,offline_technical_pipeline_validation,SYNTHETIC_DATA_UNVALIDATED_FOR_STRUCTURAL_TESTING_ONLY_DO_NOT_USE_FOR_CLINICAL_DECISION_MAKING
CASE-V3-00619,PAT-V3-00619,FAM_GRN_13,CONCEPT_MECHANICAL_NECK_STIFFNESS,FAM_GRN_13_T04,42,FEMALE,or,ପଛକୁ ଚାହିଁବା ବେଳେ ବେକରେ ହଠାତ୍ ଝଟକା ଲାଗି କଷ୍ଟ,"ହଠାତ୍ ହଲାଇଲେ ବିନ୍ଧା, ଆଗପଛ ସହଜରେ ହେଉଛି, ଝିମଝିମ ନାହିଁ",muscular_neck_crick; localized_trapezius; good_general_condition,48.0,4.0,migraine,none_known,no,70.0,116.0,79.0,100.0,37.1,14.0,NONE,GREEN,none,true,true,false,prohibited,offline_technical_pipeline_validation,SYNTHETIC_DATA_UNVALIDATED_FOR_STRUCTURAL_TESTING_ONLY_DO_NOT_USE_FOR_CLINICAL_DECISION_MAKING
CASE-V3-00621,PAT-V3-00621,FAM_GRN_03,CONCEPT_ALLERGIC_RHINITIS,FAM_GRN_03_T02,46,MALE,hi,"घास कटाई के बाद दोनों आंखों में लाली, खुजली और पानी बिना किसी मवाद के","दोनों आंखें गुलाबी और नम, नजर बिल्कुल साफ, आंख घुमाने में कोई दर्द नहीं",allergic_conjunctivitis; bilateral_ocular_itching; no_purulent_discharge,120.0,1.0,type_2_diabetes,aspirin,not_applicable,68.0,128.0,73.0,100.0,36.6,16.0,NONE,GREEN,none,true,true,false,prohibited,offline_technical_pipeline_validation,SYNTHETIC_DATA_UNVALIDATED_FOR_STRUCTURAL_TESTING_ONLY_DO_NOT_USE_FOR_CLINICAL_DECISION_MAKING
CASE-V3-00622,PAT-V3-00622,FAM_YEL_16,CONCEPT_ACUTE_MONOARTHRITIS,FAM_YEL_16_T04,68,MALE,hi,"रात भर में कोहनी का जोड़ दोगुना सूज जाना, तेज गर्मी और 38.1C बुखार","कोहनी छूने पर बहुत गर्म, हाथ हिलाना असंभव, तेज टीस और भारी सूजन",monoarticular_swelling; joint_fluid_analysis_needed; feverish,36.0,8.0,allergic_rhinitis,none_known,not_applicable,95.0,146.0,88.0,99.0,37.9,17.0,NONE,YELLOW,none,true,true,false,prohibited,offline_technical_pipeline_validation,SYNTHETIC_DATA_UNVALIDATED_FOR_STRUCTURAL_TESTING_ONLY_DO_NOT_USE_FOR_CLINICAL_DECISION_MAKING
CASE-V3-00623,PAT-V3-00623,FAM_YEL_13,CONCEPT_CORNEAL_ABRASION_EYE_INJURY,FAM_YEL_13_T02,14,MALE,or,ବାମ ଆଖିରେ ଫିନାଇଲ ଛିଟିକି ପଡ଼ି ପ୍ରବଳ ପୋଡ଼ାଜଳା ଓ ଯନ୍ତ୍ରଣା,"ପାଣିରେ ଧୋଇବା ପରେ ବି ଭୀଷଣ ପୋଡ଼ିବା, ଆଖି ଡୋଳା ଲାଲ୍ ଟହଟହ, ପତା ଫୁଲିଯିବା",chemical_splash_eye_cleaning_agent; severe_burning; conjunctival_injection,2.0,8.0,allergic_rhinitis,none_known,not_applicable,96.0,129.0,78.0,99.0,36.5,17.0,NONE,YELLOW,none,true,true,false,prohibited,offline_technical_pipeline_validation,SYNTHETIC_DATA_UNVALIDATED_FOR_STRUCTURAL_TESTING_ONLY_DO_NOT_USE_FOR_CLINICAL_DECISION_MAKING
CASE-V3-00624,PAT-V3-00624,FAM_YEL_15,CONCEPT_HEAD_INJURY_CONCUSSION,FAM_YEL_15_T04,63,MALE,or,ସାଇକେଲରୁ ପଡ଼ି ମୁଣ୍ଡରେ ଯନ୍ତ୍ରଣା ଓ ଆଲୋକରେ ଆଖି କଷ୍ଟ,"ମୁଣ୍ଡର ଦୁଇ ପାଖରେ ବିନ୍ଧା, ଆଲୋକ ଦେଖିଲେ କଷ୍ଟ, ଚାଲିବାରେ ସନ୍ତୁଳନ ଠିକ୍ ଅଛି",cranial_contusion; photophobia_post_trauma; gcs_normal,1.0,8.0,hypertension,penicillin,not_applicable,97.0,128.0,89.0,98.0,36.8,17.0,NONE,YELLOW,none,true,true,false,prohibited,offline_technical_pipeline_validation,SYNTHETIC_DATA_UNVALIDATED_FOR_STRUCTURAL_TESTING_ONLY_DO_NOT_USE_FOR_CLINICAL_DECISION_MAKING
CASE-V3-00629,PAT-V3-00629,FAM_YEL_12,CONCEPT_MODERATE_DEHYDRATION,FAM_YEL_12_T04,45,FEMALE,en,Calf muscle spasms and weakness after a day of food poisoning diarrhoea,"Severe painful cramping in calves, dry lips, dizzy when sitting upright, 10 stools today",severe_fluid_loss; muscular_cramps_secondary_hypokalemia; lethargy_mild,36.0,7.0,chronic_kidney_disease_stage_2,unknown,no,120.0,110.0,71.0,97.0,37.5,20.0,NONE,YELLOW,none,true,true,false,prohibited,offline_technical_pipeline_validation,SYNTHETIC_DATA_UNVALIDATED_FOR_STRUCTURAL_TESTING_ONLY_DO_NOT_USE_FOR_CLINICAL_DECISION_MAKING
CASE-V3-00630,PAT-V3-00630,FAM_YEL_18,CONCEPT_SECOND_DEGREE_BURN,FAM_YEL_18_T02,54,MALE,hi,खाना बनाते समय खौलता तेल हाथ पर छलकने से चमड़ी उधड़ना और फफोले,"हाथ की चमड़ी लाल और छालेदार, उंगलियों के बीच तेज जलन, पानी से धोने पर भी दर्द",hot_oil_splash_burn; partial_thickness; blistering; dressing_needed,2.0,8.0,"hypertension, type_2_diabetes","dust_mites, pollen",not_applicable,109.0,136.0,76.0,99.0,36.7,18.0,NONE,YELLOW,none,true,true,false,prohibited,offline_technical_pipeline_validation,SYNTHETIC_DATA_UNVALIDATED_FOR_STRUCTURAL_TESTING_ONLY_DO_NOT_USE_FOR_CLINICAL_DECISION_MAKING
CASE-V3-00632,PAT-V3-00632,FAM_YEL_13,CONCEPT_CORNEAL_ABRASION_EYE_INJURY,FAM_YEL_13_T04,42,FEMALE,en,Worsening red painful eye after sleeping with contact lenses in,"Deep aching in eyeball, severe tearing, white speck noticed on iris edge, photophobia",contact_lens_corneal_ulcer_suspect; ocular_injection; photophobia,8.0,9.0,hypothyroidism,none_known,yes,94.0,127.0,75.0,99.0,36.8,20.0,NONE,YELLOW,none,true,true,false,prohibited,offline_technical_pipeline_validation,SYNTHETIC_DATA_UNVALIDATED_FOR_STRUCTURAL_TESTING_ONLY_DO_NOT_USE_FOR_CLINICAL_DECISION_MAKING
CASE-V3-00633,PAT-V3-00633,FAM_GRN_04,CONCEPT_SUPERFICIAL_ABRASION,FAM_GRN_04_T02,24,OTHER,or,ଖେଳିବା ବେଳେ ବାମ କହୁଣୀ ଘଷି ହୋଇ ଛାଲିଯିବା ଓ ପୋଡ଼ିବା,"କହୁଣୀରେ ୩x୩ ସେମି ଲାଲ୍ ଘଷା ଚିହ୍ନ, ପାଣିରେ ଧୋଇଛନ୍ତି, ଛୁଇଁଲେ ସାମାନ୍ୟ କଷ୍ଟ, ହାତ ଚଳୁଛି",friction_burn_elbow; raw_epidermis; intact_range_of_motion,8.0,2.0,hypothyroidism,unknown,not_applicable,87.0,123.0,81.0,98.0,36.7,17.0,NONE,GREEN,none,true,true,false,prohibited,offline_technical_pipeline_validation,SYNTHETIC_DATA_UNVALIDATED_FOR_STRUCTURAL_TESTING_ONLY_DO_NOT_USE_FOR_CLINICAL_DECISION_MAKING
CASE-V3-00634,PAT-V3-00634,FAM_YEL_19,CONCEPT_PERITONSILLAR_ABSCESS,FAM_YEL_19_T01,54,FEMALE,or,"ଗଳାର ଡାହାଣ ପଟେ ଅସହ୍ୟ ଯନ୍ତ୍ରଣା, ଛେପ ଢୋକି ନପାରିବା ଓ ମୁହଁ ଖୋଲି ନହେବା","ଦୁଇ ଆଙ୍ଗୁଠିରୁ ଅଧିକ ପାଟି ଖୋଲୁନାହିଁ, ସ୍ୱର ମୋଟା ଓ ଅସ୍ପଷ୍ଟ, ଲାଳ ବୋହିବା, ଜ୍ୱର",unilateral_severe_sore_throat; trismus_difficulty_opening_mouth; hot_potato_voice; drooling; fever,48.0,7.0,gastroesophageal_reflux,"dust_mites, pollen",no,95.0,131.0,76.0,97.0,39.0,22.0,NONE,YELLOW,none,true,true,false,prohibited,offline_technical_pipeline_validation,SYNTHETIC_DATA_UNVALIDATED_FOR_STRUCTURAL_TESTING_ONLY_DO_NOT_USE_FOR_CLINICAL_DECISION_MAKING
CASE-V3-00635,PAT-V3-00635,FAM_YEL_12,CONCEPT_MODERATE_DEHYDRATION,FAM_YEL_12_T05,30,FEMALE,en,Severe fluid loss from persistent loose motions with rapid heartbeat,"Skin dry and warm, eyes hollow, drinks greedily from cup, alert but weak",rotavirus_or_bacterial_colitis; dehydration_signs; sunken_eyes,36.0,6.0,hypothyroidism,none_known,no,114.0,109.0,66.0,99.0,38.0,18.0,NONE,YELLOW,none,true,true,false,prohibited,offline_technical_pipeline_validation,SYNTHETIC_DATA_UNVALIDATED_FOR_STRUCTURAL_TESTING_ONLY_DO_NOT_USE_FOR_CLINICAL_DECISION_MAKING
CASE-V3-00636,PAT-V3-00636,FAM_YEL_02,CONCEPT_ACUTE_RENAL_COLIC,FAM_YEL_02_T03,58,FEMALE,en,Sharp stabbing loin pain shooting downwards into private parts,"Severe loin agony causing cold sweating, pain does not ease with rest or massage, past stone history",costovertebral_angle_tenderness; stone_passage_suspect; diaphoresis_from_pain,12.0,8.0,epilepsy,none_known,not_applicable,104.0,151.0,85.0,100.0,37.0,24.0,NONE,YELLOW,none,true,true,false,prohibited,offline_technical_pipeline_validation,SYNTHETIC_DATA_UNVALIDATED_FOR_STRUCTURAL_TESTING_ONLY_DO_NOT_USE_FOR_CLINICAL_DECISION_MAKING
CASE-V3-00637,PAT-V3-00637,FAM_YEL_20,CONCEPT_SYMPTOMATIC_TACHYCARDIA_STABLE,FAM_YEL_20_T02,54,FEMALE,hi,चार घंटे से दिल की तेज धड़कन और नब्ज में बेतरतीब उछाल,"छाती में जोर-जोर से धड़कन महसूस होना, अचानक भारी कमजोरी, नब्ज का तालमेल बिगड़ा हुआ",atrial_fibrillation_rapid_ventricular_response; pulse_deficit; fatigue,4.0,2.0,gastroesophageal_reflux,amoxicillin,unknown,125.0,126.0,88.0,96.0,36.6,21.0,NONE,YELLOW,none,true,true,false,prohibited,offline_technical_pipeline_validation,SYNTHETIC_DATA_UNVALIDATED_FOR_STRUCTURAL_TESTING_ONLY_DO_NOT_USE_FOR_CLINICAL_DECISION_MAKING
CASE-V3-00638,PAT-V3-00638,FAM_YEL_05,CONCEPT_ACUTE_PYELONEPHRITIS,FAM_YEL_05_T01,44,FEMALE,hi,"तेज कंपकंपी वाला बुखार, कमर में तेज दर्द और पेशाब में जलन","दांत किटकिटाने वाली ठंड, कमर के दाईं ओर छूने पर दर्द, गाढ़ा बदबूदार पेशाब बार-बार आना",costovertebral_tenderness; high_spiking_fever; dysuria; rigors,24.0,8.0,hypothyroidism,aspirin,no,107.0,131.0,75.0,99.0,39.3,22.0,NONE,YELLOW,none,true,true,false,prohibited,offline_technical_pipeline_validation,SYNTHETIC_DATA_UNVALIDATED_FOR_STRUCTURAL_TESTING_ONLY_DO_NOT_USE_FOR_CLINICAL_DECISION_MAKING
CASE-V3-00644,PAT-V3-00644,FAM_GRN_04,CONCEPT_SUPERFICIAL_ABRASION,FAM_GRN_04_T03,37,MALE,or,"ପାହାଚରେ ଝୁଣ୍ଟି ହାତ ପାପୁଲି ଛାଲିଯିବା, ଔଷଧ ଲଗାଇବା ଦରକାର","ପାପୁଲି ତଳ ଭାଗରେ ସାମାନ୍ୟ ରାମ୍ପୁଡ଼ା, କୌଣସି ଧୂଳି ପଶିନାହିଁ, ଆଙ୍ଗୁଠି ଚଳପ୍ରଚଳ ସ୍ୱାଭାବିକ",palm_abrasion_fall; clean_wound; no_foreign_body,2.0,2.0,copd,"dust_mites, pollen",not_applicable,84.0,116.0,70.0,99.0,36.6,16.0,NONE,GREEN,none,true,true,false,prohibited,offline_technical_pipeline_validation,SYNTHETIC_DATA_UNVALIDATED_FOR_STRUCTURAL_TESTING_ONLY_DO_NOT_USE_FOR_CLINICAL_DECISION_MAKING
CASE-V3-00647,PAT-V3-00647,FAM_YEL_14,CONCEPT_SPREADING_CELLULITIS,FAM_YEL_14_T03,63,MALE,or,କଣ୍ଟା ଫୁଟିବା ପରେ ହାତରୁ କାଖ ଆଡ଼କୁ ଲାଲ୍ ଧାର ମାଡ଼ିବା ଓ ଜ୍ୱର,"କାଖ ପର୍ଯ୍ୟନ୍ତ ନାଲି ଗାର ଟାଣି ହୋଇଛି, ହାତ ଧପଧପ ହୋଇ ଫୁଲିଛି, ୩୮.୪ ଡିଗ୍ରୀ ଜ୍ୱର",cellulitis_secondary_to_abrasion; ascending_lymphangitis; pain,72.0,7.0,none_reported,none_known,not_applicable,92.0,122.0,83.0,99.0,38.0,18.0,NONE,YELLOW,none,true,true,false,prohibited,offline_technical_pipeline_validation,SYNTHETIC_DATA_UNVALIDATED_FOR_STRUCTURAL_TESTING_ONLY_DO_NOT_USE_FOR_CLINICAL_DECISION_MAKING
CASE-V3-00648,PAT-V3-00648,FAM_YEL_13,CONCEPT_CORNEAL_ABRASION_EYE_INJURY,FAM_YEL_13_T05,33,MALE,en,Blunt shuttlecock hit to eye with severe throbbing and blurred sight,"Periorbital swelling, pupil reactive, intense ache, needs slit-lamp examination",trauma_ocular_contusion; hyphema_exclusion_needed; sharp_pain,2.0,7.0,hypertension,sulfa_drugs,not_applicable,97.0,124.0,87.0,100.0,37.0,19.0,NONE,YELLOW,none,true,true,false,prohibited,offline_technical_pipeline_validation,SYNTHETIC_DATA_UNVALIDATED_FOR_STRUCTURAL_TESTING_ONLY_DO_NOT_USE_FOR_CLINICAL_DECISION_MAKING
CASE-V3-00650,PAT-V3-00650,FAM_YEL_11,CONCEPT_PELVIC_INFLAMMATORY_DISEASE,FAM_YEL_11_T04,43,MALE,en,Severe pelvic throbbing and unusual bleeding with fever,"Persistent deep dull pelvic pain, spotting between periods, shivering spells at night",gynecological_infection; hypogastric_tenderness; postcoital_pain,72.0,8.0,migraine,nsaids,not_applicable,93.0,134.0,78.0,100.0,38.9,22.0,NONE,YELLOW,none,true,true,false,prohibited,offline_technical_pipeline_validation,SYNTHETIC_DATA_UNVALIDATED_FOR_STRUCTURAL_TESTING_ONLY_DO_NOT_USE_FOR_CLINICAL_DECISION_MAKING
CASE-V3-00653,PAT-V3-00653,FAM_GRN_13,CONCEPT_MECHANICAL_NECK_STIFFNESS,FAM_GRN_13_T04,27,MALE,hi,पीछे मुड़कर देखते समय अचानक गर्दन में झटका और दर्द,"अचानक हिलाने पर टीस, आगे-पीछे आसानी से मुड़ रही है, कोई झनझनाहट नहीं",muscular_neck_crick; localized_trapezius; good_general_condition,48.0,2.0,chronic_kidney_disease_stage_2,aspirin,not_applicable,70.0,119.0,73.0,100.0,36.9,15.0,NONE,GREEN,none,true,true,false,prohibited,offline_technical_pipeline_validation,SYNTHETIC_DATA_UNVALIDATED_FOR_STRUCTURAL_TESTING_ONLY_DO_NOT_USE_FOR_CLINICAL_DECISION_MAKING
CASE-V3-00655,PAT-V3-00655,FAM_GRN_19,CONCEPT_CHRONIC_ONYCHOMYCOSIS,FAM_GRN_19_T03,42,OTHER,or,ବର୍ଷା ଋତୁ ପରେ ଗୋଡ଼ ନଖ କଡ଼ରେ ହଳଦିଆ ଦାଗ ମାଡ଼ିବା,"ନଖ ସାମାନ୍ୟ ଉପରକୁ ଉଠିଛି, ତଳେ ଖସରା ଗୁଣ୍ଡ, ଆଙ୍ଗୁଠି ଚମଡ଼ା ଥଣ୍ଡା, ନାଲି ନାହିଁ",subungual_onychomycosis_distal; painless; no_cellulitis,4320.0,1.0,migraine,"dust_mites, pollen",not_applicable,79.0,120.0,74.0,99.0,36.8,15.0,NONE,GREEN,none,true,true,false,prohibited,offline_technical_pipeline_validation,SYNTHETIC_DATA_UNVALIDATED_FOR_STRUCTURAL_TESTING_ONLY_DO_NOT_USE_FOR_CLINICAL_DECISION_MAKING
CASE-V3-00659,PAT-V3-00659,FAM_YEL_06,CONCEPT_DEEP_LACERATION,FAM_YEL_06_T04,68,MALE,hi,"हथेली में लोहे की चादर से गहरा कट, अंदर की चर्बी साफ दिख रही है","उंगलियां मुड़ रही हैं पर तेज जलन और टीस है, पट्टी बांधने से बहाव नियंत्रित है",industrial_hand_cut; palmar_laceration; tendon_intact,1.0,6.0,copd,aspirin,not_applicable,93.0,127.0,78.0,99.0,37.2,17.0,NONE,YELLOW,none,true,true,false,prohibited,offline_technical_pipeline_validation,SYNTHETIC_DATA_UNVALIDATED_FOR_STRUCTURAL_TESTING_ONLY_DO_NOT_USE_FOR_CLINICAL_DECISION_MAKING
CASE-V3-00660,PAT-V3-00660,FAM_YEL_13,CONCEPT_CORNEAL_ABRASION_EYE_INJURY,FAM_YEL_13_T03,56,FEMALE,or,ଓ୍ୱେଲ୍ଡିଂ କଣିକା ଆଖିରେ ପଡ଼ି କ୍ରମାଗତ ଛୁଞ୍ଚି ଭଳି ଫୋଡ଼ି ହେବା,"ପତା ପକାଇଲେ କାଚ ବାଲି କଣିକା ଘଷି ହେବା ଭଳି କଷ୍ଟ, ଆଲୋକ ସହି ହେଉନାହିଁ",metallic_foreign_body_eye; corneal_abrasion; visual_blurring_mild,4.0,8.0,none_reported,none_known,not_applicable,102.0,132.0,76.0,100.0,37.1,20.0,NONE,YELLOW,none,true,true,false,prohibited,offline_technical_pipeline_validation,SYNTHETIC_DATA_UNVALIDATED_FOR_STRUCTURAL_TESTING_ONLY_DO_NOT_USE_FOR_CLINICAL_DECISION_MAKING
CASE-V3-00662,PAT-V3-00662,FAM_GRN_12,CONCEPT_APHTHOUS_STOMATITIS,FAM_GRN_12_T04,20,FEMALE,en,Familiar recurring mouth ulcer during exam revision week,"Heals typically in 5 days, drinks plenty of water, speaks normally, no rash on hands or feet",recurrent_aphthous_minor; localized; good_hydration,24.0,4.0,copd,nsaids,no,74.0,115.0,70.0,100.0,36.7,18.0,NONE,GREEN,none,true,true,false,prohibited,offline_technical_pipeline_validation,SYNTHETIC_DATA_UNVALIDATED_FOR_STRUCTURAL_TESTING_ONLY_DO_NOT_USE_FOR_CLINICAL_DECISION_MAKING
CASE-V3-00663,PAT-V3-00663,FAM_GRN_19,CONCEPT_CHRONIC_ONYCHOMYCOSIS,FAM_GRN_19_T04,60,FEMALE,hi,नाखून भद्दे और रूखे होने से चप्पल पहनने में झिझक,"एक साल से धीमा बदलाव, कोई दर्द नहीं, जूता पहनने में कोई रुकावट नहीं",chronic_nail_tinea; nail_bed_debris; healthy_foot,4320.0,1.0,osteoarthritis,sulfa_drugs,not_applicable,68.0,121.0,76.0,99.0,37.0,17.0,NONE,GREEN,none,true,true,false,prohibited,offline_technical_pipeline_validation,SYNTHETIC_DATA_UNVALIDATED_FOR_STRUCTURAL_TESTING_ONLY_DO_NOT_USE_FOR_CLINICAL_DECISION_MAKING
CASE-V3-00664,PAT-V3-00664,FAM_GRN_04,CONCEPT_SUPERFICIAL_ABRASION,FAM_GRN_04_T03,29,MALE,hi,"सीढ़ियों पर फिसलने से हथेलियों में खरोंचें, दवा लगवाने आए हैं","हथेलियों की सतही चमड़ी छिलना, कोई कंकड़ नहीं फंसा, उंगलियां पूरी हिल रही हैं, खून रुका है",palm_abrasion_fall; clean_wound; no_foreign_body,2.0,2.0,epilepsy,nsaids,not_applicable,78.0,128.0,71.0,99.0,36.8,18.0,NONE,GREEN,none,true,true,false,prohibited,offline_technical_pipeline_validation,SYNTHETIC_DATA_UNVALIDATED_FOR_STRUCTURAL_TESTING_ONLY_DO_NOT_USE_FOR_CLINICAL_DECISION_MAKING
CASE-V3-00666,PAT-V3-00666,FAM_GRN_09,CONCEPT_SUPERFICIAL_FOLLICULITIS,FAM_GRN_09_T03,24,FEMALE,or,ନିତମ୍ବରେ ଛୋଟ ବଥ ଯୋଗୁଁ କଠିନ ଚୌକିରେ ବସିଲା ବେଳେ କଷ୍ଟ,"ମଟର ଦାନା ଭଳି ଛୋଟ ବଥ ଯେଉଁଥିରେ ହଳଦିଆ ମୁହଁ ହୋଇଛି, ଜ୍ୱର ନାହିଁ",isolated_furuncle_early; pointed_head; local_tenderness,48.0,2.0,hypothyroidism,nsaids,no,72.0,124.0,73.0,100.0,36.5,18.0,NONE,GREEN,none,true,true,false,prohibited,offline_technical_pipeline_validation,SYNTHETIC_DATA_UNVALIDATED_FOR_STRUCTURAL_TESTING_ONLY_DO_NOT_USE_FOR_CLINICAL_DECISION_MAKING
CASE-V3-00667,PAT-V3-00667,FAM_YEL_05,CONCEPT_ACUTE_PYELONEPHRITIS,FAM_YEL_05_T02,23,MALE,hi,"गुर्दे वाले हिस्से में तेज दर्द, लगातार उल्टी और 102 डिग्री बुखार","पानी भी नहीं पच रहा, पीठ के बाईं तरफ तेज चुभन, पेशाब का रंग मटमैला",upper_urinary_tract_infection; loin_tenderness; persistent_vomiting,48.0,7.0,hypertension,aspirin,not_applicable,103.0,128.0,86.0,98.0,38.7,23.0,NONE,YELLOW,none,true,true,false,prohibited,offline_technical_pipeline_validation,SYNTHETIC_DATA_UNVALIDATED_FOR_STRUCTURAL_TESTING_ONLY_DO_NOT_USE_FOR_CLINICAL_DECISION_MAKING
CASE-V3-00668,PAT-V3-00668,FAM_GRN_06,CONCEPT_MILD_DYSPEPSIA,FAM_GRN_06_T04,51,MALE,hi,कल दावत का भारी खाना खाने के बाद हल्की बदहजमी और जलन,"खाने के बाद छाती में हल्की जलन, सीधा बैठने पर आराम, भूख ठीक लग रही है",indigestion; occasional_heartburn; dietary_trigger,12.0,2.0,type_2_diabetes,ciprofloxacin,not_applicable,86.0,125.0,70.0,99.0,37.0,15.0,NONE,GREEN,none,true,true,false,prohibited,offline_technical_pipeline_validation,SYNTHETIC_DATA_UNVALIDATED_FOR_STRUCTURAL_TESTING_ONLY_DO_NOT_USE_FOR_CLINICAL_DECISION_MAKING
CASE-V3-00669,PAT-V3-00669,FAM_GRN_09,CONCEPT_SUPERFICIAL_FOLLICULITIS,FAM_GRN_09_T03,52,FEMALE,hi,कूल्हे पर छोटा फोड़ा जिसके कारण सख्त कुर्सी पर बैठने में चुभन,"मटर के दाने जितना फोड़ा जिसमें पीला मुंह बन रहा है, कोई बुखार या फैलाव नहीं",isolated_furuncle_early; pointed_head; local_tenderness,96.0,1.0,gastroesophageal_reflux,nsaids,no,78.0,124.0,80.0,100.0,36.6,15.0,NONE,GREEN,none,true,true,false,prohibited,offline_technical_pipeline_validation,SYNTHETIC_DATA_UNVALIDATED_FOR_STRUCTURAL_TESTING_ONLY_DO_NOT_USE_FOR_CLINICAL_DECISION_MAKING
CASE-V3-00670,PAT-V3-00670,FAM_GRN_02,CONCEPT_TENSION_HEADACHE,FAM_GRN_02_T02,25,MALE,en,Dull ache at base of skull and forehead related to work stress,"Gradual onset over 2 days, tight feeling when turning neck, vision clear, walked into clinic comfortably",stress_headache; occipital_tightness; normal_neurological,24.0,4.0,"hypertension, type_2_diabetes",ciprofloxacin,not_applicable,80.0,131.0,77.0,100.0,37.1,14.0,NONE,GREEN,none,true,true,false,prohibited,offline_technical_pipeline_validation,SYNTHETIC_DATA_UNVALIDATED_FOR_STRUCTURAL_TESTING_ONLY_DO_NOT_USE_FOR_CLINICAL_DECISION_MAKING
CASE-V3-00671,PAT-V3-00671,FAM_GRN_12,CONCEPT_APHTHOUS_STOMATITIS,FAM_GRN_12_T03,16,MALE,en,Inner cheek mouth ulcer requesting soothing pain relief gel,"Single ulcer on buccal mucosa, clean margins, drinks milk without pain, afebrile",buccal_mucosa_canker; minor_aphthae; gel_request,72.0,3.0,asthma,none_known,not_applicable,84.0,112.0,72.0,100.0,36.7,15.0,NONE,GREEN,none,true,true,false,prohibited,offline_technical_pipeline_validation,SYNTHETIC_DATA_UNVALIDATED_FOR_STRUCTURAL_TESTING_ONLY_DO_NOT_USE_FOR_CLINICAL_DECISION_MAKING
CASE-V3-00672,PAT-V3-00672,FAM_GRN_13,CONCEPT_MECHANICAL_NECK_STIFFNESS,FAM_GRN_13_T03,31,MALE,hi,कल लंबी गाड़ी चलाने के बाद गर्दन का घूमना बंद होना,"बगल में देखने के लिए पूरा शरीर घुमाना पड़ रहा है, नस में खिंचाव, हाथों में कोई सुन्नपन नहीं",cervical_myofascial_spasm; lateral_flexion_limited; alert,12.0,4.0,allergic_rhinitis,none_known,not_applicable,75.0,124.0,72.0,100.0,37.1,18.0,NONE,GREEN,none,true,true,false,prohibited,offline_technical_pipeline_validation,SYNTHETIC_DATA_UNVALIDATED_FOR_STRUCTURAL_TESTING_ONLY_DO_NOT_USE_FOR_CLINICAL_DECISION_MAKING
CASE-V3-00674,PAT-V3-00674,FAM_YEL_02,CONCEPT_ACUTE_RENAL_COLIC,FAM_YEL_02_T01,67,MALE,en,Severe spasmodic right flank pain radiating to groin with red urine,"Excruciating wave-like flank spasms, unable to find a comfortable lying position, reddish tinge in urine",spasmodic_flank_pain; radiation_to_groin; microscopic_hematuria_suspect; restlessness,12.0,9.0,dyslipidemia,none_known,not_applicable,107.0,130.0,83.0,98.0,37.4,23.0,NONE,YELLOW,none,true,true,false,prohibited,offline_technical_pipeline_validation,SYNTHETIC_DATA_UNVALIDATED_FOR_STRUCTURAL_TESTING_ONLY_DO_NOT_USE_FOR_CLINICAL_DECISION_MAKING
CASE-V3-00675,PAT-V3-00675,FAM_YEL_02,CONCEPT_ACUTE_RENAL_COLIC,FAM_YEL_02_T02,44,FEMALE,or,ପିଠିର ଗୋଟିଏ ପଟେ ହଠାତ୍ ଅସହ୍ୟ କଷ୍ଟ ଓ ବାନ୍ତି,"ପ୍ରତି କିଛି ମିନିଟରେ ପ୍ରବଳ ମୋଡ଼ି ହେବା, କଷ୍ଟ ଯୋଗୁଁ ଦୁଇଥର ବାନ୍ତି ହୋଇଛି, ବାରମ୍ବାର ପରିସ୍ରା ଲାଗିବା",acute_ureteric_colic; nausea_vomiting_secondary_to_pain; urinary_urgency,6.0,9.0,coronary_artery_disease,"dust_mites, pollen",yes,102.0,147.0,95.0,98.0,36.8,19.0,NONE,YELLOW,none,true,true,false,prohibited,offline_technical_pipeline_validation,SYNTHETIC_DATA_UNVALIDATED_FOR_STRUCTURAL_TESTING_ONLY_DO_NOT_USE_FOR_CLINICAL_DECISION_MAKING
CASE-V3-00676,PAT-V3-00676,FAM_GRN_03,CONCEPT_ALLERGIC_RHINITIS,FAM_GRN_03_T02,21,FEMALE,en,Pink gritty itchy eyes without pus discharge after lawn mowing,"Both eyes mildly red and tearing, eyelids slightly puffy, vision unaffected, no pain on eye movement",allergic_conjunctivitis; bilateral_ocular_itching; no_purulent_discharge,48.0,1.0,"hypertension, type_2_diabetes",aspirin,no,76.0,123.0,75.0,98.0,37.0,18.0,NONE,GREEN,none,true,true,false,prohibited,offline_technical_pipeline_validation,SYNTHETIC_DATA_UNVALIDATED_FOR_STRUCTURAL_TESTING_ONLY_DO_NOT_USE_FOR_CLINICAL_DECISION_MAKING
CASE-V3-00678,PAT-V3-00678,FAM_GRN_03,CONCEPT_ALLERGIC_RHINITIS,FAM_GRN_03_T01,59,MALE,or,ଋତୁ ପରିବର୍ତ୍ତନରେ ଆଖି କୁଣ୍ଡାଇ ହୋଇ ପାଣି ବାହାରିବା ଓ ଲଗାତାର ଛିଙ୍କ,"ଆଖି କୋଣ କୁଣ୍ଡାଇବା, ନାକରୁ ନିର୍ମଳ ପାଣି, ତାଳୁ କୁଣ୍ଡାଇ ହେବା, ଛାତି ଠିକ୍, ଜ୍ୱର ନାହିଁ",itchy_watery_eyes; repetitive_sneezing; clear_rhinorrhea; seasonal_pattern; afebrile,48.0,2.0,hypothyroidism,none_known,not_applicable,74.0,115.0,70.0,100.0,36.8,14.0,NONE,GREEN,none,true,true,false,prohibited,offline_technical_pipeline_validation,SYNTHETIC_DATA_UNVALIDATED_FOR_STRUCTURAL_TESTING_ONLY_DO_NOT_USE_FOR_CLINICAL_DECISION_MAKING
CASE-V3-00679,PAT-V3-00679,FAM_GRN_15,CONCEPT_CHRONIC_TINNITUS,FAM_GRN_15_T03,46,FEMALE,or,ବାହାଘର ବାଜା ଶୁଣିବା ପରେ ଦୁଇ ସପ୍ତାହ ହେଲା କାନରେ ଗୁଣୁଗୁଣୁ ଶବ୍ଦ,"ଦୁଇ କାନରେ ହାଲୁକା ଶବ୍ଦ ଯାହା ଧୀରେ ଧୀରେ କମୁଛି, ଚାଲିବାରେ ସନ୍ତୁଳନ ଠିକ୍",subacute_tinnitus; bilateral; no_neurological_symptoms,720.0,1.0,dyslipidemia,nsaids,no,82.0,124.0,82.0,98.0,37.0,15.0,NONE,GREEN,none,true,true,false,prohibited,offline_technical_pipeline_validation,SYNTHETIC_DATA_UNVALIDATED_FOR_STRUCTURAL_TESTING_ONLY_DO_NOT_USE_FOR_CLINICAL_DECISION_MAKING
CASE-V3-00680,PAT-V3-00680,FAM_GRN_13,CONCEPT_MECHANICAL_NECK_STIFFNESS,FAM_GRN_13_T02,56,FEMALE,or,ରାତିସାରା ଏସି ପବନ ବାଜି ବେକ ମାଂସ ଟାଣି ହୋଇ କଷ୍ଟ,"କାନ୍ଧ ସାମାନ୍ୟ ଉଠାଇ ରଖିଛନ୍ତି, ଗରମ ପାଣିରେ ଗାଧୋଇଲେ ଉପଶମ, ହାତରେ ସମ୍ପୂର୍ଣ୍ଣ ଶକ୍ତି",acute_wry_neck; trapezius_tightness; warm_compress_responsive,12.0,2.0,allergic_rhinitis,amoxicillin,not_applicable,79.0,116.0,71.0,98.0,36.5,18.0,NONE,GREEN,none,true,true,false,prohibited,offline_technical_pipeline_validation,SYNTHETIC_DATA_UNVALIDATED_FOR_STRUCTURAL_TESTING_ONLY_DO_NOT_USE_FOR_CLINICAL_DECISION_MAKING
CASE-V3-00681,PAT-V3-00681,FAM_YEL_02,CONCEPT_ACUTE_RENAL_COLIC,FAM_YEL_02_T04,34,MALE,or,ବାମ କମରରେ ଭୀଷଣ ଯନ୍ତ୍ରଣା ଓ ଟୋପା ଟୋପା ପୋଡ଼ାଜଳା ପରିସ୍ରା,"ବାମ କିଡନୀ ପାଖ ଜାବୁଡ଼ି ଧରିଲା ଭଳି କଷ୍ଟ, ପରିସ୍ରା ବେଳେ ପ୍ରବଳ ପୋଡ଼ିବା, ଅସ୍ଥିରତା",paroxysmal_lobar_flank_pain; dysuria; urinary_hesitancy,6.0,7.0,migraine,amoxicillin,not_applicable,103.0,145.0,82.0,99.0,36.9,23.0,NONE,YELLOW,none,true,true,false,prohibited,offline_technical_pipeline_validation,SYNTHETIC_DATA_UNVALIDATED_FOR_STRUCTURAL_TESTING_ONLY_DO_NOT_USE_FOR_CLINICAL_DECISION_MAKING
CASE-V3-00683,PAT-V3-00683,FAM_GRN_15,CONCEPT_CHRONIC_TINNITUS,FAM_GRN_15_T04,64,MALE,en,Gentle buzzing sound in head when lying down to sleep,"Non-pulsatile humming tone, blood pressure normal, speech crystal clear, alert",non_pulsatile_tinnitus; symmetrical; no_headache,720.0,0.0,allergic_rhinitis,"dust_mites, pollen",not_applicable,74.0,122.0,78.0,99.0,36.6,16.0,NONE,GREEN,none,true,true,false,prohibited,offline_technical_pipeline_validation,SYNTHETIC_DATA_UNVALIDATED_FOR_STRUCTURAL_TESTING_ONLY_DO_NOT_USE_FOR_CLINICAL_DECISION_MAKING
CASE-V3-00688,PAT-V3-00688,FAM_YEL_10,CONCEPT_ACUTE_DIVERTICULITIS,FAM_YEL_10_T03,53,MALE,hi,"पेट के निचले बाएं हिस्से में टीस, हल्की मतली और कंपकंपी","बाईं करवट सोना मुश्किल, हाथ लगाने पर तेज दर्द, भूख न लगना",colonic_inflammation; focal_abdominal_guarding; fever,48.0,8.0,none_reported,"dust_mites, pollen",not_applicable,103.0,146.0,80.0,100.0,38.8,18.0,NONE,YELLOW,none,true,true,false,prohibited,offline_technical_pipeline_validation,SYNTHETIC_DATA_UNVALIDATED_FOR_STRUCTURAL_TESTING_ONLY_DO_NOT_USE_FOR_CLINICAL_DECISION_MAKING
CASE-V3-00690,PAT-V3-00690,FAM_YEL_12,CONCEPT_MODERATE_DEHYDRATION,FAM_YEL_12_T03,68,MALE,hi,लगातार पानी जैसे दस्त और सुबह से बिल्कुल पेशाब न आना,"हर दस्त से पहले पेट में तेज ऐंठन, मुंह सूखा, गले में तेज नब्ज महसूस होना",infective_diarrhea_volume_depletion; oliguria; crampy_abdomen,48.0,7.0,type_2_diabetes,ciprofloxacin,not_applicable,107.0,98.0,65.0,99.0,38.0,21.0,NONE,YELLOW,none,true,true,false,prohibited,offline_technical_pipeline_validation,SYNTHETIC_DATA_UNVALIDATED_FOR_STRUCTURAL_TESTING_ONLY_DO_NOT_USE_FOR_CLINICAL_DECISION_MAKING
CASE-V3-00691,PAT-V3-00691,FAM_GRN_13,CONCEPT_MECHANICAL_NECK_STIFFNESS,FAM_GRN_13_T02,49,OTHER,en,Painful neck spasm from cold AC draft blowing onto neck all night,"Holding shoulder slightly raised, eases after hot shower, arms fully strong, alert",acute_wry_neck; trapezius_tightness; warm_compress_responsive,24.0,4.0,chronic_kidney_disease_stage_2,"dust_mites, pollen",not_applicable,85.0,129.0,73.0,99.0,36.6,17.0,NONE,GREEN,none,true,true,false,prohibited,offline_technical_pipeline_validation,SYNTHETIC_DATA_UNVALIDATED_FOR_STRUCTURAL_TESTING_ONLY_DO_NOT_USE_FOR_CLINICAL_DECISION_MAKING
CASE-V3-00692,PAT-V3-00692,FAM_YEL_16,CONCEPT_ACUTE_MONOARTHRITIS,FAM_YEL_16_T03,74,FEMALE,hi,"टखने में गठिया का भयानक दौरा, दो गोलियां लेने के बाद भी असहनीय दर्द","टखना बैंगनी-लाल होकर सूजा हुआ, चमड़ी में खिंचाव, दर्द से बुरा हाल, हल्की कंपकंपी",gouty_arthritis_flare; hyperuricemia_history; severe_throbbing,12.0,7.0,asthma,nsaids,not_applicable,92.0,143.0,90.0,98.0,37.9,18.0,NONE,YELLOW,none,true,true,false,prohibited,offline_technical_pipeline_validation,SYNTHETIC_DATA_UNVALIDATED_FOR_STRUCTURAL_TESTING_ONLY_DO_NOT_USE_FOR_CLINICAL_DECISION_MAKING
CASE-V3-00694,PAT-V3-00694,FAM_YEL_12,CONCEPT_MODERATE_DEHYDRATION,FAM_YEL_12_T01,59,OTHER,or,"୨୪ ଘଣ୍ଟାରେ ୧୨ରୁ ଅଧିକ ପାଣିଆ ଝାଡ଼ା ଓ ବାନ୍ତି, ଛିଡ଼ା ହେଲେ ମୁଣ୍ଡ ବୁଲାଇବା","ଜିଭ ଶୁଖି କାଠ, ଆଖି ଭିତରକୁ ପଶିଯାଇଛି, ଅତି କମ ଗାଢ଼ ପରିସ୍ରା, ଛିଡ଼ା ହେଲେ ଛାତି ଧଡ଼ଧଡ଼",profuse_watery_diarrhea; frequent_vomiting; sunken_eyes; tachycardia_orthostatic; dry_tongue,24.0,5.0,none_reported,amoxicillin,not_applicable,118.0,103.0,64.0,98.0,38.3,19.0,NONE,YELLOW,none,true,true,false,prohibited,offline_technical_pipeline_validation,SYNTHETIC_DATA_UNVALIDATED_FOR_STRUCTURAL_TESTING_ONLY_DO_NOT_USE_FOR_CLINICAL_DECISION_MAKING
CASE-V3-00695,PAT-V3-00695,FAM_GRN_10,CONCEPT_MILD_ANKLE_SPRAIN,FAM_GRN_10_T03,60,MALE,en,Minor wobble off high curb with sore foot outside edge,"Trace yellow-blue bruising below ankle knob, can stand on tiptoes with minor discomfort",ankle_strain_walkable; ecchymosis_minimal; full_plantarflexion,4.0,3.0,none_reported,none_known,not_applicable,72.0,130.0,84.0,100.0,37.0,18.0,NONE,GREEN,none,true,true,false,prohibited,offline_technical_pipeline_validation,SYNTHETIC_DATA_UNVALIDATED_FOR_STRUCTURAL_TESTING_ONLY_DO_NOT_USE_FOR_CLINICAL_DECISION_MAKING
CASE-V3-00699,PAT-V3-00699,FAM_YEL_16,CONCEPT_ACUTE_MONOARTHRITIS,FAM_YEL_16_T04,31,MALE,or,ରାତିକରେ କହୁଣୀ ଗଣ୍ଠି ଦୁଇଗୁଣ ଫୁଲି ଲାଲ୍ ପଡ଼ିବା ଓ ୩୮.୧ ଡିଗ୍ରୀ ଜ୍ୱର,"କହୁଣୀ ଛୁଇଁଲେ ନିଆଁ ଭଳି ତାତି, ହାତ ହଲାଇବା ଅସମ୍ଭବ, ପ୍ରବଳ ଯନ୍ତ୍ରଣା",monoarticular_swelling; joint_fluid_analysis_needed; feverish,6.0,9.0,asthma,penicillin,not_applicable,87.0,136.0,89.0,98.0,37.6,19.0,NONE,YELLOW,none,true,true,false,prohibited,offline_technical_pipeline_validation,SYNTHETIC_DATA_UNVALIDATED_FOR_STRUCTURAL_TESTING_ONLY_DO_NOT_USE_FOR_CLINICAL_DECISION_MAKING
CASE-V3-00702,PAT-V3-00702,FAM_GRN_02,CONCEPT_TENSION_HEADACHE,FAM_GRN_02_T05,21,FEMALE,or,ପାଠ ପଢ଼ିବା ପରେ ସନ୍ଧ୍ୟା ବେଳକୁ ଭ୍ରୂଲତା ଉପରେ ସାମାନ୍ୟ ବିନ୍ଧା,"ଆଖିପତା ଉପରେ ଧିମା କଷ୍ଟ, ସାଧାରଣ ପାରାସିଟାମୋଲ୍ ଖାଇଲେ କମିଯାଉଛି",tension_headache; bilateral_frontal; paracetamol_responsive,24.0,3.0,chronic_kidney_disease_stage_2,penicillin,no,67.0,121.0,76.0,100.0,36.9,14.0,NONE,GREEN,none,true,true,false,prohibited,offline_technical_pipeline_validation,SYNTHETIC_DATA_UNVALIDATED_FOR_STRUCTURAL_TESTING_ONLY_DO_NOT_USE_FOR_CLINICAL_DECISION_MAKING
CASE-V3-00704,PAT-V3-00704,FAM_GRN_04,CONCEPT_SUPERFICIAL_ABRASION,FAM_GRN_04_T04,55,FEMALE,en,Shin scrape from bicycle pedal with mild surface grazing,"Scratched shin with dry scab forming, walked in without limp, no deep cut, no numbness",shin_scrape_pedal; minor_bruise; ambulatory,4.0,2.0,dyslipidemia,amoxicillin,no,79.0,118.0,71.0,99.0,36.7,17.0,NONE,GREEN,none,true,true,false,prohibited,offline_technical_pipeline_validation,SYNTHETIC_DATA_UNVALIDATED_FOR_STRUCTURAL_TESTING_ONLY_DO_NOT_USE_FOR_CLINICAL_DECISION_MAKING
CASE-V3-00705,PAT-V3-00705,FAM_GRN_03,CONCEPT_ALLERGIC_RHINITIS,FAM_GRN_03_T04,53,FEMALE,en,Red itchy eyes and runny nose after cleaning dusty bookshelves,"Immediate reaction to dust, clear nasal fluid, no sore throat, feels well otherwise",dust_allergy; conjunctival_hyperemia_mild; clear_lacrimation,120.0,2.0,"hypertension, type_2_diabetes",sulfa_drugs,no,71.0,114.0,80.0,100.0,37.0,17.0,NONE,GREEN,none,true,true,false,prohibited,offline_technical_pipeline_validation,SYNTHETIC_DATA_UNVALIDATED_FOR_STRUCTURAL_TESTING_ONLY_DO_NOT_USE_FOR_CLINICAL_DECISION_MAKING
CASE-V3-00707,PAT-V3-00707,FAM_GRN_01,CONCEPT_VIRAL_UPPER_RESPIRATORY_INFECTION,FAM_GRN_01_T02,26,MALE,en,Stuffy nose and muffled ears with occasional dry throat tickle,"Nose blocked alternating sides, taking warm lemon water, no difficulty breathing, afebrile",nasal_congestion; minor_head_cold; throat_tickle; ambulatory,96.0,3.0,hypothyroidism,aspirin,not_applicable,75.0,125.0,76.0,98.0,37.2,16.0,NONE,GREEN,none,true,true,false,prohibited,offline_technical_pipeline_validation,SYNTHETIC_DATA_UNVALIDATED_FOR_STRUCTURAL_TESTING_ONLY_DO_NOT_USE_FOR_CLINICAL_DECISION_MAKING
CASE-V3-00708,PAT-V3-00708,FAM_YEL_14,CONCEPT_SPREADING_CELLULITIS,FAM_YEL_14_T03,46,FEMALE,en,Red streaks traveling up forearm from infected thorn scratch with fever,"Tender red tracking lines along arm to armpit, throbbing forearm heat, fever 38.4C",cellulitis_secondary_to_abrasion; ascending_lymphangitis; pain,48.0,7.0,hypothyroidism,ciprofloxacin,yes,88.0,138.0,88.0,99.0,38.5,22.0,NONE,YELLOW,none,true,true,false,prohibited,offline_technical_pipeline_validation,SYNTHETIC_DATA_UNVALIDATED_FOR_STRUCTURAL_TESTING_ONLY_DO_NOT_USE_FOR_CLINICAL_DECISION_MAKING
CASE-V3-00711,PAT-V3-00711,FAM_GRN_02,CONCEPT_TENSION_HEADACHE,FAM_GRN_02_T02,23,MALE,en,Dull ache at base of skull and forehead related to work stress,"Gradual onset over 2 days, tight feeling when turning neck, vision clear, walked into clinic comfortably",stress_headache; occipital_tightness; normal_neurological,12.0,3.0,hypothyroidism,none_known,not_applicable,75.0,114.0,73.0,98.0,36.7,15.0,NONE,GREEN,none,true,true,false,prohibited,offline_technical_pipeline_validation,SYNTHETIC_DATA_UNVALIDATED_FOR_STRUCTURAL_TESTING_ONLY_DO_NOT_USE_FOR_CLINICAL_DECISION_MAKING
CASE-V3-00712,PAT-V3-00712,FAM_GRN_10,CONCEPT_MILD_ANKLE_SPRAIN,FAM_GRN_10_T03,63,OTHER,or,ରାସ୍ତା କଡ଼ରୁ ଖସି ପାଦର ବାହାର ପାଖରେ ସାମାନ୍ୟ ବିନ୍ଧା,"ଗୋଇଠି ତଳେ ହାଲୁକା ନୀଳ ଚିହ୍ନ, ଆଙ୍ଗୁଠି ଭରା ଦେଇ ଛିଡ଼ା ହୋଇପାରୁଛନ୍ତି",ankle_strain_walkable; ecchymosis_minimal; full_plantarflexion,12.0,2.0,migraine,penicillin,not_applicable,80.0,126.0,80.0,100.0,37.0,17.0,NONE,GREEN,none,true,true,false,prohibited,offline_technical_pipeline_validation,SYNTHETIC_DATA_UNVALIDATED_FOR_STRUCTURAL_TESTING_ONLY_DO_NOT_USE_FOR_CLINICAL_DECISION_MAKING
CASE-V3-00713,PAT-V3-00713,FAM_YEL_16,CONCEPT_ACUTE_MONOARTHRITIS,FAM_YEL_16_T05,42,MALE,or,ସକାଳୁ ପାଦ ପତା ଭିତରେ ନିଆଁ ଭଳି ପୋଡ଼ିବା ଓ ଅସହ୍ୟ ବିନ୍ଧା,"ପାଦ ହାଡ଼ ଫୁଲି ନାଲି ପଡ଼ିଛି, ଅନ୍ୟ ଗୋଡ଼ରେ ଡେଇଁ ଡେଇଁ ଚାଲୁଛନ୍ତି, ୟୁରିକ ଏସିଡ୍ ଇତିହାସ",inflammatory_arthropathy; severe_localized_joint_pain; unable_to_walk,36.0,9.0,allergic_rhinitis,amoxicillin,not_applicable,96.0,135.0,82.0,100.0,38.2,19.0,NONE,YELLOW,none,true,true,false,prohibited,offline_technical_pipeline_validation,SYNTHETIC_DATA_UNVALIDATED_FOR_STRUCTURAL_TESTING_ONLY_DO_NOT_USE_FOR_CLINICAL_DECISION_MAKING
CASE-V3-00714,PAT-V3-00714,FAM_YEL_06,CONCEPT_DEEP_LACERATION,FAM_YEL_06_T04,55,MALE,en,Sharp metal slice across palm with exposed yellow fat tissue,"Tendon movement visible but flexing fingers intact, painful throbbing, bleeding checked with gauze",industrial_hand_cut; palmar_laceration; tendon_intact,4.0,8.0,hypothyroidism,ciprofloxacin,not_applicable,97.0,140.0,77.0,98.0,37.2,16.0,NONE,YELLOW,none,true,true,false,prohibited,offline_technical_pipeline_validation,SYNTHETIC_DATA_UNVALIDATED_FOR_STRUCTURAL_TESTING_ONLY_DO_NOT_USE_FOR_CLINICAL_DECISION_MAKING
CASE-V3-00715,PAT-V3-00715,FAM_YEL_14,CONCEPT_SPREADING_CELLULITIS,FAM_YEL_14_T05,57,MALE,en,Swollen tender purple-red eyelid in child following mosquito bite,"Eye movements normal without pain behind eye, lid warm and puffy, mild fever",periorbital_cellulitis_mild; localized_edema; intact_extraocular_movements,72.0,6.0,copd,nsaids,not_applicable,90.0,130.0,77.0,98.0,38.7,21.0,NONE,YELLOW,none,true,true,false,prohibited,offline_technical_pipeline_validation,SYNTHETIC_DATA_UNVALIDATED_FOR_STRUCTURAL_TESTING_ONLY_DO_NOT_USE_FOR_CLINICAL_DECISION_MAKING
CASE-V3-00716,PAT-V3-00716,FAM_GRN_12,CONCEPT_APHTHOUS_STOMATITIS,FAM_GRN_12_T04,17,OTHER,en,Familiar recurring mouth ulcer during exam revision week,"Heals typically in 5 days, drinks plenty of water, speaks normally, no rash on hands or feet",recurrent_aphthous_minor; localized; good_hydration,72.0,3.0,gastroesophageal_reflux,none_known,not_applicable,72.0,125.0,79.0,99.0,36.7,14.0,NONE,GREEN,none,true,true,false,prohibited,offline_technical_pipeline_validation,SYNTHETIC_DATA_UNVALIDATED_FOR_STRUCTURAL_TESTING_ONLY_DO_NOT_USE_FOR_CLINICAL_DECISION_MAKING
CASE-V3-00717,PAT-V3-00717,FAM_GRN_03,CONCEPT_ALLERGIC_RHINITIS,FAM_GRN_03_T05,31,MALE,en,Watery nose and red eyes in morning since flowering season started,"Sneezing clears after shower, mild roof of mouth itch, appetite excellent, no wheezing",rhinoconjunctivitis; intermittent_sneezing; normal_chest_sounds,72.0,1.0,"hypertension, type_2_diabetes",penicillin,not_applicable,79.0,123.0,76.0,99.0,36.5,15.0,NONE,GREEN,none,true,true,false,prohibited,offline_technical_pipeline_validation,SYNTHETIC_DATA_UNVALIDATED_FOR_STRUCTURAL_TESTING_ONLY_DO_NOT_USE_FOR_CLINICAL_DECISION_MAKING
CASE-V3-00718,PAT-V3-00718,FAM_YEL_12,CONCEPT_MODERATE_DEHYDRATION,FAM_YEL_12_T03,17,FEMALE,hi,लगातार पानी जैसे दस्त और सुबह से बिल्कुल पेशाब न आना,"हर दस्त से पहले पेट में तेज ऐंठन, मुंह सूखा, गले में तेज नब्ज महसूस होना",infective_diarrhea_volume_depletion; oliguria; crampy_abdomen,24.0,5.0,asthma,nsaids,no,111.0,99.0,69.0,97.0,38.4,19.0,NONE,YELLOW,none,true,true,false,prohibited,offline_technical_pipeline_validation,SYNTHETIC_DATA_UNVALIDATED_FOR_STRUCTURAL_TESTING_ONLY_DO_NOT_USE_FOR_CLINICAL_DECISION_MAKING
CASE-V3-00723,PAT-V3-00723,FAM_YEL_10,CONCEPT_ACUTE_DIVERTICULITIS,FAM_YEL_10_T02,53,MALE,hi,पेट के बाईं ओर गहरा मरोड़ जो चलने या खड़े होने से बढ़ता है,"बाईं तरफ कड़ी गांठ जैसा दर्द, तीन दिन से कब्ज, हल्की ठंड लगना",sigmoid_diverticulitis_suspect; crampy_llq_pain; constipation,72.0,6.0,hypothyroidism,nsaids,not_applicable,90.0,127.0,86.0,97.0,38.4,19.0,NONE,YELLOW,none,true,true,false,prohibited,offline_technical_pipeline_validation,SYNTHETIC_DATA_UNVALIDATED_FOR_STRUCTURAL_TESTING_ONLY_DO_NOT_USE_FOR_CLINICAL_DECISION_MAKING
CASE-V3-00727,PAT-V3-00727,FAM_GRN_01,CONCEPT_VIRAL_UPPER_RESPIRATORY_INFECTION,FAM_GRN_01_T03,20,OTHER,or,"ଆଖିରୁ ପାଣି ବୋହିବା, ଛିଙ୍କ ଓ ସକାଳେ ଗଳାରେ ସାମାନ୍ୟ ଜ୍ୱାଳା","ସକାଳୁ ଛିଙ୍କ ଆସିବା, ସାମାନ୍ୟ ଧଳା କଫ, ଦୁର୍ବଳତା ନାହିଁ, ଚାଲିବୁଲି ପାରୁଛନ୍ତି",coryza; mild_dry_cough; clear_phlegm; stable,96.0,2.0,none_reported,penicillin,not_applicable,84.0,117.0,77.0,100.0,37.1,16.0,NONE,GREEN,none,true,true,false,prohibited,offline_technical_pipeline_validation,SYNTHETIC_DATA_UNVALIDATED_FOR_STRUCTURAL_TESTING_ONLY_DO_NOT_USE_FOR_CLINICAL_DECISION_MAKING
CASE-V3-00728,PAT-V3-00728,FAM_YEL_19,CONCEPT_PERITONSILLAR_ABSCESS,FAM_YEL_19_T04,17,MALE,en,Right tonsil throbbing with jaw locking and voice sounding like mouth full,"Worsening over 4 days despite amoxicillin, tender cervical lymph node, high body heat",tonsillar_abscess_progression; muffled_speech; high_fever,48.0,9.0,asthma,nsaids,not_applicable,98.0,128.0,88.0,99.0,39.0,22.0,NONE,YELLOW,none,true,true,false,prohibited,offline_technical_pipeline_validation,SYNTHETIC_DATA_UNVALIDATED_FOR_STRUCTURAL_TESTING_ONLY_DO_NOT_USE_FOR_CLINICAL_DECISION_MAKING
CASE-V3-00729,PAT-V3-00729,FAM_GRN_11,CONCEPT_IMPACTED_CERUMEN,FAM_GRN_11_T03,65,MALE,hi,कान का पुराना सूखा मैल साफ करवाने के लिए आए हैं,"बोलते समय अपनी आवाज कान में गूंजना, बुखार या गले में दर्द नहीं, मरीज बिल्कुल स्वस्थ",cerumen_impaction; request_ear_syringing; asymptomatic_otherwise,168.0,1.0,coronary_artery_disease,"dust_mites, pollen",not_applicable,66.0,130.0,81.0,98.0,36.9,15.0,NONE,GREEN,none,true,true,false,prohibited,offline_technical_pipeline_validation,SYNTHETIC_DATA_UNVALIDATED_FOR_STRUCTURAL_TESTING_ONLY_DO_NOT_USE_FOR_CLINICAL_DECISION_MAKING
CASE-V3-00731,PAT-V3-00731,FAM_YEL_14,CONCEPT_SPREADING_CELLULITIS,FAM_YEL_14_T02,71,OTHER,hi,गाल और नाक पर आग की तरह लाल गर्म सूजन जो फैलती जा रही है,"उभरे हुए किनारे, चेहरे में खिंचाव, तेज बुखार, गाल सूजने से आंख आधी बंद",facial_erysipelas_suspect; raised_indurated_border; feverish,48.0,7.0,chronic_kidney_disease_stage_2,penicillin,not_applicable,103.0,140.0,84.0,99.0,38.1,20.0,NONE,YELLOW,none,true,true,false,prohibited,offline_technical_pipeline_validation,SYNTHETIC_DATA_UNVALIDATED_FOR_STRUCTURAL_TESTING_ONLY_DO_NOT_USE_FOR_CLINICAL_DECISION_MAKING
CASE-V3-00733,PAT-V3-00733,FAM_YEL_13,CONCEPT_CORNEAL_ABRASION_EYE_INJURY,FAM_YEL_13_T01,56,FEMALE,en,Severe stinging right eye pain unable to open eye after gardening branch scratch,"Intense involuntary lid clenching, extreme light sensitivity, continuous clear tearing, gritty feeling",severe_ocular_pain; blepharospasm; foreign_body_sensation; photophobia; lacrimation,4.0,7.0,"hypertension, type_2_diabetes",nsaids,not_applicable,98.0,126.0,74.0,100.0,36.5,17.0,NONE,YELLOW,none,true,true,false,prohibited,offline_technical_pipeline_validation,SYNTHETIC_DATA_UNVALIDATED_FOR_STRUCTURAL_TESTING_ONLY_DO_NOT_USE_FOR_CLINICAL_DECISION_MAKING
CASE-V3-00735,PAT-V3-00735,FAM_GRN_17,CONCEPT_SIMPLE_HEMORRHOIDS,FAM_GRN_17_T02,61,FEMALE,or,ମଳଦ୍ୱାର କଡ଼ରେ ମଟର ଦାନା ଭଳି ନରମ ଛୋଟ ଅର୍ଶ ମାଂସ ଯାହା ବସିଲେ କଷ୍ଟ ଦେଉଛି,"ନରମ ମାଂସ ଅଙ୍କୁର ଯାହା ସାମାନ୍ୟ ଚିପିଲେ ଭିତରକୁ ଯାଉଛି, କୁଣ୍ଡାଇ ହେବା, ଜ୍ୱର ନାହିଁ",external_hemorrhoid_mild; anal_cushion_swelling; pruritus_ani,48.0,3.0,none_reported,penicillin,not_applicable,78.0,128.0,72.0,98.0,36.6,18.0,NONE,GREEN,none,true,true,false,prohibited,offline_technical_pipeline_validation,SYNTHETIC_DATA_UNVALIDATED_FOR_STRUCTURAL_TESTING_ONLY_DO_NOT_USE_FOR_CLINICAL_DECISION_MAKING
CASE-V3-00736,PAT-V3-00736,FAM_GRN_19,CONCEPT_CHRONIC_ONYCHOMYCOSIS,FAM_GRN_19_T03,70,FEMALE,or,ବର୍ଷା ଋତୁ ପରେ ଗୋଡ଼ ନଖ କଡ଼ରେ ହଳଦିଆ ଦାଗ ମାଡ଼ିବା,"ନଖ ସାମାନ୍ୟ ଉପରକୁ ଉଠିଛି, ତଳେ ଖସରା ଗୁଣ୍ଡ, ଆଙ୍ଗୁଠି ଚମଡ଼ା ଥଣ୍ଡା, ନାଲି ନାହିଁ",subungual_onychomycosis_distal; painless; no_cellulitis,2160.0,1.0,type_2_diabetes,aspirin,not_applicable,82.0,121.0,77.0,100.0,36.9,15.0,NONE,GREEN,none,true,true,false,prohibited,offline_technical_pipeline_validation,SYNTHETIC_DATA_UNVALIDATED_FOR_STRUCTURAL_TESTING_ONLY_DO_NOT_USE_FOR_CLINICAL_DECISION_MAKING
CASE-V3-00737,PAT-V3-00737,FAM_GRN_19,CONCEPT_CHRONIC_ONYCHOMYCOSIS,FAM_GRN_19_T04,41,OTHER,or,ନଖ ଭଙ୍ଗୁର ଓ ବିକୃତ ହେବା ଯୋଗୁଁ ଚପଲ ପିନ୍ଧିବାରେ ଲାଜ ଲାଗିବା,"ଗୋଟିଏ ବର୍ଷରୁ ଧୀରେ ଧୀରେ ହୋଇଛି, କଷ୍ଟ ନାହିଁ, ଜୋତା ଆରାମରେ ପିନ୍ଧି ହେଉଛି",chronic_nail_tinea; nail_bed_debris; healthy_foot,720.0,0.0,osteoarthritis,sulfa_drugs,not_applicable,84.0,127.0,77.0,100.0,37.0,18.0,NONE,GREEN,none,true,true,false,prohibited,offline_technical_pipeline_validation,SYNTHETIC_DATA_UNVALIDATED_FOR_STRUCTURAL_TESTING_ONLY_DO_NOT_USE_FOR_CLINICAL_DECISION_MAKING
CASE-V3-00739,PAT-V3-00739,FAM_GRN_12,CONCEPT_APHTHOUS_STOMATITIS,FAM_GRN_12_T01,27,OTHER,hi,निचले होंठ के अंदर छोटा सफेद छाला जो मसालेदार खाना खाने पर जलता है,"3 मिमी का गोल सफेद छाला, नमक या नींबू लगने पर तेज जलन, बुखार नहीं, गर्दन में कोई गांठ नहीं",single_oral_canker_sore; inner_lip_ulcer_3mm; painful_with_spicy_food; no_neck_lymphadenopathy; afebrile,72.0,2.0,epilepsy,penicillin,not_applicable,84.0,117.0,73.0,99.0,37.0,16.0,NONE,GREEN,none,true,true,false,prohibited,offline_technical_pipeline_validation,SYNTHETIC_DATA_UNVALIDATED_FOR_STRUCTURAL_TESTING_ONLY_DO_NOT_USE_FOR_CLINICAL_DECISION_MAKING
CASE-V3-00740,PAT-V3-00740,FAM_YEL_20,CONCEPT_SYMPTOMATIC_TACHYCARDIA_STABLE,FAM_YEL_20_T05,49,FEMALE,or,ଛାତିରେ ଅସ୍ୱାଭାବିକ ଫଡ଼ଫଡ଼ ଯୋଗୁଁ ଅସ୍ଥିରତା ଓ ଦୁର୍ବଳତା,"ନାଡ଼ି ଦ୍ରୁତ ଓ ଅନିୟମିତ, ଝାଳ ବୋହୁନାହିଁ, ସମ୍ପୂର୍ଣ୍ଣ ଚେତନା ଅଛି, ରକ୍ତଚାପ ଠିକ୍",symptomatic_atrial_flutter; palpitations; preserved_perfusion,18.0,4.0,hypothyroidism,penicillin,no,135.0,125.0,82.0,98.0,36.6,18.0,NONE,YELLOW,none,true,true,false,prohibited,offline_technical_pipeline_validation,SYNTHETIC_DATA_UNVALIDATED_FOR_STRUCTURAL_TESTING_ONLY_DO_NOT_USE_FOR_CLINICAL_DECISION_MAKING
CASE-V3-00741,PAT-V3-00741,FAM_YEL_14,CONCEPT_SPREADING_CELLULITIS,FAM_YEL_14_T02,38,FEMALE,hi,गाल और नाक पर आग की तरह लाल गर्म सूजन जो फैलती जा रही है,"उभरे हुए किनारे, चेहरे में खिंचाव, तेज बुखार, गाल सूजने से आंख आधी बंद",facial_erysipelas_suspect; raised_indurated_border; feverish,48.0,7.0,osteoarthritis,none_known,no,88.0,132.0,83.0,98.0,38.0,20.0,NONE,YELLOW,none,true,true,false,prohibited,offline_technical_pipeline_validation,SYNTHETIC_DATA_UNVALIDATED_FOR_STRUCTURAL_TESTING_ONLY_DO_NOT_USE_FOR_CLINICAL_DECISION_MAKING
CASE-V3-00742,PAT-V3-00742,FAM_GRN_12,CONCEPT_APHTHOUS_STOMATITIS,FAM_GRN_12_T05,24,FEMALE,hi,संतरे का जूस पीने पर मसूड़े में तेज जलन और टीस,"दाढ़ के पास 2 मिमी का छोटा छाला, दांत मजबूत हैं, शरीर का तापमान बिल्कुल सामान्य",mild_stomatitis; stinging_on_citrus; normal_vitals,48.0,4.0,chronic_kidney_disease_stage_2,sulfa_drugs,no,73.0,121.0,75.0,99.0,36.6,14.0,NONE,GREEN,none,true,true,false,prohibited,offline_technical_pipeline_validation,SYNTHETIC_DATA_UNVALIDATED_FOR_STRUCTURAL_TESTING_ONLY_DO_NOT_USE_FOR_CLINICAL_DECISION_MAKING
CASE-V3-00745,PAT-V3-00745,FAM_YEL_15,CONCEPT_HEAD_INJURY_CONCUSSION,FAM_YEL_15_T01,43,MALE,or,"ଫୁଟବଲ୍ ବେଳେ ମୁଣ୍ଡରେ ଶକ୍ତ ଆଘାତ, ୩୦ ସେକେଣ୍ଡ ଅଚେତ, ମୁଣ୍ଡବିନ୍ଧା ଓ ଥରେ ବାନ୍ତି","ପଡ଼ିବା କଥା ମନେପଡୁ ନାହିଁ, କପାଳରେ ପ୍ରବଳ ବିନ୍ଧା, ସମ୍ପୂର୍ଣ୍ଣ ଚେତନା ଅଛି, ଡୋଳା ସ୍ୱାଭାବିକ",concussion_with_brief_amnesia; post_traumatic_headache; single_emesis; alert_gcs15,4.0,6.0,allergic_rhinitis,sulfa_drugs,not_applicable,86.0,128.0,89.0,100.0,36.9,18.0,NONE,YELLOW,none,true,true,false,prohibited,offline_technical_pipeline_validation,SYNTHETIC_DATA_UNVALIDATED_FOR_STRUCTURAL_TESTING_ONLY_DO_NOT_USE_FOR_CLINICAL_DECISION_MAKING
CASE-V3-00746,PAT-V3-00746,FAM_YEL_16,CONCEPT_ACUTE_MONOARTHRITIS,FAM_YEL_16_T05,74,MALE,hi,सुबह से पैर के पंजे में आग जैसी जलन और भयानक दर्द,"पंजे की हड्डियां सूजकर लाल, एक पैर से लंगड़ाकर चलना, यूरिक एसिड का पुराना इतिहास",inflammatory_arthropathy; severe_localized_joint_pain; unable_to_walk,24.0,8.0,chronic_kidney_disease_stage_2,nsaids,not_applicable,84.0,141.0,92.0,99.0,38.1,16.0,NONE,YELLOW,none,true,true,false,prohibited,offline_technical_pipeline_validation,SYNTHETIC_DATA_UNVALIDATED_FOR_STRUCTURAL_TESTING_ONLY_DO_NOT_USE_FOR_CLINICAL_DECISION_MAKING
CASE-V3-00747,PAT-V3-00747,FAM_YEL_19,CONCEPT_PERITONSILLAR_ABSCESS,FAM_YEL_19_T03,45,MALE,hi,गले के एक तरफ भयानक सूजन जिससे पानी पीना भी दूभर,"थूक कप में थूकना पड़ रहा है, जबड़े के नीचे गिल्टी में तेज दर्द, जबड़ा जकड़ा हुआ, तेज बुखार",peritonsillar_cellulitis; severe_odynophagia; trismus,48.0,9.0,"hypertension, type_2_diabetes","dust_mites, pollen",not_applicable,108.0,127.0,83.0,98.0,38.9,18.0,NONE,YELLOW,none,true,true,false,prohibited,offline_technical_pipeline_validation,SYNTHETIC_DATA_UNVALIDATED_FOR_STRUCTURAL_TESTING_ONLY_DO_NOT_USE_FOR_CLINICAL_DECISION_MAKING
CASE-V3-00748,PAT-V3-00748,FAM_GRN_17,CONCEPT_SIMPLE_HEMORRHOIDS,FAM_GRN_17_T05,59,FEMALE,or,ମଳଦ୍ୱାର ପାଖରେ କୁଣ୍ଡାଇ ହେବା ଓ ଝାଡ଼ା ସହ ଟୋପାଏ ତାଜା ରକ୍ତ,"ଗରମରେ କୁଣ୍ଡିଆଣି ବଢ଼ୁଛି, କଳା ଝାଡ଼ା ନୁହେଁ, ପେଟ ସମ୍ପୂର୍ଣ୍ଣ ନରମ",anal_pruritus_hemorrhoidal; hygiene_advice_needed; stable,168.0,2.0,gastroesophageal_reflux,nsaids,not_applicable,75.0,116.0,83.0,99.0,37.1,14.0,NONE,GREEN,none,true,true,false,prohibited,offline_technical_pipeline_validation,SYNTHETIC_DATA_UNVALIDATED_FOR_STRUCTURAL_TESTING_ONLY_DO_NOT_USE_FOR_CLINICAL_DECISION_MAKING
CASE-V3-00749,PAT-V3-00749,FAM_YEL_14,CONCEPT_SPREADING_CELLULITIS,FAM_YEL_14_T05,37,FEMALE,hi,मच्छर काटने के बाद बच्चे की पलक में लाल गर्म सूजन,"पुतली चारों तरफ घूम रही है, आंख के अंदर दर्द नहीं पर पलक काफी सूजी है, हल्का बुखार",periorbital_cellulitis_mild; localized_edema; intact_extraocular_movements,72.0,7.0,dyslipidemia,ciprofloxacin,unknown,101.0,130.0,81.0,98.0,38.7,20.0,NONE,YELLOW,none,true,true,false,prohibited,offline_technical_pipeline_validation,SYNTHETIC_DATA_UNVALIDATED_FOR_STRUCTURAL_TESTING_ONLY_DO_NOT_USE_FOR_CLINICAL_DECISION_MAKING
CASE-V3-00750,PAT-V3-00750,FAM_GRN_17,CONCEPT_SIMPLE_HEMORRHOIDS,FAM_GRN_17_T04,38,FEMALE,or,ବାଇକ୍ ଚଳାଇବା ପରେ ଅର୍ଶ ମାଂସ ବାହାରି କଷ୍ଟ ଓ ପୋଡ଼ାଜଳା,"ସେହି ପୁରୁଣା ମାଂସ ବାହାରିଛି, ଉଷୁମ ପାଣିରେ ବସିଲେ ଆରାମ ଲାଗୁଛି, ଭୋକ ଭଲ",piles_flare; mild_discomfort_sitting; no_weight_loss,168.0,3.0,hypertension,penicillin,no,75.0,119.0,72.0,99.0,37.0,16.0,NONE,GREEN,none,true,true,false,prohibited,offline_technical_pipeline_validation,SYNTHETIC_DATA_UNVALIDATED_FOR_STRUCTURAL_TESTING_ONLY_DO_NOT_USE_FOR_CLINICAL_DECISION_MAKING
CASE-V3-00753,PAT-V3-00753,FAM_GRN_05,CONCEPT_CHRONIC_KNEE_OSTEOARTHRITIS,FAM_GRN_05_T01,76,MALE,hi,मंदिर में ज्यादा चलने के बाद दोनों घुटनों में पुराना धीमा दर्द बढ़ना,"घुटना मोड़ने पर कट-कट की आवाज, सुबह 10 मिनट की जकड़न, कोई लाली या गर्मी नहीं, बुखार नहीं",chronic_bilateral_knee_crepitus; morning_stiffness_under_20min; pain_after_walking; no_joint_heat; afebrile,72.0,4.0,allergic_rhinitis,nsaids,not_applicable,77.0,123.0,80.0,99.0,36.9,14.0,NONE,GREEN,none,true,true,false,prohibited,offline_technical_pipeline_validation,SYNTHETIC_DATA_UNVALIDATED_FOR_STRUCTURAL_TESTING_ONLY_DO_NOT_USE_FOR_CLINICAL_DECISION_MAKING
CASE-V3-00754,PAT-V3-00754,FAM_YEL_06,CONCEPT_DEEP_LACERATION,FAM_YEL_06_T02,12,FEMALE,en,Gaping scalp cut from falling brick with bleeding slowed by towel,"Large scalp split requiring stitches, patient fully alert with no vomit or blackouts, steady pressure applied",gaping_scalp_laceration; controlled_hemostasis; no_loss_of_consciousness,1.0,6.0,hypothyroidism,sulfa_drugs,no,85.0,132.0,90.0,99.0,36.9,20.0,NONE,YELLOW,none,true,true,false,prohibited,offline_technical_pipeline_validation,SYNTHETIC_DATA_UNVALIDATED_FOR_STRUCTURAL_TESTING_ONLY_DO_NOT_USE_FOR_CLINICAL_DECISION_MAKING
CASE-V3-00755,PAT-V3-00755,FAM_GRN_04,CONCEPT_SUPERFICIAL_ABRASION,FAM_GRN_04_T04,47,MALE,hi,साइकिल के पैडल से पिंडली पर मामूली खरोंच,"हड्डी के ऊपर हल्की खरोंच जिस पर पपड़ी जम रही है, बिना लंगड़ाए चल रहे हैं, कोई गहरा घाव नहीं",shin_scrape_pedal; minor_bruise; ambulatory,4.0,4.0,none_reported,aspirin,not_applicable,74.0,114.0,75.0,98.0,37.1,14.0,NONE,GREEN,none,true,true,false,prohibited,offline_technical_pipeline_validation,SYNTHETIC_DATA_UNVALIDATED_FOR_STRUCTURAL_TESTING_ONLY_DO_NOT_USE_FOR_CLINICAL_DECISION_MAKING
CASE-V3-00756,PAT-V3-00756,FAM_GRN_19,CONCEPT_CHRONIC_ONYCHOMYCOSIS,FAM_GRN_19_T04,70,MALE,en,Disfigured brittle toenails embarrassing when wearing sandals,"Painless slow progression over past year, shoes fit comfortably, pulses in feet strong",chronic_nail_tinea; nail_bed_debris; healthy_foot,2160.0,0.0,asthma,penicillin,not_applicable,81.0,120.0,74.0,99.0,36.5,14.0,NONE,GREEN,none,true,true,false,prohibited,offline_technical_pipeline_validation,SYNTHETIC_DATA_UNVALIDATED_FOR_STRUCTURAL_TESTING_ONLY_DO_NOT_USE_FOR_CLINICAL_DECISION_MAKING
CASE-V3-00761,PAT-V3-00761,FAM_YEL_19,CONCEPT_PERITONSILLAR_ABSCESS,FAM_YEL_19_T03,16,MALE,en,Severe one sided throat swelling making drinking liquids agonizing,"Spitting saliva into cup, neck tender under jaw angle, jaw muscles rigid, high temperature",peritonsillar_cellulitis; severe_odynophagia; trismus,72.0,9.0,copd,nsaids,not_applicable,102.0,130.0,85.0,96.0,39.1,19.0,NONE,YELLOW,none,true,true,false,prohibited,offline_technical_pipeline_validation,SYNTHETIC_DATA_UNVALIDATED_FOR_STRUCTURAL_TESTING_ONLY_DO_NOT_USE_FOR_CLINICAL_DECISION_MAKING
CASE-V3-00763,PAT-V3-00763,FAM_GRN_09,CONCEPT_SUPERFICIAL_FOLLICULITIS,FAM_GRN_09_T01,20,MALE,or,ଜଙ୍ଘ ଉପରେ ତିନି ଦିନ ହେଲା ବାଳ ମୂଳରେ ଛୋଟ ବଥ ଓ ଧଳା ମୁନ,"ଛୋଟ ୫ ମିମି ଲାଲ୍ ଫୋଟକା, ଚାରିପାଖକୁ ମାଡ଼ିନାହିଁ, ସାମାନ୍ୟ କଷ୍ଟ, ଜ୍ୱର ନାହିଁ",punctate_pustule; hair_follicle_erythema; no_spreading_cellulitis; afebrile; non_fluctuant,96.0,3.0,type_2_diabetes,none_known,not_applicable,75.0,126.0,72.0,99.0,37.0,15.0,NONE,GREEN,none,true,true,false,prohibited,offline_technical_pipeline_validation,SYNTHETIC_DATA_UNVALIDATED_FOR_STRUCTURAL_TESTING_ONLY_DO_NOT_USE_FOR_CLINICAL_DECISION_MAKING
CASE-V3-00764,PAT-V3-00764,FAM_YEL_10,CONCEPT_ACUTE_DIVERTICULITIS,FAM_YEL_10_T02,75,MALE,hi,पेट के बाईं ओर गहरा मरोड़ जो चलने या खड़े होने से बढ़ता है,"बाईं तरफ कड़ी गांठ जैसा दर्द, तीन दिन से कब्ज, हल्की ठंड लगना",sigmoid_diverticulitis_suspect; crampy_llq_pain; constipation,48.0,6.0,dyslipidemia,sulfa_drugs,not_applicable,88.0,148.0,90.0,97.0,38.0,20.0,NONE,YELLOW,none,true,true,false,prohibited,offline_technical_pipeline_validation,SYNTHETIC_DATA_UNVALIDATED_FOR_STRUCTURAL_TESTING_ONLY_DO_NOT_USE_FOR_CLINICAL_DECISION_MAKING
CASE-V3-00765,PAT-V3-00765,FAM_GRN_19,CONCEPT_CHRONIC_ONYCHOMYCOSIS,FAM_GRN_19_T05,56,FEMALE,hi,नाखून के फंगस की गोली के बारे में डॉक्टर से सलाह लेने आए हैं,"नाखून में कोई दर्द नहीं, रोज 5 किमी घूमते हैं, सामान्य स्वास्थ्य उत्तम",painless_nail_thickening; antifungal_advice; afebrile,4320.0,0.0,migraine,unknown,not_applicable,81.0,126.0,74.0,98.0,37.0,17.0,NONE,GREEN,none,true,true,false,prohibited,offline_technical_pipeline_validation,SYNTHETIC_DATA_UNVALIDATED_FOR_STRUCTURAL_TESTING_ONLY_DO_NOT_USE_FOR_CLINICAL_DECISION_MAKING
CASE-V3-00767,PAT-V3-00767,FAM_GRN_05,CONCEPT_CHRONIC_KNEE_OSTEOARTHRITIS,FAM_GRN_05_T02,75,MALE,or,ଥଣ୍ଡା ପାଗ ଯୋଗୁଁ ଗତ ଏକ ସପ୍ତାହରୁ ଆଣ୍ଠୁର ପୁରୁଣା କଷ୍ଟ ବଢ଼ିବା,"ସେହି ପୁରୁଣା ପରିଚିତ ବିନ୍ଧା, ପାହାଚ ଧୀରେ ଚଢ଼ୁଛନ୍ତି, ଆଣ୍ଠୁ ଥଣ୍ଡା ଅଛି, ଫୁଲା ନାହିଁ",knee_osteoarthritis_weather_flare; mechanical_ache; stable_effusion_none,72.0,3.0,dyslipidemia,ciprofloxacin,not_applicable,84.0,130.0,81.0,98.0,36.9,15.0,NONE,GREEN,none,true,true,false,prohibited,offline_technical_pipeline_validation,SYNTHETIC_DATA_UNVALIDATED_FOR_STRUCTURAL_TESTING_ONLY_DO_NOT_USE_FOR_CLINICAL_DECISION_MAKING
CASE-V3-00769,PAT-V3-00769,FAM_YEL_16,CONCEPT_ACUTE_MONOARTHRITIS,FAM_YEL_16_T01,65,FEMALE,en,Woke at 3 AM with red-hot excruciating swelling of big toe joint unable to touch bedsheet,"First metatarsophalangeal joint fiery red swollen shiny, even air breeze causes agony, cannot weight-bear",acute_first_mtp_erythema; podagra; severe_joint_tenderness; bedsheet_intolerance,24.0,9.0,dyslipidemia,amoxicillin,not_applicable,95.0,136.0,83.0,100.0,38.5,19.0,NONE,YELLOW,none,true,true,false,prohibited,offline_technical_pipeline_validation,SYNTHETIC_DATA_UNVALIDATED_FOR_STRUCTURAL_TESTING_ONLY_DO_NOT_USE_FOR_CLINICAL_DECISION_MAKING
CASE-V3-00770,PAT-V3-00770,FAM_YEL_10,CONCEPT_ACUTE_DIVERTICULITIS,FAM_YEL_10_T02,67,MALE,or,ବାମ ତଳ ପେଟରେ ଗଭୀର କଷ୍ଟ ଯାହା ଚାଲିଲେ ବା ଛିଡ଼ା ହେଲେ ବଢ଼ୁଛି,"ବାମ କଡ଼ରେ ଶକ୍ତ ଯନ୍ତ୍ରଣା, ତିନି ଦିନ ହେଲା କୋଷ୍ଠକାଠିନ୍ୟ, ସାମାନ୍ୟ ଥରିବା",sigmoid_diverticulitis_suspect; crampy_llq_pain; constipation,24.0,7.0,osteoarthritis,"dust_mites, pollen",not_applicable,93.0,133.0,88.0,97.0,38.1,22.0,NONE,YELLOW,none,true,true,false,prohibited,offline_technical_pipeline_validation,SYNTHETIC_DATA_UNVALIDATED_FOR_STRUCTURAL_TESTING_ONLY_DO_NOT_USE_FOR_CLINICAL_DECISION_MAKING
CASE-V3-00772,PAT-V3-00772,FAM_GRN_02,CONCEPT_TENSION_HEADACHE,FAM_GRN_02_T02,37,OTHER,or,କାମ ଚାପ ଯୋଗୁଁ ପଛ କପାଳ ଓ ମୁଣ୍ଡ ମୂଳରେ ଧିମା ବିନ୍ଧା,"ଦୁଇ ଦିନ ହେଲା ଧୀରେ ଧୀରେ ବଢ଼ିଛି, ବେକ ବୁଲାଇଲେ ଭାରୀ ଲାଗିବା, ଦୃଷ୍ଟି ନିର୍ମଳ",stress_headache; occipital_tightness; normal_neurological,24.0,2.0,migraine,none_known,not_applicable,71.0,120.0,75.0,99.0,36.7,16.0,NONE,GREEN,none,true,true,false,prohibited,offline_technical_pipeline_validation,SYNTHETIC_DATA_UNVALIDATED_FOR_STRUCTURAL_TESTING_ONLY_DO_NOT_USE_FOR_CLINICAL_DECISION_MAKING
CASE-V3-00774,PAT-V3-00774,FAM_YEL_18,CONCEPT_SECOND_DEGREE_BURN,FAM_YEL_18_T04,56,FEMALE,or,ବାଇକ୍ ସାଇଲେନ୍ସର ବାଜି ଗୋଡ଼ ପେଣ୍ଡା ଜଳିଯିବା ଓ ବଡ଼ ଫୋଟକା,"ଗୋଲ ଆକାରର ଜଳା ଘା', ସାମାନ୍ୟ ସ୍ପର୍ଶରେ କଷ୍ଟ, ଗୋଇଠି ପାଖ ଫୁଲିଛି",exhaust_pipe_burn; localized_dermal_burn; blistering,2.0,8.0,chronic_kidney_disease_stage_2,none_known,not_applicable,106.0,139.0,84.0,100.0,37.0,16.0,NONE,YELLOW,none,true,true,false,prohibited,offline_technical_pipeline_validation,SYNTHETIC_DATA_UNVALIDATED_FOR_STRUCTURAL_TESTING_ONLY_DO_NOT_USE_FOR_CLINICAL_DECISION_MAKING
CASE-V3-00776,PAT-V3-00776,FAM_GRN_02,CONCEPT_TENSION_HEADACHE,FAM_GRN_02_T04,55,MALE,or,କାନ୍ଧ ଟାଣିବା ସହ ମୁଣ୍ଡରେ ସାମାନ୍ୟ ଭାରୀପଣ,"କାନ୍ଧ ମାଂସପେଶୀ ଜାମ, ବେକ ମାଲିସ କଲେ ଆରାମ, ଭୋକ ସ୍ୱାଭାବିକ, ଜ୍ୱର ନାହିଁ",myofascial_cervicogenic_headache; dull_bilateral; no_red_flags,6.0,2.0,epilepsy,"dust_mites, pollen",not_applicable,79.0,132.0,76.0,99.0,36.6,17.0,NONE,GREEN,none,true,true,false,prohibited,offline_technical_pipeline_validation,SYNTHETIC_DATA_UNVALIDATED_FOR_STRUCTURAL_TESTING_ONLY_DO_NOT_USE_FOR_CLINICAL_DECISION_MAKING
CASE-V3-00778,PAT-V3-00778,FAM_GRN_09,CONCEPT_SUPERFICIAL_FOLLICULITIS,FAM_GRN_09_T01,20,FEMALE,hi,जांघ पर तीन दिन से बालों की जड़ में छोटी फुंसी और सफेद कील,"छोटी सी 5 मिमी की लाल फुंसी, आसपास कोई फैलाव नहीं, छूने पर हल्की टीस, बुखार नहीं",punctate_pustule; hair_follicle_erythema; no_spreading_cellulitis; afebrile; non_fluctuant,96.0,2.0,coronary_artery_disease,ciprofloxacin,no,71.0,123.0,71.0,98.0,36.8,16.0,NONE,GREEN,none,true,true,false,prohibited,offline_technical_pipeline_validation,SYNTHETIC_DATA_UNVALIDATED_FOR_STRUCTURAL_TESTING_ONLY_DO_NOT_USE_FOR_CLINICAL_DECISION_MAKING
CASE-V3-00782,PAT-V3-00782,FAM_GRN_06,CONCEPT_MILD_DYSPEPSIA,FAM_GRN_06_T02,57,FEMALE,or,ମସଲା ଚା' ପିଇବା ପରେ ଖଟା ଢେକୁର ଓ ଛାତି ମଝିରେ ସାମାନ୍ୟ ଉଷୁମ ଭାବ,"ତଣ୍ଟି ଆଡ଼କୁ ଜ୍ୱାଳା ଉଠିବା, ପାଣି ପିଇଲେ ଶାନ୍ତ ପଡ଼ିବା, ଚାଲିଲେ କଷ୍ଟ ହେଉନାହିଁ",gastroesophageal_reflux_mild; waterbrash; retrosternal_warmth,24.0,2.0,asthma,unknown,not_applicable,81.0,128.0,71.0,100.0,36.5,16.0,NONE,GREEN,none,true,true,false,prohibited,offline_technical_pipeline_validation,SYNTHETIC_DATA_UNVALIDATED_FOR_STRUCTURAL_TESTING_ONLY_DO_NOT_USE_FOR_CLINICAL_DECISION_MAKING
CASE-V3-00783,PAT-V3-00783,FAM_YEL_06,CONCEPT_DEEP_LACERATION,FAM_YEL_06_T03,53,MALE,en,Deep glass cut to outer thigh soaked through two cloth wraps,"Clean laceration across quadriceps, skin edges wide apart, no numbness in foot, bleeding currently oozing",glass_cut_thigh; full_thickness_wound; stable_hemodynamics,1.0,6.0,osteoarthritis,none_known,not_applicable,86.0,129.0,88.0,100.0,36.8,19.0,NONE,YELLOW,none,true,true,false,prohibited,offline_technical_pipeline_validation,SYNTHETIC_DATA_UNVALIDATED_FOR_STRUCTURAL_TESTING_ONLY_DO_NOT_USE_FOR_CLINICAL_DECISION_MAKING
CASE-V3-00784,PAT-V3-00784,FAM_YEL_16,CONCEPT_ACUTE_MONOARTHRITIS,FAM_YEL_16_T02,45,FEMALE,en,Rapidly ballooning hot right knee with severe pain and low fever,"Tense fluid effusion in right knee, ballottable patella, cannot bend joint past 20 degrees, warm skin",acute_knee_monoarthritis; large_joint_effusion; warmth; fever_mild,12.0,7.0,hypertension,none_known,no,90.0,135.0,89.0,99.0,37.7,16.0,NONE,YELLOW,none,true,true,false,prohibited,offline_technical_pipeline_validation,SYNTHETIC_DATA_UNVALIDATED_FOR_STRUCTURAL_TESTING_ONLY_DO_NOT_USE_FOR_CLINICAL_DECISION_MAKING
CASE-V3-00787,PAT-V3-00787,FAM_YEL_18,CONCEPT_SECOND_DEGREE_BURN,FAM_YEL_18_T02,25,OTHER,en,Hot cooking oil splash over dorsum of hand with peeling blistered skin,"Blistered hand swollen, stinging burns between fingers, cooled with running water for 10 min",hot_oil_splash_burn; partial_thickness; blistering; dressing_needed,1.0,7.0,none_reported,nsaids,not_applicable,88.0,130.0,87.0,98.0,36.8,19.0,NONE,YELLOW,none,true,true,false,prohibited,offline_technical_pipeline_validation,SYNTHETIC_DATA_UNVALIDATED_FOR_STRUCTURAL_TESTING_ONLY_DO_NOT_USE_FOR_CLINICAL_DECISION_MAKING
CASE-V3-00788,PAT-V3-00788,FAM_GRN_11,CONCEPT_IMPACTED_CERUMEN,FAM_GRN_11_T03,53,OTHER,en,Ear syringing request for longstanding hardened earwax,"Mild echo of own voice in left ear, no fever, no sore throat, feels perfectly well",cerumen_impaction; request_ear_syringing; asymptomatic_otherwise,72.0,2.0,asthma,"dust_mites, pollen",not_applicable,82.0,125.0,81.0,100.0,37.0,18.0,NONE,GREEN,none,true,true,false,prohibited,offline_technical_pipeline_validation,SYNTHETIC_DATA_UNVALIDATED_FOR_STRUCTURAL_TESTING_ONLY_DO_NOT_USE_FOR_CLINICAL_DECISION_MAKING
CASE-V3-00789,PAT-V3-00789,FAM_GRN_01,CONCEPT_VIRAL_UPPER_RESPIRATORY_INFECTION,FAM_GRN_01_T05,71,OTHER,hi,परिवार में जुकाम के बाद हल्की आवाज बैठना और नाक बहना,"घर में सबको जुकाम था, गले में धीरे-धीरे सुधार, खाना-पीना सामान्य, छाती में कोई दर्द नहीं",common_cold_resolving; mild_hoarseness; good_oral_intake,96.0,1.0,none_reported,amoxicillin,not_applicable,68.0,123.0,70.0,98.0,37.4,18.0,NONE,GREEN,none,true,true,false,prohibited,offline_technical_pipeline_validation,SYNTHETIC_DATA_UNVALIDATED_FOR_STRUCTURAL_TESTING_ONLY_DO_NOT_USE_FOR_CLINICAL_DECISION_MAKING
CASE-V3-00790,PAT-V3-00790,FAM_YEL_16,CONCEPT_ACUTE_MONOARTHRITIS,FAM_YEL_16_T01,59,MALE,hi,"रात तीन बजे पैर के अंगूठे में भयानक लाल गर्म सूजन, चादर का स्पर्श भी असहनीय","अंगूठे का जोड़ बिल्कुल लाल और तपा हुआ, हवा लगने से भी चीख निकलना, पैर जमीन पर न रख पाना",acute_first_mtp_erythema; podagra; severe_joint_tenderness; bedsheet_intolerance,6.0,9.0,gastroesophageal_reflux,penicillin,not_applicable,99.0,131.0,84.0,98.0,37.9,17.0,NONE,YELLOW,none,true,true,false,prohibited,offline_technical_pipeline_validation,SYNTHETIC_DATA_UNVALIDATED_FOR_STRUCTURAL_TESTING_ONLY_DO_NOT_USE_FOR_CLINICAL_DECISION_MAKING
CASE-V3-00791,PAT-V3-00791,FAM_GRN_06,CONCEPT_MILD_DYSPEPSIA,FAM_GRN_06_T04,25,OTHER,or,କାଲି ଭୋଜି ଖାଇବା ପରେ ସାମାନ୍ୟ ବଦହଜମି ଓ ପେଟ ପୋଡ଼ିବା,"ଖାଇସାରିଲେ ଛାତି ତଳେ ପୋଡ଼ାଜଳା, ସଳଖ ବସିଲେ ଆରାମ, ଭୋକ ଠିକ୍ ଅଛି",indigestion; occasional_heartburn; dietary_trigger,48.0,4.0,gastroesophageal_reflux,ciprofloxacin,not_applicable,80.0,119.0,84.0,99.0,36.7,14.0,NONE,GREEN,none,true,true,false,prohibited,offline_technical_pipeline_validation,SYNTHETIC_DATA_UNVALIDATED_FOR_STRUCTURAL_TESTING_ONLY_DO_NOT_USE_FOR_CLINICAL_DECISION_MAKING
CASE-V3-00792,PAT-V3-00792,FAM_YEL_11,CONCEPT_PELVIC_INFLAMMATORY_DISEASE,FAM_YEL_11_T05,19,MALE,en,Both side lower tummy tenderness with warm forehead and feeling faint,"Pain constant for 48 hours, worse with bladder fullness, fever spikes",acute_adnexal_inflammation; lower_abdominal_tenderness; chills,96.0,7.0,copd,aspirin,not_applicable,101.0,117.0,84.0,99.0,38.5,21.0,NONE,YELLOW,none,true,true,false,prohibited,offline_technical_pipeline_validation,SYNTHETIC_DATA_UNVALIDATED_FOR_STRUCTURAL_TESTING_ONLY_DO_NOT_USE_FOR_CLINICAL_DECISION_MAKING
CASE-V3-00793,PAT-V3-00793,FAM_GRN_01,CONCEPT_VIRAL_UPPER_RESPIRATORY_INFECTION,FAM_GRN_01_T02,45,MALE,hi,"नाक बंद, कानों में भारीपन और गले में हल्की खराश","बारी-बारी से नाक बंद होना, सांस लेने में कोई परेशानी नहीं, घरेलू काढ़ा ले रहे हैं, बुखार नहीं",nasal_congestion; minor_head_cold; throat_tickle; ambulatory,96.0,2.0,gastroesophageal_reflux,none_known,not_applicable,69.0,117.0,81.0,100.0,36.7,15.0,NONE,GREEN,none,true,true,false,prohibited,offline_technical_pipeline_validation,SYNTHETIC_DATA_UNVALIDATED_FOR_STRUCTURAL_TESTING_ONLY_DO_NOT_USE_FOR_CLINICAL_DECISION_MAKING
CASE-V3-00794,PAT-V3-00794,FAM_YEL_20,CONCEPT_SYMPTOMATIC_TACHYCARDIA_STABLE,FAM_YEL_20_T01,79,FEMALE,hi,"सीने में दिल का बेहद तेज और अनियमित धड़कना, घबराहट और चक्कर","नब्ज 135 पर बेतरतीब भाग रही है, गले में फड़फड़ाहट, चलने पर सिर घूमना, छाती में दर्द नहीं, बीपी ठीक है",rapid_irregular_palpitations; flutter_sensation; lightheadedness; stable_blood_pressure; no_chest_pain,2.0,2.0,allergic_rhinitis,ciprofloxacin,not_applicable,143.0,139.0,79.0,99.0,36.7,18.0,NONE,YELLOW,none,true,true,false,prohibited,offline_technical_pipeline_validation,SYNTHETIC_DATA_UNVALIDATED_FOR_STRUCTURAL_TESTING_ONLY_DO_NOT_USE_FOR_CLINICAL_DECISION_MAKING
CASE-V3-00796,PAT-V3-00796,FAM_GRN_15,CONCEPT_CHRONIC_TINNITUS,FAM_GRN_15_T05,54,OTHER,en,"Ringing in ears making it hard to fall asleep, requesting sleep aids","Noise present throughout day but annoying at bedtime, appetite normal, no ear discharge",chronic_ear_ringing; insomnia_secondary; ambulatory,720.0,1.0,hypothyroidism,penicillin,not_applicable,80.0,123.0,77.0,100.0,37.0,16.0,NONE,GREEN,none,true,true,false,prohibited,offline_technical_pipeline_validation,SYNTHETIC_DATA_UNVALIDATED_FOR_STRUCTURAL_TESTING_ONLY_DO_NOT_USE_FOR_CLINICAL_DECISION_MAKING
CASE-V3-00798,PAT-V3-00798,FAM_YEL_05,CONCEPT_ACUTE_PYELONEPHRITIS,FAM_YEL_05_T03,29,MALE,or,"ଥରି ଜ୍ୱର, କମର ବିନ୍ଧା ଓ ପରିସ୍ରା ସଂକ୍ରମଣ ପରେ ଅତ୍ୟଧିକ ଦୁର୍ବଳତା","ପରିସ୍ରା ପୋଡ଼ିବା ଏବେ ପିଠିକୁ ବ୍ୟାପିଛି, ପ୍ରବଳ ଜ୍ୱର, ଛିଡ଼ା ହେବାକୁ ଶକ୍ତି ନାହିଁ",pyelonephritis_systemic_upset; urinary_frequency; shivers,72.0,6.0,coronary_artery_disease,amoxicillin,not_applicable,110.0,134.0,82.0,98.0,39.0,20.0,NONE,YELLOW,none,true,true,false,prohibited,offline_technical_pipeline_validation,SYNTHETIC_DATA_UNVALIDATED_FOR_STRUCTURAL_TESTING_ONLY_DO_NOT_USE_FOR_CLINICAL_DECISION_MAKING
CASE-V3-00799,PAT-V3-00799,FAM_YEL_16,CONCEPT_ACUTE_MONOARTHRITIS,FAM_YEL_16_T03,66,OTHER,or,"ଗୋଇଠି ଗଣ୍ଠିରେ ଗାଉଟ୍ ଯନ୍ତ୍ରଣାର ପ୍ରକୋପ, ଔଷଧ ଖାଇ ବି ଉପଶମ ନାହିଁ","ଗୋଇଠି ବାଇଗଣୀ ଲାଲ୍ ହୋଇ ଫୁଲିଛି, ଭୀଷଣ ଘୋଳାବିନ୍ଧା, ଥରିବା ଭାବ",gouty_arthritis_flare; hyperuricemia_history; severe_throbbing,24.0,7.0,dyslipidemia,none_known,not_applicable,95.0,138.0,90.0,100.0,38.0,19.0,NONE,YELLOW,none,true,true,false,prohibited,offline_technical_pipeline_validation,SYNTHETIC_DATA_UNVALIDATED_FOR_STRUCTURAL_TESTING_ONLY_DO_NOT_USE_FOR_CLINICAL_DECISION_MAKING
CASE-V3-00802,PAT-V3-00802,FAM_GRN_19,CONCEPT_CHRONIC_ONYCHOMYCOSIS,FAM_GRN_19_T02,55,OTHER,or,"ଗୋଡ଼ ନଖରେ ଫଙ୍ଗସ୍ ଲାଗି ହଳଦିଆ ହେବା, ଔଷଧ ଲେଖାଇବାକୁ ଆସିଛନ୍ତି","ନଖ ଶକ୍ତ ହୋଇ କଟି ହେଉନାହିଁ, କୌଣସି ଦରଜ ବା ଫୁଲା ନାହିଁ, ସ୍ୱାଭାବିକ",fungal_nail_infection; dystrophic_nail_plate; cosmetic_concern,720.0,0.0,none_reported,nsaids,not_applicable,83.0,123.0,78.0,99.0,36.9,15.0,NONE,GREEN,none,true,true,false,prohibited,offline_technical_pipeline_validation,SYNTHETIC_DATA_UNVALIDATED_FOR_STRUCTURAL_TESTING_ONLY_DO_NOT_USE_FOR_CLINICAL_DECISION_MAKING
CASE-V3-00804,PAT-V3-00804,FAM_YEL_16,CONCEPT_ACUTE_MONOARTHRITIS,FAM_YEL_16_T05,70,OTHER,en,Excruciating foot arch and midfoot joint burn since morning,"Midtarsal joints swollen red, hopping on other leg, history of high uric acid, feverish",inflammatory_arthropathy; severe_localized_joint_pain; unable_to_walk,24.0,8.0,asthma,nsaids,not_applicable,95.0,143.0,88.0,98.0,38.3,19.0,NONE,YELLOW,none,true,true,false,prohibited,offline_technical_pipeline_validation,SYNTHETIC_DATA_UNVALIDATED_FOR_STRUCTURAL_TESTING_ONLY_DO_NOT_USE_FOR_CLINICAL_DECISION_MAKING
CASE-V3-00805,PAT-V3-00805,FAM_YEL_18,CONCEPT_SECOND_DEGREE_BURN,FAM_YEL_18_T04,18,OTHER,hi,बाइक के गर्म साइलेंसर से पैर की पिंडली बुरी तरह जलना और फफोला,"पिंडली पर गोल जला हुआ घाव, छूने पर बहुत दर्द, टखने के पास हल्की सूजन",exhaust_pipe_burn; localized_dermal_burn; blistering,1.0,9.0,hypothyroidism,none_known,not_applicable,110.0,140.0,81.0,98.0,37.2,19.0,NONE,YELLOW,none,true,true,false,prohibited,offline_technical_pipeline_validation,SYNTHETIC_DATA_UNVALIDATED_FOR_STRUCTURAL_TESTING_ONLY_DO_NOT_USE_FOR_CLINICAL_DECISION_MAKING
CASE-V3-00806,PAT-V3-00806,FAM_GRN_04,CONCEPT_SUPERFICIAL_ABRASION,FAM_GRN_04_T04,32,FEMALE,or,ସାଇକେଲ ପେଡାଲ୍ ବାଜି ନଳି ହାଡ଼ରେ ସାମାନ୍ୟ ରାମ୍ପୁଡ଼ା,"ଚମଡ଼ା ଉପରେ ଶୁଖିଲା ଖସରା, ବିନା ଛୋଟେଇ ଚାଲୁଛନ୍ତି, ଗଭୀର କଟା ନାହିଁ, କାଲୁଆ ନାହିଁ",shin_scrape_pedal; minor_bruise; ambulatory,2.0,2.0,none_reported,sulfa_drugs,no,79.0,118.0,76.0,98.0,36.7,15.0,NONE,GREEN,none,true,true,false,prohibited,offline_technical_pipeline_validation,SYNTHETIC_DATA_UNVALIDATED_FOR_STRUCTURAL_TESTING_ONLY_DO_NOT_USE_FOR_CLINICAL_DECISION_MAKING
CASE-V3-00807,PAT-V3-00807,FAM_YEL_07,CONCEPT_EXTREMITY_FRACTURE,FAM_YEL_07_T01,43,FEMALE,en,Severe wrist deformity and swelling after falling onto outstretched hand,"Dinner-fork angle visible at wrist, excruciating bone tenderness, fingers pink and warm, cannot move wrist",deformity_wrist_fracture; colles_fracture_suspect; exquisite_tenderness; neurovascular_intact,3.0,9.0,asthma,aspirin,no,89.0,129.0,84.0,99.0,37.0,19.0,NONE,YELLOW,none,true,true,false,prohibited,offline_technical_pipeline_validation,SYNTHETIC_DATA_UNVALIDATED_FOR_STRUCTURAL_TESTING_ONLY_DO_NOT_USE_FOR_CLINICAL_DECISION_MAKING
CASE-V3-00813,PAT-V3-00813,FAM_GRN_06,CONCEPT_MILD_DYSPEPSIA,FAM_GRN_06_T04,49,MALE,en,Mild indigestion after eating heavy banquet food yesterday,"Burning behind breastbone after meals, relieved by sitting upright, appetite intact",indigestion; occasional_heartburn; dietary_trigger,12.0,2.0,hypertension,none_known,not_applicable,85.0,123.0,84.0,98.0,36.9,17.0,NONE,GREEN,none,true,true,false,prohibited,offline_technical_pipeline_validation,SYNTHETIC_DATA_UNVALIDATED_FOR_STRUCTURAL_TESTING_ONLY_DO_NOT_USE_FOR_CLINICAL_DECISION_MAKING
CASE-V3-00816,PAT-V3-00816,FAM_GRN_03,CONCEPT_ALLERGIC_RHINITIS,FAM_GRN_03_T02,41,FEMALE,or,"ଘାସ କାଟିବା ପରେ ଦୁଇ ଆଖି ନାଲି ପଡ଼ି କୁଣ୍ଡାଇ ହେବା, ପୂଜ ନାହିଁ","ଉଭୟ ଆଖି ଗୋଲାପୀ ଓ ଲୁହଭରା, ପତା ସାମାନ୍ୟ ଫୁଲା, ଦୃଷ୍ଟି ସ୍ପଷ୍ଟ, କୌଣସି କଷ୍ଟ ନାହିଁ",allergic_conjunctivitis; bilateral_ocular_itching; no_purulent_discharge,120.0,2.0,hypothyroidism,"dust_mites, pollen",unknown,69.0,114.0,75.0,99.0,36.6,16.0,NONE,GREEN,none,true,true,false,prohibited,offline_technical_pipeline_validation,SYNTHETIC_DATA_UNVALIDATED_FOR_STRUCTURAL_TESTING_ONLY_DO_NOT_USE_FOR_CLINICAL_DECISION_MAKING
CASE-V3-00817,PAT-V3-00817,FAM_YEL_06,CONCEPT_DEEP_LACERATION,FAM_YEL_06_T01,17,MALE,en,Deep 7cm forearm laceration from machinery with bleeding controlled by bandage,"Gaped skin edges exposing subcutaneous tissue, bleeding halted with firm pressure, intact hand sensation",deep_forearm_laceration; subcutaneous_exposure; bleeding_controlled_pressure; tetanus_risk,0.5,8.0,coronary_artery_disease,none_known,not_applicable,104.0,138.0,85.0,98.0,37.0,18.0,NONE,YELLOW,none,true,true,false,prohibited,offline_technical_pipeline_validation,SYNTHETIC_DATA_UNVALIDATED_FOR_STRUCTURAL_TESTING_ONLY_DO_NOT_USE_FOR_CLINICAL_DECISION_MAKING
CASE-V3-00819,PAT-V3-00819,FAM_GRN_12,CONCEPT_APHTHOUS_STOMATITIS,FAM_GRN_12_T04,34,FEMALE,hi,परीक्षा की पढ़ाई के दौरान मुंह में फिर से वही पुराना छाला निकलना,"चार-पांच दिन में खुद ठीक हो जाता है, पानी खूब पी रहे हैं, हाथ-पैरों पर कोई दाने नहीं",recurrent_aphthous_minor; localized; good_hydration,24.0,3.0,hypertension,amoxicillin,unknown,76.0,112.0,78.0,100.0,37.1,18.0,NONE,GREEN,none,true,true,false,prohibited,offline_technical_pipeline_validation,SYNTHETIC_DATA_UNVALIDATED_FOR_STRUCTURAL_TESTING_ONLY_DO_NOT_USE_FOR_CLINICAL_DECISION_MAKING
CASE-V3-00824,PAT-V3-00824,FAM_YEL_07,CONCEPT_EXTREMITY_FRACTURE,FAM_YEL_07_T04,67,MALE,en,Extreme lower leg pain and localized swelling after scooter tip-over,"Mid-shin exquisite focal tenderness, unable to bear any weight, toes warm and moving well",tibia_fibula_trauma; localized_crepitus_suspect; intact_distal_pulses,2.0,8.0,dyslipidemia,nsaids,not_applicable,97.0,129.0,80.0,99.0,37.0,16.0,NONE,YELLOW,none,true,true,false,prohibited,offline_technical_pipeline_validation,SYNTHETIC_DATA_UNVALIDATED_FOR_STRUCTURAL_TESTING_ONLY_DO_NOT_USE_FOR_CLINICAL_DECISION_MAKING
CASE-V3-00825,PAT-V3-00825,FAM_YEL_20,CONCEPT_SYMPTOMATIC_TACHYCARDIA_STABLE,FAM_YEL_20_T04,76,FEMALE,en,Heart racing out of sync with breathlessness on climbing one flight of stairs,"Skipping beats followed by bursts of rapid pumping, mild chest flutter, no arm radiation, alert",tachyarrhythmia_normotensive; shortness_of_breath_on_exertion; pulse_irregularity,8.0,1.0,migraine,amoxicillin,not_applicable,127.0,128.0,87.0,97.0,37.1,21.0,NONE,YELLOW,none,true,true,false,prohibited,offline_technical_pipeline_validation,SYNTHETIC_DATA_UNVALIDATED_FOR_STRUCTURAL_TESTING_ONLY_DO_NOT_USE_FOR_CLINICAL_DECISION_MAKING
CASE-V3-00827,PAT-V3-00827,FAM_YEL_15,CONCEPT_HEAD_INJURY_CONCUSSION,FAM_YEL_15_T01,28,MALE,or,"ଫୁଟବଲ୍ ବେଳେ ମୁଣ୍ଡରେ ଶକ୍ତ ଆଘାତ, ୩୦ ସେକେଣ୍ଡ ଅଚେତ, ମୁଣ୍ଡବିନ୍ଧା ଓ ଥରେ ବାନ୍ତି","ପଡ଼ିବା କଥା ମନେପଡୁ ନାହିଁ, କପାଳରେ ପ୍ରବଳ ବିନ୍ଧା, ସମ୍ପୂର୍ଣ୍ଣ ଚେତନା ଅଛି, ଡୋଳା ସ୍ୱାଭାବିକ",concussion_with_brief_amnesia; post_traumatic_headache; single_emesis; alert_gcs15,2.0,7.0,coronary_artery_disease,ciprofloxacin,not_applicable,83.0,126.0,88.0,98.0,36.8,18.0,NONE,YELLOW,none,true,true,false,prohibited,offline_technical_pipeline_validation,SYNTHETIC_DATA_UNVALIDATED_FOR_STRUCTURAL_TESTING_ONLY_DO_NOT_USE_FOR_CLINICAL_DECISION_MAKING
CASE-V3-00831,PAT-V3-00831,FAM_GRN_01,CONCEPT_VIRAL_UPPER_RESPIRATORY_INFECTION,FAM_GRN_01_T05,64,OTHER,en,Lingering cold symptoms with mild hoarseness after family flu,"Family members had same cold last week, throat improving, eating normal meals, no chest pain",common_cold_resolving; mild_hoarseness; good_oral_intake,96.0,1.0,allergic_rhinitis,penicillin,not_applicable,85.0,117.0,71.0,99.0,37.3,17.0,NONE,GREEN,none,true,true,false,prohibited,offline_technical_pipeline_validation,SYNTHETIC_DATA_UNVALIDATED_FOR_STRUCTURAL_TESTING_ONLY_DO_NOT_USE_FOR_CLINICAL_DECISION_MAKING
CASE-V3-00834,PAT-V3-00834,FAM_YEL_02,CONCEPT_ACUTE_RENAL_COLIC,FAM_YEL_02_T03,53,OTHER,or,କମର ହାଡ଼ ପାଖରେ ଛୁଞ୍ଚି ଫୋଡ଼ି ହେବା ଭଳି କଷ୍ଟ ତଳକୁ ଯାଉଛି,"ଅସହ୍ୟ ବିନ୍ଧାରେ ଝାଳ ବୋହିବା, ବିଶ୍ରାମ କଲେ ବି ଉପଶମ ନାହିଁ, ପୂର୍ବରୁ ପଥର ଥିଲା",costovertebral_angle_tenderness; stone_passage_suspect; diaphoresis_from_pain,6.0,9.0,allergic_rhinitis,aspirin,not_applicable,114.0,144.0,91.0,100.0,37.3,21.0,NONE,YELLOW,none,true,true,false,prohibited,offline_technical_pipeline_validation,SYNTHETIC_DATA_UNVALIDATED_FOR_STRUCTURAL_TESTING_ONLY_DO_NOT_USE_FOR_CLINICAL_DECISION_MAKING
CASE-V3-00837,PAT-V3-00837,FAM_YEL_07,CONCEPT_EXTREMITY_FRACTURE,FAM_YEL_07_T04,44,FEMALE,or,ସ୍କୁଟର ଓଲଟିବା ପରେ ଗୋଡ଼ ନଳି ହାଡ଼ରେ ପ୍ରଚଣ୍ଡ ଯନ୍ତ୍ରଣା ଓ ଫୁଲା,"ନଳି ହାଡ଼ ଉପରେ ହାତ ମାରିଲେ କଷ୍ଟ, ଜମାରୁ ଭାର ଦେଇପାରୁ ନାହାନ୍ତି, ଆଙ୍ଗୁଠି ଚଳୁଛି",tibia_fibula_trauma; localized_crepitus_suspect; intact_distal_pulses,3.0,7.0,osteoarthritis,"dust_mites, pollen",no,100.0,135.0,87.0,99.0,37.3,18.0,NONE,YELLOW,none,true,true,false,prohibited,offline_technical_pipeline_validation,SYNTHETIC_DATA_UNVALIDATED_FOR_STRUCTURAL_TESTING_ONLY_DO_NOT_USE_FOR_CLINICAL_DECISION_MAKING
CASE-V3-00838,PAT-V3-00838,FAM_GRN_11,CONCEPT_IMPACTED_CERUMEN,FAM_GRN_11_T03,48,MALE,or,କାନର ଶୁଖିଲା ଖଇଳ ସଫା କରିବା ପାଇଁ ଡାକ୍ତରଖାନା ଆସିଛନ୍ତି,"ନିଜ କଥା କାନ ଭିତରେ ପ୍ରତିଧ୍ୱନିତ ହେବା, ଜ୍ୱର ବା ଗଳା କଷ୍ଟ ନାହିଁ, ସମ୍ପୂର୍ଣ୍ଣ ସୁସ୍ଥ",cerumen_impaction; request_ear_syringing; asymptomatic_otherwise,336.0,2.0,migraine,ciprofloxacin,not_applicable,73.0,127.0,81.0,99.0,36.6,16.0,NONE,GREEN,none,true,true,false,prohibited,offline_technical_pipeline_validation,SYNTHETIC_DATA_UNVALIDATED_FOR_STRUCTURAL_TESTING_ONLY_DO_NOT_USE_FOR_CLINICAL_DECISION_MAKING
CASE-V3-00841,PAT-V3-00841,FAM_GRN_03,CONCEPT_ALLERGIC_RHINITIS,FAM_GRN_03_T05,29,FEMALE,or,ଫୁଲ ଫୁଟିବା ଦିନରେ ସକାଳେ ଆଖିରୁ ପାଣି ଓ ନାକ ବୋହିବା,"ଗାଧୋଇବା ପରେ ଛିଙ୍କ କମୁଛି, ତାଳୁ ସାମାନ୍ୟ କୁଣ୍ଡାଇ, ଭୋକ ଭଲ, ଛାତିରେ ଶବ୍ଦ ନାହିଁ",rhinoconjunctivitis; intermittent_sneezing; normal_chest_sounds,72.0,1.0,coronary_artery_disease,penicillin,no,70.0,118.0,74.0,99.0,36.5,18.0,NONE,GREEN,none,true,true,false,prohibited,offline_technical_pipeline_validation,SYNTHETIC_DATA_UNVALIDATED_FOR_STRUCTURAL_TESTING_ONLY_DO_NOT_USE_FOR_CLINICAL_DECISION_MAKING
CASE-V3-00843,PAT-V3-00843,FAM_GRN_06,CONCEPT_MILD_DYSPEPSIA,FAM_GRN_06_T04,43,OTHER,en,Mild indigestion after eating heavy banquet food yesterday,"Burning behind breastbone after meals, relieved by sitting upright, appetite intact",indigestion; occasional_heartburn; dietary_trigger,6.0,3.0,asthma,sulfa_drugs,not_applicable,84.0,116.0,71.0,99.0,36.7,16.0,NONE,GREEN,none,true,true,false,prohibited,offline_technical_pipeline_validation,SYNTHETIC_DATA_UNVALIDATED_FOR_STRUCTURAL_TESTING_ONLY_DO_NOT_USE_FOR_CLINICAL_DECISION_MAKING
CASE-V3-00846,PAT-V3-00846,FAM_YEL_12,CONCEPT_MODERATE_DEHYDRATION,FAM_YEL_12_T03,68,MALE,en,Continuous watery purging with zero urine output since morning,"Abdominal cramping spasms before every loose stool, dry mouth, rapid pulse felt in neck",infective_diarrhea_volume_depletion; oliguria; crampy_abdomen,24.0,5.0,dyslipidemia,"dust_mites, pollen",not_applicable,113.0,114.0,68.0,98.0,38.3,22.0,NONE,YELLOW,none,true,true,false,prohibited,offline_technical_pipeline_validation,SYNTHETIC_DATA_UNVALIDATED_FOR_STRUCTURAL_TESTING_ONLY_DO_NOT_USE_FOR_CLINICAL_DECISION_MAKING
CASE-V3-00847,PAT-V3-00847,FAM_GRN_02,CONCEPT_TENSION_HEADACHE,FAM_GRN_02_T01,26,FEMALE,or,କମ୍ପ୍ୟୁଟରରେ ବହୁତ ସମୟ କାମ ପରେ କପାଳରେ ଫିତା ବାନ୍ଧିଲା ଭଳି ଚାପ,"କପାଳ ଚାରିପାଖେ ଧିମା ଜକଡ଼ା ଭାବ, ବାନ୍ତି ନାହିଁ, ଆଲୋକରେ କଷ୍ଟ ନାହିଁ, ବେକ ସାମାନ୍ୟ ଟାଣ",bilateral_band_like_pressure; non_pulsatile_headache; no_photophobia; no_vomiting; neck_tightness,6.0,4.0,copd,nsaids,no,81.0,130.0,83.0,98.0,37.0,15.0,NONE,GREEN,none,true,true,false,prohibited,offline_technical_pipeline_validation,SYNTHETIC_DATA_UNVALIDATED_FOR_STRUCTURAL_TESTING_ONLY_DO_NOT_USE_FOR_CLINICAL_DECISION_MAKING
CASE-V3-00848,PAT-V3-00848,FAM_GRN_02,CONCEPT_TENSION_HEADACHE,FAM_GRN_02_T04,30,MALE,en,Mild continuous head heaviness with shoulder knots,"Shoulder muscles tight, headache eases slightly with neck rub, appetite normal, no fever",myofascial_cervicogenic_headache; dull_bilateral; no_red_flags,48.0,2.0,osteoarthritis,aspirin,not_applicable,68.0,128.0,78.0,98.0,36.8,18.0,NONE,GREEN,none,true,true,false,prohibited,offline_technical_pipeline_validation,SYNTHETIC_DATA_UNVALIDATED_FOR_STRUCTURAL_TESTING_ONLY_DO_NOT_USE_FOR_CLINICAL_DECISION_MAKING
CASE-V3-00849,PAT-V3-00849,FAM_GRN_11,CONCEPT_IMPACTED_CERUMEN,FAM_GRN_11_T01,75,FEMALE,en,Blocked feeling and muffled hearing in right ear after swimming pool bath,"Right ear feels plugged like cotton wool, hearing reduced, no sharp pain, no fluid or blood draining, afebrile",muffled_hearing_unilateral; ear_fullness; no_ear_discharge; no_otalgia_severe; afebrile,336.0,1.0,osteoarthritis,none_known,not_applicable,71.0,126.0,77.0,100.0,36.9,16.0,NONE,GREEN,none,true,true,false,prohibited,offline_technical_pipeline_validation,SYNTHETIC_DATA_UNVALIDATED_FOR_STRUCTURAL_TESTING_ONLY_DO_NOT_USE_FOR_CLINICAL_DECISION_MAKING
CASE-V3-00850,PAT-V3-00850,FAM_YEL_18,CONCEPT_SECOND_DEGREE_BURN,FAM_YEL_18_T03,20,FEMALE,or,ଗରମ ଇସ୍ତ୍ରୀ ଜଙ୍ଘରେ ବାଜି ୮x୫ ସେମି ଜଳା କ୍ଷତ ଓ ଫୋଟକା,"ଚମଡ଼ା ଉପରେ ପାଣିଆ ଫୋଟକା, ପବନ ବାଜିଲେ ଅସହ୍ୟ ପୋଡ଼ିବା, ପଲିଥିନ୍ ଘୋଡ଼ାଇ ଆସିଛନ୍ତି",steam_iron_burn; localized_second_degree; acute_distress,2.0,9.0,dyslipidemia,amoxicillin,no,91.0,125.0,81.0,98.0,37.1,18.0,NONE,YELLOW,none,true,true,false,prohibited,offline_technical_pipeline_validation,SYNTHETIC_DATA_UNVALIDATED_FOR_STRUCTURAL_TESTING_ONLY_DO_NOT_USE_FOR_CLINICAL_DECISION_MAKING
CASE-V3-00851,PAT-V3-00851,FAM_YEL_10,CONCEPT_ACUTE_DIVERTICULITIS,FAM_YEL_10_T04,52,MALE,hi,कब्ज के बाद पेल्विस के बाएं हिस्से में दर्द और 38.4C बुखार,"दबाने पर तेज दर्द, गैस पास होने पर थोड़ा आराम, पर बुखार बना हुआ",subacute_diverticular_flare; localized_tenderness; pyrexia,48.0,7.0,gastroesophageal_reflux,none_known,not_applicable,94.0,141.0,79.0,99.0,38.5,22.0,NONE,YELLOW,none,true,true,false,prohibited,offline_technical_pipeline_validation,SYNTHETIC_DATA_UNVALIDATED_FOR_STRUCTURAL_TESTING_ONLY_DO_NOT_USE_FOR_CLINICAL_DECISION_MAKING
CASE-V3-00853,PAT-V3-00853,FAM_GRN_03,CONCEPT_ALLERGIC_RHINITIS,FAM_GRN_03_T03,35,MALE,hi,एलर्जी के कारण नाक में सुरसुराहट और बार-बार नाक रगड़ना,"नाक के अंदर तेज खुजली, एक साथ कई छींकें, बुखार बिल्कुल नहीं, एंटी-एलर्जी ले रहे हैं",hay_fever; nasal_pruritus; allergic_shiners_mild; clear_drainage,120.0,1.0,allergic_rhinitis,amoxicillin,not_applicable,73.0,114.0,75.0,98.0,36.7,18.0,NONE,GREEN,none,true,true,false,prohibited,offline_technical_pipeline_validation,SYNTHETIC_DATA_UNVALIDATED_FOR_STRUCTURAL_TESTING_ONLY_DO_NOT_USE_FOR_CLINICAL_DECISION_MAKING
CASE-V3-00854,PAT-V3-00854,FAM_YEL_06,CONCEPT_DEEP_LACERATION,FAM_YEL_06_T04,15,OTHER,or,"ଲୁହା ଚାଦର ବାଜି ହାତପାପୁଲି ଗଭୀର କଟିବା, ଭିତର ଚର୍ବି ଦିଶୁଛି","ଆଙ୍ଗୁଠି ବଙ୍କା ହେଉଛି କିନ୍ତୁ ଭୀଷଣ ବିନ୍ଧା, ଗଜ୍ ପଟି ଦ୍ୱାରା ରକ୍ତସ୍ରାବ ବନ୍ଦ ଅଛି",industrial_hand_cut; palmar_laceration; tendon_intact,1.0,8.0,copd,"dust_mites, pollen",not_applicable,102.0,140.0,78.0,98.0,37.0,20.0,NONE,YELLOW,none,true,true,false,prohibited,offline_technical_pipeline_validation,SYNTHETIC_DATA_UNVALIDATED_FOR_STRUCTURAL_TESTING_ONLY_DO_NOT_USE_FOR_CLINICAL_DECISION_MAKING
CASE-V3-00855,PAT-V3-00855,FAM_GRN_06,CONCEPT_MILD_DYSPEPSIA,FAM_GRN_06_T01,48,MALE,hi,देर रात तला-भुना खाने के बाद पेट के ऊपरी हिस्से में हल्की जलन जो एंटासिड से कम होती है,"लेटने पर गले में खट्टा पानी, पेट छूने पर बिल्कुल नरम, कोई उल्टी नहीं, वजन कम नहीं हुआ",epigastric_burning; postprandial_distress; acid_regurgitation; relieved_by_antacid; no_red_flags,12.0,2.0,copd,amoxicillin,not_applicable,83.0,122.0,74.0,100.0,36.6,16.0,NONE,GREEN,none,true,true,false,prohibited,offline_technical_pipeline_validation,SYNTHETIC_DATA_UNVALIDATED_FOR_STRUCTURAL_TESTING_ONLY_DO_NOT_USE_FOR_CLINICAL_DECISION_MAKING
CASE-V3-00861,PAT-V3-00861,FAM_GRN_04,CONCEPT_SUPERFICIAL_ABRASION,FAM_GRN_04_T01,24,OTHER,en,Superficial skin graze on right knee from stumbling on pavement,"Minor surface scrape with capillary oozing stopped by tissue, knee joint bends fully without bone tenderness",superficial_knee_graze; epidermal_loss_only; oozing_stopped; clean_margins; full_mobility,8.0,4.0,osteoarthritis,ciprofloxacin,not_applicable,87.0,117.0,70.0,100.0,36.9,15.0,NONE,GREEN,none,true,true,false,prohibited,offline_technical_pipeline_validation,SYNTHETIC_DATA_UNVALIDATED_FOR_STRUCTURAL_TESTING_ONLY_DO_NOT_USE_FOR_CLINICAL_DECISION_MAKING
CASE-V3-00862,PAT-V3-00862,FAM_GRN_09,CONCEPT_SUPERFICIAL_FOLLICULITIS,FAM_GRN_09_T04,31,MALE,or,ବାହୁ ଉପରେ ବାଳ ବୁଲିଯିବା ଯୋଗୁଁ ଲାଲ୍ ଦାନା ଓ ସାମାନ୍ୟ କଷ୍ଟ,"ଭିତରେ ମୋଡ଼ି ହୋଇଥିବା ବାଳ, ଚିପିଲେ ସାମାନ୍ୟ ବିନ୍ଧା, ପୂଜ ନାହିଁ, ଜ୍ୱର ନାହିଁ",superficial_skin_infection_minor; localized; clean_margins,96.0,1.0,asthma,ciprofloxacin,not_applicable,75.0,121.0,74.0,100.0,36.8,15.0,NONE,GREEN,none,true,true,false,prohibited,offline_technical_pipeline_validation,SYNTHETIC_DATA_UNVALIDATED_FOR_STRUCTURAL_TESTING_ONLY_DO_NOT_USE_FOR_CLINICAL_DECISION_MAKING
CASE-V3-00863,PAT-V3-00863,FAM_YEL_16,CONCEPT_ACUTE_MONOARTHRITIS,FAM_YEL_16_T01,62,FEMALE,hi,"रात तीन बजे पैर के अंगूठे में भयानक लाल गर्म सूजन, चादर का स्पर्श भी असहनीय","अंगूठे का जोड़ बिल्कुल लाल और तपा हुआ, हवा लगने से भी चीख निकलना, पैर जमीन पर न रख पाना",acute_first_mtp_erythema; podagra; severe_joint_tenderness; bedsheet_intolerance,24.0,9.0,migraine,nsaids,not_applicable,106.0,142.0,86.0,100.0,38.0,17.0,NONE,YELLOW,none,true,true,false,prohibited,offline_technical_pipeline_validation,SYNTHETIC_DATA_UNVALIDATED_FOR_STRUCTURAL_TESTING_ONLY_DO_NOT_USE_FOR_CLINICAL_DECISION_MAKING
CASE-V3-00865,PAT-V3-00865,FAM_YEL_11,CONCEPT_PELVIC_INFLAMMATORY_DISEASE,FAM_YEL_11_T05,30,OTHER,or,"ତଳ ପେଟର ଦୁଇ ପାଖ ଛୁଇଁଲେ କଷ୍ଟ, ମୁଣ୍ଡ ତାତିବା ଓ ଦୁର୍ବଳ ଲାଗିବା","୪୮ ଘଣ୍ଟା ଧରି କଷ୍ଟ, ପରିସ୍ରା ରଖିଲେ ଆହୁରି ବିନ୍ଧା, ଜ୍ୱର ବାରମ୍ବାର ଆସୁଛି",acute_adnexal_inflammation; lower_abdominal_tenderness; chills,72.0,8.0,allergic_rhinitis,unknown,not_applicable,92.0,113.0,75.0,98.0,38.5,20.0,NONE,YELLOW,none,true,true,false,prohibited,offline_technical_pipeline_validation,SYNTHETIC_DATA_UNVALIDATED_FOR_STRUCTURAL_TESTING_ONLY_DO_NOT_USE_FOR_CLINICAL_DECISION_MAKING
CASE-V3-00866,PAT-V3-00866,FAM_GRN_03,CONCEPT_ALLERGIC_RHINITIS,FAM_GRN_03_T02,34,MALE,or,"ଘାସ କାଟିବା ପରେ ଦୁଇ ଆଖି ନାଲି ପଡ଼ି କୁଣ୍ଡାଇ ହେବା, ପୂଜ ନାହିଁ","ଉଭୟ ଆଖି ଗୋଲାପୀ ଓ ଲୁହଭରା, ପତା ସାମାନ୍ୟ ଫୁଲା, ଦୃଷ୍ଟି ସ୍ପଷ୍ଟ, କୌଣସି କଷ୍ଟ ନାହିଁ",allergic_conjunctivitis; bilateral_ocular_itching; no_purulent_discharge,120.0,1.0,chronic_kidney_disease_stage_2,none_known,not_applicable,75.0,125.0,71.0,99.0,36.6,14.0,NONE,GREEN,none,true,true,false,prohibited,offline_technical_pipeline_validation,SYNTHETIC_DATA_UNVALIDATED_FOR_STRUCTURAL_TESTING_ONLY_DO_NOT_USE_FOR_CLINICAL_DECISION_MAKING
CASE-V3-00867,PAT-V3-00867,FAM_GRN_01,CONCEPT_VIRAL_UPPER_RESPIRATORY_INFECTION,FAM_GRN_01_T04,71,FEMALE,hi,गले में सूखापन और दिन भर बार-बार नाक साफ करना,"रुमाल का इस्तेमाल, गर्म चाय पीने से आराम, शरीर का तापमान सामान्य, सांस बिल्कुल ठीक",mild_rhinitis; intermittent_throat_clearing; normal_vitals,48.0,1.0,coronary_artery_disease,penicillin,not_applicable,78.0,117.0,71.0,98.0,37.2,15.0,NONE,GREEN,none,true,true,false,prohibited,offline_technical_pipeline_validation,SYNTHETIC_DATA_UNVALIDATED_FOR_STRUCTURAL_TESTING_ONLY_DO_NOT_USE_FOR_CLINICAL_DECISION_MAKING
CASE-V3-00868,PAT-V3-00868,FAM_YEL_20,CONCEPT_SYMPTOMATIC_TACHYCARDIA_STABLE,FAM_YEL_20_T04,67,MALE,or,ପାହାଚ ଚଢ଼ିଲା ବେଳେ ହୃଦସ୍ପନ୍ଦନ ଅନିୟନ୍ତ୍ରିତ ହେବା ଓ ଶ୍ୱାସ ଫୁଲିବା,"ସ୍ପନ୍ଦନ ବନ୍ଦ ହୋଇ ପୁଣି ଦ୍ରୁତ ହେବା, ଛାତିରେ କମ୍ପନ, ହାତକୁ କଷ୍ଟ ବ୍ୟାପୁନାହିଁ",tachyarrhythmia_normotensive; shortness_of_breath_on_exertion; pulse_irregularity,8.0,3.0,coronary_artery_disease,ciprofloxacin,not_applicable,133.0,132.0,90.0,96.0,36.7,22.0,NONE,YELLOW,none,true,true,false,prohibited,offline_technical_pipeline_validation,SYNTHETIC_DATA_UNVALIDATED_FOR_STRUCTURAL_TESTING_ONLY_DO_NOT_USE_FOR_CLINICAL_DECISION_MAKING
CASE-V3-00872,PAT-V3-00872,FAM_YEL_10,CONCEPT_ACUTE_DIVERTICULITIS,FAM_YEL_10_T04,80,MALE,or,କୋଷ୍ଠକାଠିନ୍ୟ ପରେ ବାମ ପେଟରେ ବିନ୍ଧା ଓ ୩୮.୪ ଡିଗ୍ରୀ ଜ୍ୱର,"ଚିପିଲେ ତୀକ୍ଷ୍ଣ କଷ୍ଟ, ବାୟୁ ଛାଡ଼ିଲେ ସାମାନ୍ୟ ଆଶ୍ୱସ୍ତି କିନ୍ତୁ ଜ୍ୱର ଲାଗିରହିଛି",subacute_diverticular_flare; localized_tenderness; pyrexia,48.0,6.0,osteoarthritis,nsaids,not_applicable,93.0,138.0,92.0,99.0,38.1,18.0,NONE,YELLOW,none,true,true,false,prohibited,offline_technical_pipeline_validation,SYNTHETIC_DATA_UNVALIDATED_FOR_STRUCTURAL_TESTING_ONLY_DO_NOT_USE_FOR_CLINICAL_DECISION_MAKING
CASE-V3-00873,PAT-V3-00873,FAM_YEL_11,CONCEPT_PELVIC_INFLAMMATORY_DISEASE,FAM_YEL_11_T02,43,OTHER,or,"ଜରାୟୁ ପାଖରେ ଭୀଷଣ କଷ୍ଟ, ହଳଦିଆ ସ୍ରାବ ଓ ଥଣ୍ଡା ଲାଗିବା","ବସିବା ମାତ୍ରେ ଝଟକା କଷ୍ଟ, ପ୍ରବଳ ଜ୍ୱର, ବାନ୍ତି ଭାବ ଓ ଦୁର୍ବଳତା",acute_salpingitis_suspect; pelvic_fullness; dyspareunia; malaise,72.0,6.0,chronic_kidney_disease_stage_2,nsaids,not_applicable,99.0,127.0,78.0,99.0,38.4,22.0,NONE,YELLOW,none,true,true,false,prohibited,offline_technical_pipeline_validation,SYNTHETIC_DATA_UNVALIDATED_FOR_STRUCTURAL_TESTING_ONLY_DO_NOT_USE_FOR_CLINICAL_DECISION_MAKING
CASE-V3-00875,PAT-V3-00875,FAM_GRN_09,CONCEPT_SUPERFICIAL_FOLLICULITIS,FAM_GRN_09_T03,39,MALE,en,Small tender boil on buttock hurting when sitting on hard chair,"Single pea-sized firm nodule with yellow point, no red streaks, walked into clinic normally",isolated_furuncle_early; pointed_head; local_tenderness,48.0,1.0,epilepsy,aspirin,not_applicable,81.0,121.0,82.0,100.0,36.8,14.0,NONE,GREEN,none,true,true,false,prohibited,offline_technical_pipeline_validation,SYNTHETIC_DATA_UNVALIDATED_FOR_STRUCTURAL_TESTING_ONLY_DO_NOT_USE_FOR_CLINICAL_DECISION_MAKING
CASE-V3-00876,PAT-V3-00876,FAM_YEL_19,CONCEPT_PERITONSILLAR_ABSCESS,FAM_YEL_19_T04,35,MALE,hi,"गले में दाहिनी तरफ मवाद जैसा दर्द, जबड़ा बंद और बोलने में तकलीफ","एंटीबायोटिक लेने पर भी आराम नहीं, गर्दन की गांठ में दर्द, तेज बुखार",tonsillar_abscess_progression; muffled_speech; high_fever,96.0,9.0,none_reported,"dust_mites, pollen",not_applicable,94.0,128.0,81.0,96.0,38.4,20.0,NONE,YELLOW,none,true,true,false,prohibited,offline_technical_pipeline_validation,SYNTHETIC_DATA_UNVALIDATED_FOR_STRUCTURAL_TESTING_ONLY_DO_NOT_USE_FOR_CLINICAL_DECISION_MAKING
CASE-V3-00877,PAT-V3-00877,FAM_YEL_14,CONCEPT_SPREADING_CELLULITIS,FAM_YEL_14_T05,30,FEMALE,en,Swollen tender purple-red eyelid in child following mosquito bite,"Eye movements normal without pain behind eye, lid warm and puffy, mild fever",periorbital_cellulitis_mild; localized_edema; intact_extraocular_movements,72.0,6.0,gastroesophageal_reflux,sulfa_drugs,no,90.0,128.0,81.0,100.0,38.5,22.0,NONE,YELLOW,none,true,true,false,prohibited,offline_technical_pipeline_validation,SYNTHETIC_DATA_UNVALIDATED_FOR_STRUCTURAL_TESTING_ONLY_DO_NOT_USE_FOR_CLINICAL_DECISION_MAKING
CASE-V3-00878,PAT-V3-00878,FAM_YEL_11,CONCEPT_PELVIC_INFLAMMATORY_DISEASE,FAM_YEL_11_T02,36,MALE,hi,"गर्भाशय के पास भयानक मरोड़, पीला स्राव और ठंड लगना","बैठने पर झटके जैसा दर्द, तेज बुखार, उल्टी का मन और तीन दिन से भारी कमजोरी",acute_salpingitis_suspect; pelvic_fullness; dyspareunia; malaise,72.0,8.0,"hypertension, type_2_diabetes",none_known,not_applicable,103.0,112.0,76.0,100.0,38.5,20.0,NONE,YELLOW,none,true,true,false,prohibited,offline_technical_pipeline_validation,SYNTHETIC_DATA_UNVALIDATED_FOR_STRUCTURAL_TESTING_ONLY_DO_NOT_USE_FOR_CLINICAL_DECISION_MAKING
CASE-V3-00879,PAT-V3-00879,FAM_YEL_20,CONCEPT_SYMPTOMATIC_TACHYCARDIA_STABLE,FAM_YEL_20_T03,62,MALE,en,"Rapid fluttering palpitations started while drinking tea, rate feels over 130","Fast steady thumping, tried coughing and cold water without resetting rhythm, warm skin",paroxysmal_supraventricular_tachycardia_stable; throat_flutter; anxiety,2.0,3.0,epilepsy,none_known,not_applicable,126.0,142.0,85.0,98.0,36.6,21.0,NONE,YELLOW,none,true,true,false,prohibited,offline_technical_pipeline_validation,SYNTHETIC_DATA_UNVALIDATED_FOR_STRUCTURAL_TESTING_ONLY_DO_NOT_USE_FOR_CLINICAL_DECISION_MAKING
CASE-V3-00880,PAT-V3-00880,FAM_GRN_02,CONCEPT_TENSION_HEADACHE,FAM_GRN_02_T01,54,OTHER,en,Mild band-like pressure across forehead after prolonged computer screen work,"Dull steady tightening band around temples, no nausea, light does not bother eyes, neck muscles slightly stiff",bilateral_band_like_pressure; non_pulsatile_headache; no_photophobia; no_vomiting; neck_tightness,48.0,2.0,gastroesophageal_reflux,ciprofloxacin,not_applicable,80.0,116.0,83.0,99.0,36.6,16.0,NONE,GREEN,none,true,true,false,prohibited,offline_technical_pipeline_validation,SYNTHETIC_DATA_UNVALIDATED_FOR_STRUCTURAL_TESTING_ONLY_DO_NOT_USE_FOR_CLINICAL_DECISION_MAKING
CASE-V3-00882,PAT-V3-00882,FAM_GRN_06,CONCEPT_MILD_DYSPEPSIA,FAM_GRN_06_T03,63,OTHER,or,"ମଧ୍ୟାହ୍ନ ଭୋଜନ ପରେ ପେଟ ଫାମ୍ପିବା ଓ ଭାରୀ ଲାଗିବା, ହଜମ ଔଷଧ ଦରକାର","ପେଟ ଫୁଲି ରହିବା, ଢେକୁର ଆସିଲେ ହାଲୁକା ଲାଗିବା, ଝାଡ଼ା ସମ୍ପୂର୍ଣ୍ଣ ସ୍ୱାଭାବିକ",functional_dyspepsia; postprandial_bloating; mild_epigastric_ache,48.0,3.0,epilepsy,ciprofloxacin,not_applicable,76.0,130.0,77.0,100.0,36.8,17.0,NONE,GREEN,none,true,true,false,prohibited,offline_technical_pipeline_validation,SYNTHETIC_DATA_UNVALIDATED_FOR_STRUCTURAL_TESTING_ONLY_DO_NOT_USE_FOR_CLINICAL_DECISION_MAKING
CASE-V3-00883,PAT-V3-00883,FAM_GRN_04,CONCEPT_SUPERFICIAL_ABRASION,FAM_GRN_04_T01,55,FEMALE,hi,फुटपाथ पर फिसलने से दाहिने घुटने की चमड़ी छिलना और मामूली खरोंच,"सतही खरोंच, खून का रिसाव बंद हो चुका है, घुटना पूरी तरह मुड़ रहा है, हड्डी में कोई दर्द नहीं",superficial_knee_graze; epidermal_loss_only; oozing_stopped; clean_margins; full_mobility,4.0,3.0,asthma,unknown,no,72.0,118.0,76.0,99.0,37.0,15.0,NONE,GREEN,none,true,true,false,prohibited,offline_technical_pipeline_validation,SYNTHETIC_DATA_UNVALIDATED_FOR_STRUCTURAL_TESTING_ONLY_DO_NOT_USE_FOR_CLINICAL_DECISION_MAKING
CASE-V3-00886,PAT-V3-00886,FAM_GRN_15,CONCEPT_CHRONIC_TINNITUS,FAM_GRN_15_T01,60,MALE,or,"୩ ମାସ ହେଲା ଦୁଇ କାନରେ ଝିଁ-ଝିଁ ଶବ୍ଦ ଶୁଭିବା, ବିଶେଷ କରି ରାତିରେ","ଶାନ୍ତ ପରିବେଶରେ ଝିଣ୍ଟିକା ଶବ୍ଦ ଭଳି ଲାଗିବା, କଥା ଶୁଣି ହେଉଛି, ମୁଣ୍ଡ ବୁଲାଉ ନାହିଁ, କାନ ବିନ୍ଧା ନାହିଁ",bilateral_high_pitched_tinnitus; gradual_onset_months; non_pulsatile; stable_hearing; no_vertigo,720.0,0.0,dyslipidemia,penicillin,not_applicable,68.0,130.0,77.0,99.0,36.8,16.0,NONE,GREEN,none,true,true,false,prohibited,offline_technical_pipeline_validation,SYNTHETIC_DATA_UNVALIDATED_FOR_STRUCTURAL_TESTING_ONLY_DO_NOT_USE_FOR_CLINICAL_DECISION_MAKING
CASE-V3-00887,PAT-V3-00887,FAM_YEL_07,CONCEPT_EXTREMITY_FRACTURE,FAM_YEL_07_T03,71,OTHER,or,ହାତ ଟଣା ହେବା ପରେ କାନ୍ଧ ଖସିଯିବା ଭଳି କଷ୍ଟ ଓ ହାତ ହଲାଇ ନପାରିବା,"କାନ୍ଧର ଗୋଲ ଆକାର ଚେପ୍ଟା ହୋଇଛି, ଅନ୍ୟ ହାତରେ କହୁଣୀ ଧରିଛନ୍ତି, ଅସହ୍ୟ ବିନ୍ଧା",shoulder_dislocation_suspect; squaring_of_shoulder; acute_immobility,2.0,7.0,gastroesophageal_reflux,none_known,not_applicable,89.0,131.0,86.0,99.0,37.1,16.0,NONE,YELLOW,none,true,true,false,prohibited,offline_technical_pipeline_validation,SYNTHETIC_DATA_UNVALIDATED_FOR_STRUCTURAL_TESTING_ONLY_DO_NOT_USE_FOR_CLINICAL_DECISION_MAKING
CASE-V3-00889,PAT-V3-00889,FAM_YEL_19,CONCEPT_PERITONSILLAR_ABSCESS,FAM_YEL_19_T05,21,MALE,hi,"खाना या गोली निगलने में असमर्थ, जबड़े के नीचे तेज दर्द और सूजन","लार बाहर निकालना, गर्दन के ऊपरी हिस्से में भारी दर्द, मुंह नहीं खुल रहा, 38.8C बुखार",deep_neck_space_infection_risk; trismus; pyrexia,72.0,7.0,type_2_diabetes,"dust_mites, pollen",not_applicable,101.0,139.0,84.0,99.0,38.8,19.0,NONE,YELLOW,none,true,true,false,prohibited,offline_technical_pipeline_validation,SYNTHETIC_DATA_UNVALIDATED_FOR_STRUCTURAL_TESTING_ONLY_DO_NOT_USE_FOR_CLINICAL_DECISION_MAKING
CASE-V3-00890,PAT-V3-00890,FAM_YEL_11,CONCEPT_PELVIC_INFLAMMATORY_DISEASE,FAM_YEL_11_T01,21,FEMALE,hi,"पेल्विस के दोनों तरफ तेज दर्द, तेज बुखार और बदबूदार स्राव","पेट के निचले दोनों हिस्सों में गहरा दर्द, चलने पर तकलीफ बढ़ना, कंपकंपी वाला बुखार",bilateral_lower_abdominal_pain; cervical_motion_tenderness_suspect; purulent_vaginal_discharge; fever,72.0,6.0,hypothyroidism,sulfa_drugs,no,102.0,122.0,76.0,98.0,38.6,19.0,NONE,YELLOW,none,true,true,false,prohibited,offline_technical_pipeline_validation,SYNTHETIC_DATA_UNVALIDATED_FOR_STRUCTURAL_TESTING_ONLY_DO_NOT_USE_FOR_CLINICAL_DECISION_MAKING
CASE-V3-00891,PAT-V3-00891,FAM_GRN_04,CONCEPT_SUPERFICIAL_ABRASION,FAM_GRN_04_T04,24,FEMALE,or,ସାଇକେଲ ପେଡାଲ୍ ବାଜି ନଳି ହାଡ଼ରେ ସାମାନ୍ୟ ରାମ୍ପୁଡ଼ା,"ଚମଡ଼ା ଉପରେ ଶୁଖିଲା ଖସରା, ବିନା ଛୋଟେଇ ଚାଲୁଛନ୍ତି, ଗଭୀର କଟା ନାହିଁ, କାଲୁଆ ନାହିଁ",shin_scrape_pedal; minor_bruise; ambulatory,2.0,3.0,hypothyroidism,none_known,yes,81.0,130.0,80.0,100.0,36.8,14.0,NONE,GREEN,none,true,true,false,prohibited,offline_technical_pipeline_validation,SYNTHETIC_DATA_UNVALIDATED_FOR_STRUCTURAL_TESTING_ONLY_DO_NOT_USE_FOR_CLINICAL_DECISION_MAKING
CASE-V3-00892,PAT-V3-00892,FAM_YEL_14,CONCEPT_SPREADING_CELLULITIS,FAM_YEL_14_T04,47,OTHER,or,ମଧୁମେହ ରୋଗୀଙ୍କ ବୁଢ଼ା ଆଙ୍ଗୁଠି ଚାରିପାଖେ ଲାଲ୍ ଫୁଲା ଉପରକୁ ମାଡ଼ିବା,"ଗୋଡ଼ ପାପୁଲି ଉଷୁମ, ନଖ କୋଣରୁ ପୂଜ ବାହାରିବା, ଜୋତା ପିନ୍ଧି ହେଉନାହିଁ",diabetic_foot_cellulitis_early; localized_erythema; tenderness,24.0,7.0,type_2_diabetes,none_known,not_applicable,97.0,128.0,87.0,99.0,38.2,22.0,NONE,YELLOW,none,true,true,false,prohibited,offline_technical_pipeline_validation,SYNTHETIC_DATA_UNVALIDATED_FOR_STRUCTURAL_TESTING_ONLY_DO_NOT_USE_FOR_CLINICAL_DECISION_MAKING
CASE-V3-00896,PAT-V3-00896,FAM_YEL_11,CONCEPT_PELVIC_INFLAMMATORY_DISEASE,FAM_YEL_11_T03,20,MALE,or,"ତଳ ପେଟର ଦୁଇ ପାଖରେ ବିନ୍ଧା, ପରିସ୍ରାରେ ପୋଡ଼ାଜଳା ଓ ଜ୍ୱର","ପେଲଭିକ୍ ହାଡ଼ ଉପରେ କଷ୍ଟ, ସଳଖ ହୋଇ ଛିଡ଼ା ହୋଇପାରୁ ନାହାନ୍ତି, ୩୮.୬ ଡିଗ୍ରୀ ଉତ୍ତାପ",pelvic_peritonitis_localized; lower_quadrant_guarding; pyrexia,96.0,6.0,"hypertension, type_2_diabetes",none_known,not_applicable,95.0,112.0,78.0,99.0,38.1,22.0,NONE,YELLOW,none,true,true,false,prohibited,offline_technical_pipeline_validation,SYNTHETIC_DATA_UNVALIDATED_FOR_STRUCTURAL_TESTING_ONLY_DO_NOT_USE_FOR_CLINICAL_DECISION_MAKING
CASE-V3-00897,PAT-V3-00897,FAM_YEL_18,CONCEPT_SECOND_DEGREE_BURN,FAM_YEL_18_T02,27,MALE,hi,खाना बनाते समय खौलता तेल हाथ पर छलकने से चमड़ी उधड़ना और फफोले,"हाथ की चमड़ी लाल और छालेदार, उंगलियों के बीच तेज जलन, पानी से धोने पर भी दर्द",hot_oil_splash_burn; partial_thickness; blistering; dressing_needed,2.0,8.0,allergic_rhinitis,none_known,not_applicable,88.0,122.0,82.0,100.0,36.8,18.0,NONE,YELLOW,none,true,true,false,prohibited,offline_technical_pipeline_validation,SYNTHETIC_DATA_UNVALIDATED_FOR_STRUCTURAL_TESTING_ONLY_DO_NOT_USE_FOR_CLINICAL_DECISION_MAKING
CASE-V3-00898,PAT-V3-00898,FAM_YEL_11,CONCEPT_PELVIC_INFLAMMATORY_DISEASE,FAM_YEL_11_T02,18,MALE,en,Intense cramping across womb area with heavy yellow discharge and chills,"Jarring pain when sitting down, high temperature, nausea and profound weakness for 3 days",acute_salpingitis_suspect; pelvic_fullness; dyspareunia; malaise,96.0,6.0,none_reported,none_known,not_applicable,102.0,116.0,71.0,99.0,38.2,21.0,NONE,YELLOW,none,true,true,false,prohibited,offline_technical_pipeline_validation,SYNTHETIC_DATA_UNVALIDATED_FOR_STRUCTURAL_TESTING_ONLY_DO_NOT_USE_FOR_CLINICAL_DECISION_MAKING
CASE-V3-00899,PAT-V3-00899,FAM_GRN_05,CONCEPT_CHRONIC_KNEE_OSTEOARTHRITIS,FAM_GRN_05_T03,82,OTHER,or,ବଜାର କରିବା ପରେ ଡାହାଣ ଆଣ୍ଠୁର ଭିତର ପାଖରେ ବିନ୍ଧା,"ହାଡ଼ ସାମାନ୍ୟ ମୋଟା ଲାଗିବା, ଲାଲ୍ ନାହିଁ, ଚୌକିରେ ଗୋଡ଼ ଲମ୍ବାଇଲେ ଆରାମ ଲାଗୁଛି",degenerative_joint_ache; mild_swelling_chronic; mobile,168.0,5.0,migraine,sulfa_drugs,not_applicable,77.0,139.0,83.0,99.0,36.9,17.0,NONE,GREEN,none,true,true,false,prohibited,offline_technical_pipeline_validation,SYNTHETIC_DATA_UNVALIDATED_FOR_STRUCTURAL_TESTING_ONLY_DO_NOT_USE_FOR_CLINICAL_DECISION_MAKING
CASE-V3-00900,PAT-V3-00900,FAM_YEL_05,CONCEPT_ACUTE_PYELONEPHRITIS,FAM_YEL_05_T02,38,OTHER,en,Back ache in kidney area with persistent vomiting and 102F fever,"Cannot keep fluids down, agonizing tenderness over left costovertebral angle, dark cloudy urine",upper_urinary_tract_infection; loin_tenderness; persistent_vomiting,72.0,7.0,copd,none_known,not_applicable,118.0,138.0,80.0,99.0,38.7,18.0,NONE,YELLOW,none,true,true,false,prohibited,offline_technical_pipeline_validation,SYNTHETIC_DATA_UNVALIDATED_FOR_STRUCTURAL_TESTING_ONLY_DO_NOT_USE_FOR_CLINICAL_DECISION_MAKING
CASE-V3-00901,PAT-V3-00901,FAM_GRN_09,CONCEPT_SUPERFICIAL_FOLLICULITIS,FAM_GRN_09_T05,48,MALE,or,ବ୍ୟାୟାମରେ ଝାଳ ବୋହିବା ପରେ ପିଠିରେ ଝାଳବଥ ଓ କୁଣ୍ଡାଇ ହେବା,"ଛୋଟ ଲାଲ୍ ଦାନା, ଥଣ୍ଡା ପାଣିରେ ଗାଧୋଇଲେ ଆରାମ, ଦେହର ଉତ୍ତାପ ସ୍ୱାଭାବିକ",sweat_folliculitis; mild_pruritus; circumscribed,96.0,3.0,"hypertension, type_2_diabetes",ciprofloxacin,not_applicable,79.0,113.0,80.0,99.0,37.1,15.0,NONE,GREEN,none,true,true,false,prohibited,offline_technical_pipeline_validation,SYNTHETIC_DATA_UNVALIDATED_FOR_STRUCTURAL_TESTING_ONLY_DO_NOT_USE_FOR_CLINICAL_DECISION_MAKING
CASE-V3-00902,PAT-V3-00902,FAM_GRN_03,CONCEPT_ALLERGIC_RHINITIS,FAM_GRN_03_T04,52,MALE,en,Red itchy eyes and runny nose after cleaning dusty bookshelves,"Immediate reaction to dust, clear nasal fluid, no sore throat, feels well otherwise",dust_allergy; conjunctival_hyperemia_mild; clear_lacrimation,120.0,2.0,coronary_artery_disease,none_known,not_applicable,76.0,122.0,82.0,100.0,36.8,14.0,NONE,GREEN,none,true,true,false,prohibited,offline_technical_pipeline_validation,SYNTHETIC_DATA_UNVALIDATED_FOR_STRUCTURAL_TESTING_ONLY_DO_NOT_USE_FOR_CLINICAL_DECISION_MAKING
CASE-V3-00903,PAT-V3-00903,FAM_GRN_19,CONCEPT_CHRONIC_ONYCHOMYCOSIS,FAM_GRN_19_T02,26,MALE,en,Rough yellowed toenails wanting antifungal paint prescription,"Both big toenails opaque and thickened, difficult to cut with ordinary clippers, non-tender",fungal_nail_infection; dystrophic_nail_plate; cosmetic_concern,720.0,0.0,chronic_kidney_disease_stage_2,none_known,not_applicable,80.0,121.0,81.0,99.0,37.0,17.0,NONE,GREEN,none,true,true,false,prohibited,offline_technical_pipeline_validation,SYNTHETIC_DATA_UNVALIDATED_FOR_STRUCTURAL_TESTING_ONLY_DO_NOT_USE_FOR_CLINICAL_DECISION_MAKING
CASE-V3-00906,PAT-V3-00906,FAM_GRN_03,CONCEPT_ALLERGIC_RHINITIS,FAM_GRN_03_T04,34,MALE,hi,धूल की किताबें साफ करने के बाद आंखों में लाली और नाक बहना,"धूल लगते ही आंखें लाल, नाक से साफ पानी, गले में कोई दर्द नहीं, बाकी सब ठीक",dust_allergy; conjunctival_hyperemia_mild; clear_lacrimation,72.0,2.0,dyslipidemia,none_known,not_applicable,82.0,126.0,70.0,98.0,36.6,16.0,NONE,GREEN,none,true,true,false,prohibited,offline_technical_pipeline_validation,SYNTHETIC_DATA_UNVALIDATED_FOR_STRUCTURAL_TESTING_ONLY_DO_NOT_USE_FOR_CLINICAL_DECISION_MAKING
CASE-V3-00907,PAT-V3-00907,FAM_GRN_19,CONCEPT_CHRONIC_ONYCHOMYCOSIS,FAM_GRN_19_T05,45,OTHER,hi,नाखून के फंगस की गोली के बारे में डॉक्टर से सलाह लेने आए हैं,"नाखून में कोई दर्द नहीं, रोज 5 किमी घूमते हैं, सामान्य स्वास्थ्य उत्तम",painless_nail_thickening; antifungal_advice; afebrile,4320.0,0.0,chronic_kidney_disease_stage_2,ciprofloxacin,not_applicable,74.0,120.0,82.0,99.0,36.9,17.0,NONE,GREEN,none,true,true,false,prohibited,offline_technical_pipeline_validation,SYNTHETIC_DATA_UNVALIDATED_FOR_STRUCTURAL_TESTING_ONLY_DO_NOT_USE_FOR_CLINICAL_DECISION_MAKING
CASE-V3-00908,PAT-V3-00908,FAM_YEL_15,CONCEPT_HEAD_INJURY_CONCUSSION,FAM_YEL_15_T04,55,OTHER,hi,साइकिल से गिरने के बाद सिर में तेज दर्द और रोशनी से घबराहट,"सिर के दोनों तरफ भारी दर्द, आंखें खोलने में तकलीफ, चलने में संतुलन ठीक है",cranial_contusion; photophobia_post_trauma; gcs_normal,2.0,7.0,migraine,penicillin,not_applicable,93.0,138.0,87.0,99.0,36.9,19.0,NONE,YELLOW,none,true,true,false,prohibited,offline_technical_pipeline_validation,SYNTHETIC_DATA_UNVALIDATED_FOR_STRUCTURAL_TESTING_ONLY_DO_NOT_USE_FOR_CLINICAL_DECISION_MAKING
CASE-V3-00909,PAT-V3-00909,FAM_YEL_13,CONCEPT_CORNEAL_ABRASION_EYE_INJURY,FAM_YEL_13_T03,20,FEMALE,en,Grinding metal spark flew into eye causing constant sharp stabbing,"Feeling of metal grit scratch with every blink, cannot tolerate room lighting, vision slightly blurred",metallic_foreign_body_eye; corneal_abrasion; visual_blurring_mild,4.0,8.0,coronary_artery_disease,ciprofloxacin,no,84.0,131.0,87.0,99.0,36.6,19.0,NONE,YELLOW,none,true,true,false,prohibited,offline_technical_pipeline_validation,SYNTHETIC_DATA_UNVALIDATED_FOR_STRUCTURAL_TESTING_ONLY_DO_NOT_USE_FOR_CLINICAL_DECISION_MAKING
CASE-V3-00910,PAT-V3-00910,FAM_GRN_19,CONCEPT_CHRONIC_ONYCHOMYCOSIS,FAM_GRN_19_T05,35,MALE,en,Yellow thickened toenail consultation for oral tablets advice,"Asymptomatic toenail thickening, liver history normal, walks 5km daily without difficulty",painless_nail_thickening; antifungal_advice; afebrile,2160.0,0.0,gastroesophageal_reflux,ciprofloxacin,not_applicable,70.0,116.0,74.0,100.0,37.0,17.0,NONE,GREEN,none,true,true,false,prohibited,offline_technical_pipeline_validation,SYNTHETIC_DATA_UNVALIDATED_FOR_STRUCTURAL_TESTING_ONLY_DO_NOT_USE_FOR_CLINICAL_DECISION_MAKING
CASE-V3-00911,PAT-V3-00911,FAM_GRN_03,CONCEPT_ALLERGIC_RHINITIS,FAM_GRN_03_T05,39,MALE,hi,फूलों के मौसम में सुबह उठते ही आंखों में पानी और नाक बहना,"नहाने के बाद छींकों में कमी, तालू में हल्की खुजली, भूख अच्छी, छाती में कोई घरघराहट नहीं",rhinoconjunctivitis; intermittent_sneezing; normal_chest_sounds,72.0,2.0,osteoarthritis,amoxicillin,not_applicable,68.0,127.0,79.0,98.0,37.1,17.0,NONE,GREEN,none,true,true,false,prohibited,offline_technical_pipeline_validation,SYNTHETIC_DATA_UNVALIDATED_FOR_STRUCTURAL_TESTING_ONLY_DO_NOT_USE_FOR_CLINICAL_DECISION_MAKING
CASE-V3-00913,PAT-V3-00913,FAM_GRN_06,CONCEPT_MILD_DYSPEPSIA,FAM_GRN_06_T02,45,FEMALE,hi,मसालेदार चाय के बाद खट्टी डकारें और छाती के बीच में हल्की गर्माहट,"गले तक हल्की जलन उठना, पानी पीने पर शांत होना, चलने पर दर्द नहीं, सांस पूरी आ रही",gastroesophageal_reflux_mild; waterbrash; retrosternal_warmth,6.0,2.0,chronic_kidney_disease_stage_2,aspirin,no,85.0,122.0,76.0,100.0,36.9,15.0,NONE,GREEN,none,true,true,false,prohibited,offline_technical_pipeline_validation,SYNTHETIC_DATA_UNVALIDATED_FOR_STRUCTURAL_TESTING_ONLY_DO_NOT_USE_FOR_CLINICAL_DECISION_MAKING
CASE-V3-00914,PAT-V3-00914,FAM_GRN_05,CONCEPT_CHRONIC_KNEE_OSTEOARTHRITIS,FAM_GRN_05_T03,58,MALE,or,ବଜାର କରିବା ପରେ ଡାହାଣ ଆଣ୍ଠୁର ଭିତର ପାଖରେ ବିନ୍ଧା,"ହାଡ଼ ସାମାନ୍ୟ ମୋଟା ଲାଗିବା, ଲାଲ୍ ନାହିଁ, ଚୌକିରେ ଗୋଡ଼ ଲମ୍ବାଇଲେ ଆରାମ ଲାଗୁଛି",degenerative_joint_ache; mild_swelling_chronic; mobile,72.0,5.0,hypothyroidism,amoxicillin,not_applicable,68.0,132.0,75.0,97.0,36.6,17.0,NONE,GREEN,none,true,true,false,prohibited,offline_technical_pipeline_validation,SYNTHETIC_DATA_UNVALIDATED_FOR_STRUCTURAL_TESTING_ONLY_DO_NOT_USE_FOR_CLINICAL_DECISION_MAKING
CASE-V3-00915,PAT-V3-00915,FAM_GRN_04,CONCEPT_SUPERFICIAL_ABRASION,FAM_GRN_04_T03,15,OTHER,en,"Scratched palms after tripping on stairs, needs antiseptic clean","Shallow surface grazes across palm heels, no embedded dirt, finger movement full, bleeding dried",palm_abrasion_fall; clean_wound; no_foreign_body,8.0,2.0,asthma,penicillin,not_applicable,82.0,112.0,76.0,99.0,36.7,15.0,NONE,GREEN,none,true,true,false,prohibited,offline_technical_pipeline_validation,SYNTHETIC_DATA_UNVALIDATED_FOR_STRUCTURAL_TESTING_ONLY_DO_NOT_USE_FOR_CLINICAL_DECISION_MAKING
CASE-V3-00916,PAT-V3-00916,FAM_YEL_19,CONCEPT_PERITONSILLAR_ABSCESS,FAM_YEL_19_T02,45,MALE,or,ପାଣି ଢୋକିଲେ ଗଳାରୁ କାନ ଭିତରକୁ ତୀବ୍ର ବିନ୍ଧା ମାଡ଼ିଯିବା ଓ ଜ୍ୱର,"ଢୋକିବା ମାତ୍ରେ କାନରେ କଷ୍ଟ, ଡାହାଣ ଗଳା ଫୁଲି କଣ୍ଠନାଳୀ ଚିପି ହେବା, ଜ୍ୱର",quinsy_suspect; referred_otalgia; uvular_deviation_suspect; dysphagia,48.0,9.0,migraine,unknown,not_applicable,111.0,131.0,80.0,96.0,38.6,22.0,NONE,YELLOW,none,true,true,false,prohibited,offline_technical_pipeline_validation,SYNTHETIC_DATA_UNVALIDATED_FOR_STRUCTURAL_TESTING_ONLY_DO_NOT_USE_FOR_CLINICAL_DECISION_MAKING
CASE-V3-00918,PAT-V3-00918,FAM_YEL_18,CONCEPT_SECOND_DEGREE_BURN,FAM_YEL_18_T04,14,FEMALE,or,ବାଇକ୍ ସାଇଲେନ୍ସର ବାଜି ଗୋଡ଼ ପେଣ୍ଡା ଜଳିଯିବା ଓ ବଡ଼ ଫୋଟକା,"ଗୋଲ ଆକାରର ଜଳା ଘା', ସାମାନ୍ୟ ସ୍ପର୍ଶରେ କଷ୍ଟ, ଗୋଇଠି ପାଖ ଫୁଲିଛି",exhaust_pipe_burn; localized_dermal_burn; blistering,1.0,9.0,osteoarthritis,amoxicillin,no,110.0,130.0,83.0,98.0,36.9,16.0,NONE,YELLOW,none,true,true,false,prohibited,offline_technical_pipeline_validation,SYNTHETIC_DATA_UNVALIDATED_FOR_STRUCTURAL_TESTING_ONLY_DO_NOT_USE_FOR_CLINICAL_DECISION_MAKING
CASE-V3-00920,PAT-V3-00920,FAM_GRN_12,CONCEPT_APHTHOUS_STOMATITIS,FAM_GRN_12_T01,44,MALE,en,Painful small white sore inside lower lip stinging when eating spicy curry,"Single 3mm round ulcer with red halo, stinging with salt or lime, no fever, neck glands not enlarged, normal speech",single_oral_canker_sore; inner_lip_ulcer_3mm; painful_with_spicy_food; no_neck_lymphadenopathy; afebrile,24.0,2.0,migraine,unknown,not_applicable,71.0,112.0,72.0,98.0,36.7,14.0,NONE,GREEN,none,true,true,false,prohibited,offline_technical_pipeline_validation,SYNTHETIC_DATA_UNVALIDATED_FOR_STRUCTURAL_TESTING_ONLY_DO_NOT_USE_FOR_CLINICAL_DECISION_MAKING
CASE-V3-00922,PAT-V3-00922,FAM_YEL_02,CONCEPT_ACUTE_RENAL_COLIC,FAM_YEL_02_T03,65,MALE,hi,कमर की हड्डी के पास चुभने वाला दर्द जो नीचे की ओर जा रहा है,"दर्द से ठंडा पसीना छूटना, किसी भी स्थिति में आराम न मिलना, पहले भी पथरी की शिकायत",costovertebral_angle_tenderness; stone_passage_suspect; diaphoresis_from_pain,12.0,8.0,allergic_rhinitis,none_known,not_applicable,97.0,134.0,92.0,100.0,36.6,24.0,NONE,YELLOW,none,true,true,false,prohibited,offline_technical_pipeline_validation,SYNTHETIC_DATA_UNVALIDATED_FOR_STRUCTURAL_TESTING_ONLY_DO_NOT_USE_FOR_CLINICAL_DECISION_MAKING
CASE-V3-00924,PAT-V3-00924,FAM_YEL_07,CONCEPT_EXTREMITY_FRACTURE,FAM_YEL_07_T03,75,FEMALE,hi,खिंचाव के बाद कंधा उतरने जैसा दर्द और हाथ बिल्कुल हिल न पाना,"कंधे का गोल आकार सपाट हो गया है, दूसरे हाथ से कोहनी संभाले हुए हैं, छूने पर तेज टीस",shoulder_dislocation_suspect; squaring_of_shoulder; acute_immobility,1.0,8.0,epilepsy,ciprofloxacin,not_applicable,97.0,150.0,81.0,99.0,37.2,18.0,NONE,YELLOW,none,true,true,false,prohibited,offline_technical_pipeline_validation,SYNTHETIC_DATA_UNVALIDATED_FOR_STRUCTURAL_TESTING_ONLY_DO_NOT_USE_FOR_CLINICAL_DECISION_MAKING
CASE-V3-00925,PAT-V3-00925,FAM_YEL_20,CONCEPT_SYMPTOMATIC_TACHYCARDIA_STABLE,FAM_YEL_20_T04,60,MALE,hi,सीढ़ियां चढ़ने पर दिल बेकाबू धड़कना और सांस फूलना,"धड़कन का बीच-बीच में छूटना और फिर तेज भागना, सीने में कंपन, हाथ में कोई दर्द नहीं",tachyarrhythmia_normotensive; shortness_of_breath_on_exertion; pulse_irregularity,4.0,2.0,migraine,none_known,not_applicable,143.0,147.0,91.0,98.0,36.5,20.0,NONE,YELLOW,none,true,true,false,prohibited,offline_technical_pipeline_validation,SYNTHETIC_DATA_UNVALIDATED_FOR_STRUCTURAL_TESTING_ONLY_DO_NOT_USE_FOR_CLINICAL_DECISION_MAKING
CASE-V3-00926,PAT-V3-00926,FAM_GRN_11,CONCEPT_IMPACTED_CERUMEN,FAM_GRN_11_T04,19,OTHER,hi,चार दिन से कान के अंदर पानी भरा होने जैसा अहसास,"कान में हल्की सरसराहट, कान की बाहरी त्वचा सामान्य, संतुलन बिल्कुल ठीक",aural_fullness; autophony; no_infection_signs,72.0,2.0,chronic_kidney_disease_stage_2,nsaids,not_applicable,82.0,121.0,72.0,98.0,36.7,15.0,NONE,GREEN,none,true,true,false,prohibited,offline_technical_pipeline_validation,SYNTHETIC_DATA_UNVALIDATED_FOR_STRUCTURAL_TESTING_ONLY_DO_NOT_USE_FOR_CLINICAL_DECISION_MAKING
CASE-V3-00927,PAT-V3-00927,FAM_YEL_14,CONCEPT_SPREADING_CELLULITIS,FAM_YEL_14_T01,35,OTHER,or,"ଡାହାଣ ଗୋଡ଼ ନଳିରେ ଦ୍ରୁତ ମାଡ଼ୁଥିବା ଲାଲ୍ ଫୁଲା, ନିଆଁ ଭଳି ତାତି ଓ ଜ୍ୱର","କାଲି ପେନ୍‌ରେ ଦିଆଯାଇଥିବା ଗାରଠାରୁ ୫ ସେମି ବାହାରକୁ ଲାଲ୍ ବ୍ୟାପିଛି, ଚମଡ଼ା ଟାଣ ଓ ଉଷୁମ",spreading_erythema_lower_limb; warmth_edema_skin; fever_rigors; pen_mark_crossed,48.0,5.0,coronary_artery_disease,penicillin,not_applicable,102.0,125.0,85.0,98.0,38.7,22.0,NONE,YELLOW,none,true,true,false,prohibited,offline_technical_pipeline_validation,SYNTHETIC_DATA_UNVALIDATED_FOR_STRUCTURAL_TESTING_ONLY_DO_NOT_USE_FOR_CLINICAL_DECISION_MAKING
CASE-V3-00928,PAT-V3-00928,FAM_GRN_12,CONCEPT_APHTHOUS_STOMATITIS,FAM_GRN_12_T03,48,MALE,hi,"गाल के अंदर छाला, दर्द कम करने वाला जेल लेने के लिए आए हैं","गाल की अंदरूनी सतह पर एक छाला, दूध आराम से पी पा रहे हैं, बुखार नहीं",buccal_mucosa_canker; minor_aphthae; gel_request,24.0,4.0,type_2_diabetes,ciprofloxacin,not_applicable,80.0,127.0,80.0,100.0,37.0,14.0,NONE,GREEN,none,true,true,false,prohibited,offline_technical_pipeline_validation,SYNTHETIC_DATA_UNVALIDATED_FOR_STRUCTURAL_TESTING_ONLY_DO_NOT_USE_FOR_CLINICAL_DECISION_MAKING
CASE-V3-00929,PAT-V3-00929,FAM_YEL_18,CONCEPT_SECOND_DEGREE_BURN,FAM_YEL_18_T03,27,MALE,en,Contact iron burn on thigh causing raw blistering skin measuring 8x5 cm,"Shiny clear fluid blisters, agonizing pain to air contact, wrapped loosely with cling film",steam_iron_burn; localized_second_degree; acute_distress,1.0,9.0,dyslipidemia,amoxicillin,not_applicable,100.0,120.0,84.0,99.0,36.8,18.0,NONE,YELLOW,none,true,true,false,prohibited,offline_technical_pipeline_validation,SYNTHETIC_DATA_UNVALIDATED_FOR_STRUCTURAL_TESTING_ONLY_DO_NOT_USE_FOR_CLINICAL_DECISION_MAKING
CASE-V3-00930,PAT-V3-00930,FAM_GRN_01,CONCEPT_VIRAL_UPPER_RESPIRATORY_INFECTION,FAM_GRN_01_T04,45,OTHER,hi,गले में सूखापन और दिन भर बार-बार नाक साफ करना,"रुमाल का इस्तेमाल, गर्म चाय पीने से आराम, शरीर का तापमान सामान्य, सांस बिल्कुल ठीक",mild_rhinitis; intermittent_throat_clearing; normal_vitals,48.0,1.0,epilepsy,unknown,not_applicable,75.0,124.0,79.0,100.0,36.9,15.0,NONE,GREEN,none,true,true,false,prohibited,offline_technical_pipeline_validation,SYNTHETIC_DATA_UNVALIDATED_FOR_STRUCTURAL_TESTING_ONLY_DO_NOT_USE_FOR_CLINICAL_DECISION_MAKING
CASE-V3-00931,PAT-V3-00931,FAM_YEL_15,CONCEPT_HEAD_INJURY_CONCUSSION,FAM_YEL_15_T05,16,MALE,hi,रसोई की अलमारी से सिर टकराने के बाद लगातार बना रहने वाला तेज दर्द,"सिर के ऊपर नीला निशान, हल्का चक्कर, कोई दौरा या हाथ-पैर में कमजोरी नहीं",minor_closed_head_injury; scalp_bruising; observation_candidate,4.0,7.0,migraine,none_known,not_applicable,96.0,141.0,82.0,100.0,37.1,16.0,NONE,YELLOW,none,true,true,false,prohibited,offline_technical_pipeline_validation,SYNTHETIC_DATA_UNVALIDATED_FOR_STRUCTURAL_TESTING_ONLY_DO_NOT_USE_FOR_CLINICAL_DECISION_MAKING
CASE-V3-00932,PAT-V3-00932,FAM_YEL_11,CONCEPT_PELVIC_INFLAMMATORY_DISEASE,FAM_YEL_11_T04,30,OTHER,hi,"पेल्विस में तेज टीस, असामान्य रक्तस्राव और बुखार","अंदरूनी गहरा दर्द, माहवारी के बीच में दाग लगना, रात को कंपकंपी",gynecological_infection; hypogastric_tenderness; postcoital_pain,48.0,6.0,hypertension,ciprofloxacin,not_applicable,107.0,122.0,84.0,100.0,38.3,22.0,NONE,YELLOW,none,true,true,false,prohibited,offline_technical_pipeline_validation,SYNTHETIC_DATA_UNVALIDATED_FOR_STRUCTURAL_TESTING_ONLY_DO_NOT_USE_FOR_CLINICAL_DECISION_MAKING
CASE-V3-00934,PAT-V3-00934,FAM_GRN_15,CONCEPT_CHRONIC_TINNITUS,FAM_GRN_15_T02,57,MALE,en,Persistent whistling noise inside ears requesting hearing advice,"Constant faint whistle since retirement, fan sound masks it partially, no sudden drop in hearing",sensorineural_tinnitus_presbycusis; bilateral_cricket_sound; stable,336.0,0.0,osteoarthritis,none_known,not_applicable,82.0,125.0,83.0,99.0,36.9,15.0,NONE,GREEN,none,true,true,false,prohibited,offline_technical_pipeline_validation,SYNTHETIC_DATA_UNVALIDATED_FOR_STRUCTURAL_TESTING_ONLY_DO_NOT_USE_FOR_CLINICAL_DECISION_MAKING
CASE-V3-00935,PAT-V3-00935,FAM_YEL_12,CONCEPT_MODERATE_DEHYDRATION,FAM_YEL_12_T04,37,FEMALE,or,ଖାଦ୍ୟ ବିଷକ୍ରିୟା ଓ ଝାଡ଼ା ପରେ ପେଣ୍ଡା ମାଂସପେଶୀ ଟାଣି ଧରିବା ଓ ଦୁର୍ବଳତା,"ଗୋଡ଼ ପେଣ୍ଡାରେ ଅସହ୍ୟ କଷ୍ଟ, ଶୁଖିଲା ଓଠ, ବସିଲେ ମୁଣ୍ଡ ବୁଲାଇବା, ୧୦ ଥର ଝାଡ଼ା",severe_fluid_loss; muscular_cramps_secondary_hypokalemia; lethargy_mild,48.0,7.0,type_2_diabetes,sulfa_drugs,unknown,115.0,114.0,66.0,98.0,38.3,22.0,NONE,YELLOW,none,true,true,false,prohibited,offline_technical_pipeline_validation,SYNTHETIC_DATA_UNVALIDATED_FOR_STRUCTURAL_TESTING_ONLY_DO_NOT_USE_FOR_CLINICAL_DECISION_MAKING
CASE-V3-00936,PAT-V3-00936,FAM_YEL_15,CONCEPT_HEAD_INJURY_CONCUSSION,FAM_YEL_15_T05,46,MALE,en,Head collision with heavy kitchen cabinet resulting in constant headache,"Tender bruised crown of scalp, mild wooziness, no seizures, no weakness in limbs",minor_closed_head_injury; scalp_bruising; observation_candidate,4.0,7.0,gastroesophageal_reflux,none_known,not_applicable,95.0,147.0,88.0,100.0,36.5,19.0,NONE,YELLOW,none,true,true,false,prohibited,offline_technical_pipeline_validation,SYNTHETIC_DATA_UNVALIDATED_FOR_STRUCTURAL_TESTING_ONLY_DO_NOT_USE_FOR_CLINICAL_DECISION_MAKING
CASE-V3-00937,PAT-V3-00937,FAM_GRN_01,CONCEPT_VIRAL_UPPER_RESPIRATORY_INFECTION,FAM_GRN_01_T02,71,FEMALE,or,"ନାକ ବନ୍ଦ, କାନ ଭାରୀ ଲାଗିବା ଓ ଗଳାରେ ସାମାନ୍ୟ ଖସଖସ","ନାକପୁଡ଼ା ଜାମ, ନିଶ୍ୱାସ ନେବାରେ କଷ୍ଟ ନାହିଁ, ଉଷୁମ ପାଣି ପିଉଛନ୍ତି, ଜ୍ୱର ନାହିଁ",nasal_congestion; minor_head_cold; throat_tickle; ambulatory,72.0,1.0,migraine,"dust_mites, pollen",not_applicable,73.0,128.0,71.0,98.0,36.7,18.0,NONE,GREEN,none,true,true,false,prohibited,offline_technical_pipeline_validation,SYNTHETIC_DATA_UNVALIDATED_FOR_STRUCTURAL_TESTING_ONLY_DO_NOT_USE_FOR_CLINICAL_DECISION_MAKING
CASE-V3-00939,PAT-V3-00939,FAM_GRN_13,CONCEPT_MECHANICAL_NECK_STIFFNESS,FAM_GRN_13_T04,20,OTHER,en,Crick in left neck after sudden jerk while looking behind,"Sharp catch on quick movement, neck moves forward and back easily, no pins and needles",muscular_neck_crick; localized_trapezius; good_general_condition,12.0,3.0,migraine,sulfa_drugs,not_applicable,69.0,122.0,71.0,99.0,36.5,16.0,NONE,GREEN,none,true,true,false,prohibited,offline_technical_pipeline_validation,SYNTHETIC_DATA_UNVALIDATED_FOR_STRUCTURAL_TESTING_ONLY_DO_NOT_USE_FOR_CLINICAL_DECISION_MAKING
CASE-V3-00941,PAT-V3-00941,FAM_YEL_20,CONCEPT_SYMPTOMATIC_TACHYCARDIA_STABLE,FAM_YEL_20_T05,60,OTHER,en,Unpleasant fluttering sensation in chest causing weakness and anxiety,"Pulse rapid and irregular, capillary refill 2 seconds, no diaphoresis, fully conscious",symptomatic_atrial_flutter; palpitations; preserved_perfusion,8.0,2.0,none_reported,amoxicillin,not_applicable,130.0,134.0,86.0,96.0,37.0,18.0,NONE,YELLOW,none,true,true,false,prohibited,offline_technical_pipeline_validation,SYNTHETIC_DATA_UNVALIDATED_FOR_STRUCTURAL_TESTING_ONLY_DO_NOT_USE_FOR_CLINICAL_DECISION_MAKING
CASE-V3-00942,PAT-V3-00942,FAM_YEL_07,CONCEPT_EXTREMITY_FRACTURE,FAM_YEL_07_T01,49,FEMALE,hi,हाथ के बल गिरने के बाद कलाई में भारी सूजन और टेढ़ापन,"कलाई की हड्डी मुड़ी हुई दिख रही है, छूने पर असहनीय चीख निकलती है, उंगलियां गर्म हैं पर कलाई नहीं हिलती",deformity_wrist_fracture; colles_fracture_suspect; exquisite_tenderness; neurovascular_intact,3.0,9.0,allergic_rhinitis,"dust_mites, pollen",no,90.0,140.0,88.0,99.0,37.1,18.0,NONE,YELLOW,none,true,true,false,prohibited,offline_technical_pipeline_validation,SYNTHETIC_DATA_UNVALIDATED_FOR_STRUCTURAL_TESTING_ONLY_DO_NOT_USE_FOR_CLINICAL_DECISION_MAKING
CASE-V3-00944,PAT-V3-00944,FAM_GRN_10,CONCEPT_MILD_ANKLE_SPRAIN,FAM_GRN_10_T05,44,FEMALE,or,"ଯୋଗାସନ ବେଳେ ପାଦ ଟାଣି ହୋଇଗଲା, ନିଜେ ଚାଲି ଡାକ୍ତରଖାନା ଆସିଲେ","ହାଡ଼ ଆଗରେ ନରମ ସ୍ଥାନରେ ସାମାନ୍ୟ କଷ୍ଟ, ଛୋଟେଇବା ନାହିଁ, ଚାଲିବୁଲି ପାରୁଛନ୍ତି",simple_ligament_sprain; ambulatory_ottawa_negative; stable,12.0,2.0,none_reported,none_known,no,86.0,127.0,72.0,100.0,36.9,15.0,NONE,GREEN,none,true,true,false,prohibited,offline_technical_pipeline_validation,SYNTHETIC_DATA_UNVALIDATED_FOR_STRUCTURAL_TESTING_ONLY_DO_NOT_USE_FOR_CLINICAL_DECISION_MAKING
CASE-V3-00947,PAT-V3-00947,FAM_YEL_12,CONCEPT_MODERATE_DEHYDRATION,FAM_YEL_12_T02,32,MALE,hi,पेट में तेज मरोड़ के साथ पानी जैसे दस्त और पानी भी न पचना,"चमड़ी खींचने पर वापस देर से जाना, कमरे में चलने पर चक्कर, प्यास बहुत है पर उल्टी हो जाती है",acute_gastroenteritis_dehydration; reduced_skin_turgor; postural_dizziness,48.0,7.0,osteoarthritis,unknown,not_applicable,119.0,99.0,64.0,99.0,37.9,22.0,NONE,YELLOW,none,true,true,false,prohibited,offline_technical_pipeline_validation,SYNTHETIC_DATA_UNVALIDATED_FOR_STRUCTURAL_TESTING_ONLY_DO_NOT_USE_FOR_CLINICAL_DECISION_MAKING
CASE-V3-00948,PAT-V3-00948,FAM_YEL_19,CONCEPT_PERITONSILLAR_ABSCESS,FAM_YEL_19_T02,54,FEMALE,hi,पानी घूंटने पर गले से कान में तेज दर्द की टीस और बुखार,"गले का दर्द कान में जाना, दाहिनी तरफ भारी सूजन, तीन दिन से बुखार नहीं उतर रहा",quinsy_suspect; referred_otalgia; uvular_deviation_suspect; dysphagia,72.0,9.0,osteoarthritis,ciprofloxacin,no,100.0,134.0,83.0,98.0,39.2,22.0,NONE,YELLOW,none,true,true,false,prohibited,offline_technical_pipeline_validation,SYNTHETIC_DATA_UNVALIDATED_FOR_STRUCTURAL_TESTING_ONLY_DO_NOT_USE_FOR_CLINICAL_DECISION_MAKING
CASE-V3-00949,PAT-V3-00949,FAM_GRN_09,CONCEPT_SUPERFICIAL_FOLLICULITIS,FAM_GRN_09_T04,21,FEMALE,or,ବାହୁ ଉପରେ ବାଳ ବୁଲିଯିବା ଯୋଗୁଁ ଲାଲ୍ ଦାନା ଓ ସାମାନ୍ୟ କଷ୍ଟ,"ଭିତରେ ମୋଡ଼ି ହୋଇଥିବା ବାଳ, ଚିପିଲେ ସାମାନ୍ୟ ବିନ୍ଧା, ପୂଜ ନାହିଁ, ଜ୍ୱର ନାହିଁ",superficial_skin_infection_minor; localized; clean_margins,48.0,2.0,migraine,none_known,no,83.0,126.0,76.0,100.0,36.9,17.0,NONE,GREEN,none,true,true,false,prohibited,offline_technical_pipeline_validation,SYNTHETIC_DATA_UNVALIDATED_FOR_STRUCTURAL_TESTING_ONLY_DO_NOT_USE_FOR_CLINICAL_DECISION_MAKING
CASE-V3-00950,PAT-V3-00950,FAM_GRN_04,CONCEPT_SUPERFICIAL_ABRASION,FAM_GRN_04_T01,43,MALE,or,ରାସ୍ତାରେ ଖସିପଡ଼ି ଡାହାଣ ଆଣ୍ଠୁ ଚମଡ଼ା ଛାଲିଯିବା ଓ ସାମାନ୍ୟ କ୍ଷତ,"ଉପର ଚମଡ଼ା ରଗଡ଼ି ହୋଇଛି, ରକ୍ତ ଝରିବା ବନ୍ଦ, ଆଣ୍ଠୁ ସମ୍ପୂର୍ଣ୍ଣ ଭାଙ୍ଗୁଛି, ହାଡ଼ରେ କଷ୍ଟ ନାହିଁ",superficial_knee_graze; epidermal_loss_only; oozing_stopped; clean_margins; full_mobility,1.0,3.0,gastroesophageal_reflux,aspirin,not_applicable,76.0,117.0,74.0,98.0,36.5,16.0,NONE,GREEN,none,true,true,false,prohibited,offline_technical_pipeline_validation,SYNTHETIC_DATA_UNVALIDATED_FOR_STRUCTURAL_TESTING_ONLY_DO_NOT_USE_FOR_CLINICAL_DECISION_MAKING
CASE-V3-00951,PAT-V3-00951,FAM_YEL_14,CONCEPT_SPREADING_CELLULITIS,FAM_YEL_14_T04,44,OTHER,en,Red angry swelling around big toe spreading onto top of foot in diabetic,"Skin hot to touch, mild pus discharge at nail fold, throbbing pain preventing shoe wearing",diabetic_foot_cellulitis_early; localized_erythema; tenderness,48.0,5.0,coronary_artery_disease,amoxicillin,not_applicable,97.0,141.0,77.0,99.0,38.8,21.0,NONE,YELLOW,none,true,true,false,prohibited,offline_technical_pipeline_validation,SYNTHETIC_DATA_UNVALIDATED_FOR_STRUCTURAL_TESTING_ONLY_DO_NOT_USE_FOR_CLINICAL_DECISION_MAKING
CASE-V3-00952,PAT-V3-00952,FAM_YEL_18,CONCEPT_SECOND_DEGREE_BURN,FAM_YEL_18_T02,44,MALE,or,ରନ୍ଧା ବେଳେ ତାତିଲା ତେଲ ହାତରେ ପଡ଼ି ଚମଡ଼ା ଛାଲି ଫୋଟକା ହେବା,"ହାତ ପାପୁଲି ପଛପଟ ଫୁଲି ଫୋଟକା, ଆଙ୍ଗୁଠି ମଝିରେ ପୋଡ଼ିବା, ପାଣିରେ ଧୋଇଲେ ବି କଷ୍ଟ",hot_oil_splash_burn; partial_thickness; blistering; dressing_needed,0.5,7.0,dyslipidemia,aspirin,not_applicable,104.0,134.0,84.0,100.0,36.6,17.0,NONE,YELLOW,none,true,true,false,prohibited,offline_technical_pipeline_validation,SYNTHETIC_DATA_UNVALIDATED_FOR_STRUCTURAL_TESTING_ONLY_DO_NOT_USE_FOR_CLINICAL_DECISION_MAKING
CASE-V3-00953,PAT-V3-00953,FAM_GRN_02,CONCEPT_TENSION_HEADACHE,FAM_GRN_02_T05,56,FEMALE,hi,पढ़ाई के बाद शाम को भौंहों के ऊपर हल्का दर्द,"भौंहों के पास भारीपन, साधारण दवा लेने से कल पूरा आराम मिल गया था, कोई उल्टी नहीं",tension_headache; bilateral_frontal; paracetamol_responsive,48.0,4.0,copd,aspirin,not_applicable,84.0,125.0,76.0,100.0,36.9,14.0,NONE,GREEN,none,true,true,false,prohibited,offline_technical_pipeline_validation,SYNTHETIC_DATA_UNVALIDATED_FOR_STRUCTURAL_TESTING_ONLY_DO_NOT_USE_FOR_CLINICAL_DECISION_MAKING
CASE-V3-00954,PAT-V3-00954,FAM_YEL_12,CONCEPT_MODERATE_DEHYDRATION,FAM_YEL_12_T05,24,OTHER,or,ଅବିରତ ଝାଡ଼ା ଯୋଗୁଁ ଶରୀର ଜଳଶୂନ୍ୟ ଓ ହୃଦସ୍ପନ୍ଦନ ଦ୍ରୁତ,"ଚମଡ଼ା ଶୁଖିଲା, ଆଖି ଗାତରେ ପଶିଛି, ବ୍ୟାକୁଳ ହୋଇ ପାଣି ପିଉଛନ୍ତି, ସଚେତନ କିନ୍ତୁ ଅବଶ",rotavirus_or_bacterial_colitis; dehydration_signs; sunken_eyes,48.0,7.0,chronic_kidney_disease_stage_2,penicillin,not_applicable,117.0,110.0,68.0,100.0,37.9,18.0,NONE,YELLOW,none,true,true,false,prohibited,offline_technical_pipeline_validation,SYNTHETIC_DATA_UNVALIDATED_FOR_STRUCTURAL_TESTING_ONLY_DO_NOT_USE_FOR_CLINICAL_DECISION_MAKING
CASE-V3-00960,PAT-V3-00960,FAM_YEL_12,CONCEPT_MODERATE_DEHYDRATION,FAM_YEL_12_T02,21,MALE,en,Exhausting stomach cramps with liquid bowel motions and inability to keep oral fluids down,"Pinching skin stays tented briefly, lightheaded when walking across room, thirsty but vomits water",acute_gastroenteritis_dehydration; reduced_skin_turgor; postural_dizziness,48.0,5.0,coronary_artery_disease,aspirin,not_applicable,108.0,106.0,67.0,97.0,37.6,22.0,NONE,YELLOW,none,true,true,false,prohibited,offline_technical_pipeline_validation,SYNTHETIC_DATA_UNVALIDATED_FOR_STRUCTURAL_TESTING_ONLY_DO_NOT_USE_FOR_CLINICAL_DECISION_MAKING
CASE-V3-00961,PAT-V3-00961,FAM_YEL_14,CONCEPT_SPREADING_CELLULITIS,FAM_YEL_14_T04,23,MALE,en,Red angry swelling around big toe spreading onto top of foot in diabetic,"Skin hot to touch, mild pus discharge at nail fold, throbbing pain preventing shoe wearing",diabetic_foot_cellulitis_early; localized_erythema; tenderness,24.0,7.0,none_reported,none_known,not_applicable,105.0,122.0,86.0,97.0,38.8,22.0,NONE,YELLOW,none,true,true,false,prohibited,offline_technical_pipeline_validation,SYNTHETIC_DATA_UNVALIDATED_FOR_STRUCTURAL_TESTING_ONLY_DO_NOT_USE_FOR_CLINICAL_DECISION_MAKING
CASE-V3-00962,PAT-V3-00962,FAM_YEL_07,CONCEPT_EXTREMITY_FRACTURE,FAM_YEL_07_T03,14,OTHER,or,ହାତ ଟଣା ହେବା ପରେ କାନ୍ଧ ଖସିଯିବା ଭଳି କଷ୍ଟ ଓ ହାତ ହଲାଇ ନପାରିବା,"କାନ୍ଧର ଗୋଲ ଆକାର ଚେପ୍ଟା ହୋଇଛି, ଅନ୍ୟ ହାତରେ କହୁଣୀ ଧରିଛନ୍ତି, ଅସହ୍ୟ ବିନ୍ଧା",shoulder_dislocation_suspect; squaring_of_shoulder; acute_immobility,6.0,7.0,copd,sulfa_drugs,not_applicable,108.0,143.0,87.0,100.0,36.7,18.0,NONE,YELLOW,none,true,true,false,prohibited,offline_technical_pipeline_validation,SYNTHETIC_DATA_UNVALIDATED_FOR_STRUCTURAL_TESTING_ONLY_DO_NOT_USE_FOR_CLINICAL_DECISION_MAKING
CASE-V3-00963,PAT-V3-00963,FAM_GRN_03,CONCEPT_ALLERGIC_RHINITIS,FAM_GRN_03_T03,17,FEMALE,hi,एलर्जी के कारण नाक में सुरसुराहट और बार-बार नाक रगड़ना,"नाक के अंदर तेज खुजली, एक साथ कई छींकें, बुखार बिल्कुल नहीं, एंटी-एलर्जी ले रहे हैं",hay_fever; nasal_pruritus; allergic_shiners_mild; clear_drainage,72.0,2.0,hypothyroidism,unknown,no,86.0,120.0,82.0,100.0,37.1,16.0,NONE,GREEN,none,true,true,false,prohibited,offline_technical_pipeline_validation,SYNTHETIC_DATA_UNVALIDATED_FOR_STRUCTURAL_TESTING_ONLY_DO_NOT_USE_FOR_CLINICAL_DECISION_MAKING
CASE-V3-00967,PAT-V3-00967,FAM_GRN_10,CONCEPT_MILD_ANKLE_SPRAIN,FAM_GRN_10_T04,33,OTHER,or,"ଅଟୋରୁ ଓହ୍ଲାଇବା ବେଳେ ଗୋଇଠି ମୋଡ଼ି ହେଲା, ବରଫ ସେକ ପରେ ଆରାମ","ଗୋଇଠି ପାଖରେ ସାମାନ୍ୟ କଷ୍ଟ, ବରଫରେ ଫୁଲା କମିଲା, ଜୋତା ପିନ୍ଧି ହେଉଛି",soft_tissue_twist_ankle; ice_responsive; mobile,2.0,4.0,none_reported,nsaids,not_applicable,76.0,129.0,80.0,98.0,36.8,17.0,NONE,GREEN,none,true,true,false,prohibited,offline_technical_pipeline_validation,SYNTHETIC_DATA_UNVALIDATED_FOR_STRUCTURAL_TESTING_ONLY_DO_NOT_USE_FOR_CLINICAL_DECISION_MAKING
CASE-V3-00969,PAT-V3-00969,FAM_GRN_09,CONCEPT_SUPERFICIAL_FOLLICULITIS,FAM_GRN_09_T01,41,OTHER,en,Pimply painful bump with tiny white head on outer thigh for 3 days,"Single 5mm red papule centered on hair follicle, no surrounding red flush, no fever, no groin lumps",punctate_pustule; hair_follicle_erythema; no_spreading_cellulitis; afebrile; non_fluctuant,72.0,1.0,dyslipidemia,unknown,not_applicable,75.0,117.0,79.0,100.0,36.8,17.0,NONE,GREEN,none,true,true,false,prohibited,offline_technical_pipeline_validation,SYNTHETIC_DATA_UNVALIDATED_FOR_STRUCTURAL_TESTING_ONLY_DO_NOT_USE_FOR_CLINICAL_DECISION_MAKING
CASE-V3-00970,PAT-V3-00970,FAM_YEL_11,CONCEPT_PELVIC_INFLAMMATORY_DISEASE,FAM_YEL_11_T03,30,FEMALE,en,Lower stomach ache on both sides with hot burning urine and fever,"Pain spreading across pelvic bone, unable to straighten up fully, temperature 38.6C",pelvic_peritonitis_localized; lower_quadrant_guarding; pyrexia,72.0,6.0,chronic_kidney_disease_stage_2,nsaids,no,107.0,119.0,70.0,99.0,38.2,21.0,NONE,YELLOW,none,true,true,false,prohibited,offline_technical_pipeline_validation,SYNTHETIC_DATA_UNVALIDATED_FOR_STRUCTURAL_TESTING_ONLY_DO_NOT_USE_FOR_CLINICAL_DECISION_MAKING
CASE-V3-00971,PAT-V3-00971,FAM_YEL_12,CONCEPT_MODERATE_DEHYDRATION,FAM_YEL_12_T05,27,FEMALE,or,ଅବିରତ ଝାଡ଼ା ଯୋଗୁଁ ଶରୀର ଜଳଶୂନ୍ୟ ଓ ହୃଦସ୍ପନ୍ଦନ ଦ୍ରୁତ,"ଚମଡ଼ା ଶୁଖିଲା, ଆଖି ଗାତରେ ପଶିଛି, ବ୍ୟାକୁଳ ହୋଇ ପାଣି ପିଉଛନ୍ତି, ସଚେତନ କିନ୍ତୁ ଅବଶ",rotavirus_or_bacterial_colitis; dehydration_signs; sunken_eyes,24.0,4.0,hypothyroidism,none_known,unknown,118.0,106.0,65.0,98.0,38.1,19.0,NONE,YELLOW,none,true,true,false,prohibited,offline_technical_pipeline_validation,SYNTHETIC_DATA_UNVALIDATED_FOR_STRUCTURAL_TESTING_ONLY_DO_NOT_USE_FOR_CLINICAL_DECISION_MAKING
CASE-V3-00975,PAT-V3-00975,FAM_GRN_17,CONCEPT_SIMPLE_HEMORRHOIDS,FAM_GRN_17_T01,65,OTHER,en,Few streaks of bright fresh red blood on toilet paper after passing hard stool,"Blood only on wiping outside of stool, no blood mixed into stool bulk, no tummy ache, no dizziness on standing, normal pink conjunctiva",painless_bright_red_rectal_bleeding_on_toilet_paper; hard_stools; chronic_constipation; no_anemia_signs; stable,48.0,3.0,dyslipidemia,aspirin,not_applicable,74.0,133.0,79.0,100.0,36.7,18.0,NONE,GREEN,none,true,true,false,prohibited,offline_technical_pipeline_validation,SYNTHETIC_DATA_UNVALIDATED_FOR_STRUCTURAL_TESTING_ONLY_DO_NOT_USE_FOR_CLINICAL_DECISION_MAKING
CASE-V3-00978,PAT-V3-00978,FAM_GRN_10,CONCEPT_MILD_ANKLE_SPRAIN,FAM_GRN_10_T02,35,FEMALE,hi,"दौड़ते समय टखने में मामूली मोच, गरम पट्टी बंधवाने आए हैं","टखने के किनारे हल्का दर्द, 1 किमी पैदल चलकर घर पहुंचे, उंगलियां पूरी चल रही हैं",ligamentous_stretch_mild; lateral_soft_tissue_puffiness; weight_bearing_intact,24.0,3.0,hypothyroidism,amoxicillin,no,80.0,115.0,75.0,99.0,37.0,14.0,NONE,GREEN,none,true,true,false,prohibited,offline_technical_pipeline_validation,SYNTHETIC_DATA_UNVALIDATED_FOR_STRUCTURAL_TESTING_ONLY_DO_NOT_USE_FOR_CLINICAL_DECISION_MAKING
CASE-V3-00980,PAT-V3-00980,FAM_GRN_10,CONCEPT_MILD_ANKLE_SPRAIN,FAM_GRN_10_T04,23,FEMALE,or,"ଅଟୋରୁ ଓହ୍ଲାଇବା ବେଳେ ଗୋଇଠି ମୋଡ଼ି ହେଲା, ବରଫ ସେକ ପରେ ଆରାମ","ଗୋଇଠି ପାଖରେ ସାମାନ୍ୟ କଷ୍ଟ, ବରଫରେ ଫୁଲା କମିଲା, ଜୋତା ପିନ୍ଧି ହେଉଛି",soft_tissue_twist_ankle; ice_responsive; mobile,2.0,2.0,none_reported,aspirin,unknown,73.0,129.0,81.0,99.0,36.7,15.0,NONE,GREEN,none,true,true,false,prohibited,offline_technical_pipeline_validation,SYNTHETIC_DATA_UNVALIDATED_FOR_STRUCTURAL_TESTING_ONLY_DO_NOT_USE_FOR_CLINICAL_DECISION_MAKING
CASE-V3-00981,PAT-V3-00981,FAM_YEL_14,CONCEPT_SPREADING_CELLULITIS,FAM_YEL_14_T01,33,OTHER,en,Rapidly expanding hot red painful swelling on right lower leg with chills,"Redness spread 5cm past marker pen drawn yesterday, skin tense shiny and hot, shivering fever",spreading_erythema_lower_limb; warmth_edema_skin; fever_rigors; pen_mark_crossed,72.0,7.0,hypothyroidism,"dust_mites, pollen",not_applicable,108.0,132.0,87.0,97.0,38.8,22.0,NONE,YELLOW,none,true,true,false,prohibited,offline_technical_pipeline_validation,SYNTHETIC_DATA_UNVALIDATED_FOR_STRUCTURAL_TESTING_ONLY_DO_NOT_USE_FOR_CLINICAL_DECISION_MAKING
CASE-V3-00982,PAT-V3-00982,FAM_GRN_19,CONCEPT_CHRONIC_ONYCHOMYCOSIS,FAM_GRN_19_T05,45,FEMALE,en,Yellow thickened toenail consultation for oral tablets advice,"Asymptomatic toenail thickening, liver history normal, walks 5km daily without difficulty",painless_nail_thickening; antifungal_advice; afebrile,720.0,0.0,allergic_rhinitis,aspirin,yes,80.0,127.0,78.0,100.0,36.8,16.0,NONE,GREEN,none,true,true,false,prohibited,offline_technical_pipeline_validation,SYNTHETIC_DATA_UNVALIDATED_FOR_STRUCTURAL_TESTING_ONLY_DO_NOT_USE_FOR_CLINICAL_DECISION_MAKING
CASE-V3-00983,PAT-V3-00983,FAM_GRN_04,CONCEPT_SUPERFICIAL_ABRASION,FAM_GRN_04_T05,55,FEMALE,or,"ବାଡ଼ ବାଜି କାନ୍ଧରେ ସାମାନ୍ୟ ଘୋଷାରି ହେବା, ପଟି ଲଗାଇବାକୁ ଆସିଛନ୍ତି","କେବଳ ଉପର ଚମଡ଼ା ଛାଲିଛି, ରକ୍ତ ବୋହୁନାହିଁ, ରୋଗୀ ସମ୍ପୂର୍ଣ୍ଣ ସୁସ୍ଥ ଓ ଚେତନ",minor_abrasion_dressing_request; tetanus_update_request; superficial,4.0,3.0,epilepsy,ciprofloxacin,no,78.0,128.0,75.0,99.0,37.0,16.0,NONE,GREEN,none,true,true,false,prohibited,offline_technical_pipeline_validation,SYNTHETIC_DATA_UNVALIDATED_FOR_STRUCTURAL_TESTING_ONLY_DO_NOT_USE_FOR_CLINICAL_DECISION_MAKING
CASE-V3-00986,PAT-V3-00986,FAM_YEL_10,CONCEPT_ACUTE_DIVERTICULITIS,FAM_YEL_10_T01,72,FEMALE,hi,"पेट के निचले बाएं हिस्से में लगातार दर्द, हल्का बुखार और पेट फूलना","बाईं तरफ छूने पर भारी दर्द, शौच जाने में तकलीफ, दो दिन से शरीर गर्म",left_lower_quadrant_pain; persistent_tenderness; low_fever; altered_bowels,48.0,8.0,migraine,nsaids,not_applicable,96.0,134.0,83.0,98.0,38.4,21.0,NONE,YELLOW,none,true,true,false,prohibited,offline_technical_pipeline_validation,SYNTHETIC_DATA_UNVALIDATED_FOR_STRUCTURAL_TESTING_ONLY_DO_NOT_USE_FOR_CLINICAL_DECISION_MAKING
CASE-V3-00989,PAT-V3-00989,FAM_GRN_06,CONCEPT_MILD_DYSPEPSIA,FAM_GRN_06_T01,30,FEMALE,hi,देर रात तला-भुना खाने के बाद पेट के ऊपरी हिस्से में हल्की जलन जो एंटासिड से कम होती है,"लेटने पर गले में खट्टा पानी, पेट छूने पर बिल्कुल नरम, कोई उल्टी नहीं, वजन कम नहीं हुआ",epigastric_burning; postprandial_distress; acid_regurgitation; relieved_by_antacid; no_red_flags,48.0,3.0,hypertension,penicillin,unknown,71.0,116.0,80.0,99.0,36.7,15.0,NONE,GREEN,none,true,true,false,prohibited,offline_technical_pipeline_validation,SYNTHETIC_DATA_UNVALIDATED_FOR_STRUCTURAL_TESTING_ONLY_DO_NOT_USE_FOR_CLINICAL_DECISION_MAKING
CASE-V3-00990,PAT-V3-00990,FAM_GRN_10,CONCEPT_MILD_ANKLE_SPRAIN,FAM_GRN_10_T03,45,MALE,hi,ऊंचे फुटपाथ से पैर फिसलने पर पंजे के बाहरी किनारे में हल्का दर्द,"टखने के नीचे हल्का नीला निशान, पंजों के बल खड़े होने में हल्का खिंचाव, चल पा रहे हैं",ankle_strain_walkable; ecchymosis_minimal; full_plantarflexion,24.0,3.0,"hypertension, type_2_diabetes",penicillin,not_applicable,73.0,128.0,71.0,99.0,36.9,15.0,NONE,GREEN,none,true,true,false,prohibited,offline_technical_pipeline_validation,SYNTHETIC_DATA_UNVALIDATED_FOR_STRUCTURAL_TESTING_ONLY_DO_NOT_USE_FOR_CLINICAL_DECISION_MAKING
CASE-V3-00991,PAT-V3-00991,FAM_GRN_03,CONCEPT_ALLERGIC_RHINITIS,FAM_GRN_03_T05,51,FEMALE,en,Watery nose and red eyes in morning since flowering season started,"Sneezing clears after shower, mild roof of mouth itch, appetite excellent, no wheezing",rhinoconjunctivitis; intermittent_sneezing; normal_chest_sounds,120.0,1.0,copd,none_known,yes,70.0,121.0,71.0,99.0,36.6,18.0,NONE,GREEN,none,true,true,false,prohibited,offline_technical_pipeline_validation,SYNTHETIC_DATA_UNVALIDATED_FOR_STRUCTURAL_TESTING_ONLY_DO_NOT_USE_FOR_CLINICAL_DECISION_MAKING
CASE-V3-00993,PAT-V3-00993,FAM_YEL_15,CONCEPT_HEAD_INJURY_CONCUSSION,FAM_YEL_15_T01,44,FEMALE,en,"Direct head blow during football with 30-second blackout, bad headache and one vomit","Does not remember the impact moment, throbbing temporal headache, fully awake, pupils equal and reactive",concussion_with_brief_amnesia; post_traumatic_headache; single_emesis; alert_gcs15,1.0,7.0,chronic_kidney_disease_stage_2,none_known,no,94.0,148.0,91.0,99.0,36.6,20.0,NONE,YELLOW,none,true,true,false,prohibited,offline_technical_pipeline_validation,SYNTHETIC_DATA_UNVALIDATED_FOR_STRUCTURAL_TESTING_ONLY_DO_NOT_USE_FOR_CLINICAL_DECISION_MAKING
CASE-V3-00994,PAT-V3-00994,FAM_GRN_12,CONCEPT_APHTHOUS_STOMATITIS,FAM_GRN_12_T04,41,FEMALE,or,ପରୀକ୍ଷା ଚାପ ସମୟରେ ପାଟିରେ ପୁଣି ସେହି ପୁରୁଣା ଘା' ବାହାରିବା,"୫ ଦିନରେ ନିଜେ ଭଲ ହୋଇଯାଏ, ପ୍ରଚୁର ପାଣି ପିଉଛନ୍ତି, ହାତଗୋଡ଼ରେ ଦାଗ ନାହିଁ",recurrent_aphthous_minor; localized; good_hydration,72.0,2.0,dyslipidemia,none_known,no,83.0,117.0,80.0,99.0,36.5,15.0,NONE,GREEN,none,true,true,false,prohibited,offline_technical_pipeline_validation,SYNTHETIC_DATA_UNVALIDATED_FOR_STRUCTURAL_TESTING_ONLY_DO_NOT_USE_FOR_CLINICAL_DECISION_MAKING
CASE-V3-00998,PAT-V3-00998,FAM_GRN_06,CONCEPT_MILD_DYSPEPSIA,FAM_GRN_06_T01,43,FEMALE,or,ରାତିରେ ତେଲଛଣା ଖାଇବା ପରେ ପେଟ ଉପରେ ସାମାନ୍ୟ ପୋଡ଼ାଜଳା ଯାହା ସିରପ୍ ପିଇଲେ କମୁଛି,"ଶୋଇଲେ ପାଟିକୁ ଖଟା ପାଣି ଆସିବା, ପେଟ ନରମ ଅଛି, ବାନ୍ତି ନାହିଁ, ହୃଦସ୍ପନ୍ଦନ ସ୍ୱାଭାବିକ",epigastric_burning; postprandial_distress; acid_regurgitation; relieved_by_antacid; no_red_flags,48.0,4.0,dyslipidemia,ciprofloxacin,no,75.0,116.0,82.0,99.0,36.7,17.0,NONE,GREEN,none,true,true,false,prohibited,offline_technical_pipeline_validation,SYNTHETIC_DATA_UNVALIDATED_FOR_STRUCTURAL_TESTING_ONLY_DO_NOT_USE_FOR_CLINICAL_DECISION_MAKING
CASE-V3-00999,PAT-V3-00999,FAM_YEL_07,CONCEPT_EXTREMITY_FRACTURE,FAM_YEL_07_T01,57,OTHER,hi,हाथ के बल गिरने के बाद कलाई में भारी सूजन और टेढ़ापन,"कलाई की हड्डी मुड़ी हुई दिख रही है, छूने पर असहनीय चीख निकलती है, उंगलियां गर्म हैं पर कलाई नहीं हिलती",deformity_wrist_fracture; colles_fracture_suspect; exquisite_tenderness; neurovascular_intact,2.0,7.0,migraine,none_known,not_applicable,91.0,140.0,85.0,99.0,37.0,18.0,NONE,YELLOW,none,true,true,false,prohibited,offline_technical_pipeline_validation,SYNTHETIC_DATA_UNVALIDATED_FOR_STRUCTURAL_TESTING_ONLY_DO_NOT_USE_FOR_CLINICAL_DECISION_MAKING
CASE-V3-01001,PAT-V3-01001,FAM_YEL_15,CONCEPT_HEAD_INJURY_CONCUSSION,FAM_YEL_15_T01,39,FEMALE,hi,"फुटबॉल खेलते समय सिर में टक्कर, 30 सेकंड बेहोशी, तेज सिरदर्द और एक उल्टी","चोट लगने का समय याद नहीं, कनपटी में तेज दर्द, पूरी तरह होश में, दोनों पुतलियां सामान्य",concussion_with_brief_amnesia; post_traumatic_headache; single_emesis; alert_gcs15,4.0,6.0,hypothyroidism,none_known,yes,83.0,144.0,88.0,98.0,37.0,17.0,NONE,YELLOW,none,true,true,false,prohibited,offline_technical_pipeline_validation,SYNTHETIC_DATA_UNVALIDATED_FOR_STRUCTURAL_TESTING_ONLY_DO_NOT_USE_FOR_CLINICAL_DECISION_MAKING
CASE-V3-01002,PAT-V3-01002,FAM_GRN_11,CONCEPT_IMPACTED_CERUMEN,FAM_GRN_11_T01,26,FEMALE,hi,स्विमिंग पूल में नहाने के बाद दाहिने कान में भारीपन और कम सुनाई देना,"कान में रुई फंसी होने जैसा अहसास, कोई तेज दर्द नहीं, कोई मवाद या पानी नहीं बह रहा, बुखार नहीं",muffled_hearing_unilateral; ear_fullness; no_ear_discharge; no_otalgia_severe; afebrile,168.0,1.0,hypothyroidism,none_known,no,66.0,126.0,78.0,100.0,37.0,18.0,NONE,GREEN,none,true,true,false,prohibited,offline_technical_pipeline_validation,SYNTHETIC_DATA_UNVALIDATED_FOR_STRUCTURAL_TESTING_ONLY_DO_NOT_USE_FOR_CLINICAL_DECISION_MAKING
CASE-V3-01003,PAT-V3-01003,FAM_YEL_07,CONCEPT_EXTREMITY_FRACTURE,FAM_YEL_07_T01,14,MALE,en,Severe wrist deformity and swelling after falling onto outstretched hand,"Dinner-fork angle visible at wrist, excruciating bone tenderness, fingers pink and warm, cannot move wrist",deformity_wrist_fracture; colles_fracture_suspect; exquisite_tenderness; neurovascular_intact,2.0,8.0,none_reported,"dust_mites, pollen",not_applicable,96.0,139.0,92.0,99.0,36.9,19.0,NONE,YELLOW,none,true,true,false,prohibited,offline_technical_pipeline_validation,SYNTHETIC_DATA_UNVALIDATED_FOR_STRUCTURAL_TESTING_ONLY_DO_NOT_USE_FOR_CLINICAL_DECISION_MAKING
CASE-V3-01007,PAT-V3-01007,FAM_YEL_06,CONCEPT_DEEP_LACERATION,FAM_YEL_06_T03,67,MALE,or,"କାଚ ବାଜି ଜଙ୍ଘରେ ଗଭୀର କଟା, ଦୁଇଟି ପଟି ରକ୍ତରେ ଭିଜିଛି","ଜଙ୍ଘ ଉପରେ ଚଉଡ଼ା କ୍ଷତ, ଗୋଡ଼ କାଲୁଆ ହୋଇନାହିଁ, ଚାପ ଦେବା ପରେ ରକ୍ତ ଝରୁଛି",glass_cut_thigh; full_thickness_wound; stable_hemodynamics,2.0,6.0,dyslipidemia,sulfa_drugs,not_applicable,105.0,133.0,87.0,98.0,36.9,18.0,NONE,YELLOW,none,true,true,false,prohibited,offline_technical_pipeline_validation,SYNTHETIC_DATA_UNVALIDATED_FOR_STRUCTURAL_TESTING_ONLY_DO_NOT_USE_FOR_CLINICAL_DECISION_MAKING
CASE-V3-01008,PAT-V3-01008,FAM_GRN_10,CONCEPT_MILD_ANKLE_SPRAIN,FAM_GRN_10_T03,24,MALE,hi,ऊंचे फुटपाथ से पैर फिसलने पर पंजे के बाहरी किनारे में हल्का दर्द,"टखने के नीचे हल्का नीला निशान, पंजों के बल खड़े होने में हल्का खिंचाव, चल पा रहे हैं",ankle_strain_walkable; ecchymosis_minimal; full_plantarflexion,24.0,2.0,"hypertension, type_2_diabetes",sulfa_drugs,not_applicable,68.0,119.0,84.0,99.0,37.0,16.0,NONE,GREEN,none,true,true,false,prohibited,offline_technical_pipeline_validation,SYNTHETIC_DATA_UNVALIDATED_FOR_STRUCTURAL_TESTING_ONLY_DO_NOT_USE_FOR_CLINICAL_DECISION_MAKING
CASE-V3-01010,PAT-V3-01010,FAM_GRN_12,CONCEPT_APHTHOUS_STOMATITIS,FAM_GRN_12_T04,60,MALE,or,ପରୀକ୍ଷା ଚାପ ସମୟରେ ପାଟିରେ ପୁଣି ସେହି ପୁରୁଣା ଘା' ବାହାରିବା,"୫ ଦିନରେ ନିଜେ ଭଲ ହୋଇଯାଏ, ପ୍ରଚୁର ପାଣି ପିଉଛନ୍ତି, ହାତଗୋଡ଼ରେ ଦାଗ ନାହିଁ",recurrent_aphthous_minor; localized; good_hydration,48.0,2.0,hypothyroidism,none_known,not_applicable,75.0,125.0,75.0,98.0,37.0,14.0,NONE,GREEN,none,true,true,false,prohibited,offline_technical_pipeline_validation,SYNTHETIC_DATA_UNVALIDATED_FOR_STRUCTURAL_TESTING_ONLY_DO_NOT_USE_FOR_CLINICAL_DECISION_MAKING
CASE-V3-01011,PAT-V3-01011,FAM_GRN_19,CONCEPT_CHRONIC_ONYCHOMYCOSIS,FAM_GRN_19_T02,44,FEMALE,or,"ଗୋଡ଼ ନଖରେ ଫଙ୍ଗସ୍ ଲାଗି ହଳଦିଆ ହେବା, ଔଷଧ ଲେଖାଇବାକୁ ଆସିଛନ୍ତି","ନଖ ଶକ୍ତ ହୋଇ କଟି ହେଉନାହିଁ, କୌଣସି ଦରଜ ବା ଫୁଲା ନାହିଁ, ସ୍ୱାଭାବିକ",fungal_nail_infection; dystrophic_nail_plate; cosmetic_concern,720.0,0.0,coronary_artery_disease,"dust_mites, pollen",no,73.0,121.0,79.0,100.0,36.6,15.0,NONE,GREEN,none,true,true,false,prohibited,offline_technical_pipeline_validation,SYNTHETIC_DATA_UNVALIDATED_FOR_STRUCTURAL_TESTING_ONLY_DO_NOT_USE_FOR_CLINICAL_DECISION_MAKING
CASE-V3-01012,PAT-V3-01012,FAM_YEL_06,CONCEPT_DEEP_LACERATION,FAM_YEL_06_T02,57,MALE,hi,"ईंट गिरने से सिर में गहरा घाव, तौलिए से खून दबाकर रोका हुआ","सिर की चमड़ी फटी हुई, टांके लगाने की जरूरत, मरीज पूरी तरह होश में है और कोई उल्टी नहीं",gaping_scalp_laceration; controlled_hemostasis; no_loss_of_consciousness,2.0,7.0,asthma,none_known,not_applicable,89.0,137.0,87.0,99.0,36.8,20.0,NONE,YELLOW,none,true,true,false,prohibited,offline_technical_pipeline_validation,SYNTHETIC_DATA_UNVALIDATED_FOR_STRUCTURAL_TESTING_ONLY_DO_NOT_USE_FOR_CLINICAL_DECISION_MAKING
CASE-V3-01013,PAT-V3-01013,FAM_GRN_06,CONCEPT_MILD_DYSPEPSIA,FAM_GRN_06_T03,46,FEMALE,or,"ମଧ୍ୟାହ୍ନ ଭୋଜନ ପରେ ପେଟ ଫାମ୍ପିବା ଓ ଭାରୀ ଲାଗିବା, ହଜମ ଔଷଧ ଦରକାର","ପେଟ ଫୁଲି ରହିବା, ଢେକୁର ଆସିଲେ ହାଲୁକା ଲାଗିବା, ଝାଡ଼ା ସମ୍ପୂର୍ଣ୍ଣ ସ୍ୱାଭାବିକ",functional_dyspepsia; postprandial_bloating; mild_epigastric_ache,12.0,4.0,hypertension,penicillin,no,83.0,126.0,72.0,100.0,36.8,18.0,NONE,GREEN,none,true,true,false,prohibited,offline_technical_pipeline_validation,SYNTHETIC_DATA_UNVALIDATED_FOR_STRUCTURAL_TESTING_ONLY_DO_NOT_USE_FOR_CLINICAL_DECISION_MAKING
CASE-V3-01014,PAT-V3-01014,FAM_GRN_02,CONCEPT_TENSION_HEADACHE,FAM_GRN_02_T01,35,OTHER,or,କମ୍ପ୍ୟୁଟରରେ ବହୁତ ସମୟ କାମ ପରେ କପାଳରେ ଫିତା ବାନ୍ଧିଲା ଭଳି ଚାପ,"କପାଳ ଚାରିପାଖେ ଧିମା ଜକଡ଼ା ଭାବ, ବାନ୍ତି ନାହିଁ, ଆଲୋକରେ କଷ୍ଟ ନାହିଁ, ବେକ ସାମାନ୍ୟ ଟାଣ",bilateral_band_like_pressure; non_pulsatile_headache; no_photophobia; no_vomiting; neck_tightness,48.0,4.0,chronic_kidney_disease_stage_2,aspirin,not_applicable,74.0,113.0,73.0,99.0,36.7,17.0,NONE,GREEN,none,true,true,false,prohibited,offline_technical_pipeline_validation,SYNTHETIC_DATA_UNVALIDATED_FOR_STRUCTURAL_TESTING_ONLY_DO_NOT_USE_FOR_CLINICAL_DECISION_MAKING
CASE-V3-01017,PAT-V3-01017,FAM_GRN_10,CONCEPT_MILD_ANKLE_SPRAIN,FAM_GRN_10_T05,58,OTHER,en,"Stretched foot tendon during yoga class, able to walk into room","Tender soft spot in front of lateral bone, no navicular tenderness, no limp",simple_ligament_sprain; ambulatory_ottawa_negative; stable,2.0,3.0,allergic_rhinitis,sulfa_drugs,not_applicable,72.0,124.0,82.0,100.0,37.0,14.0,NONE,GREEN,none,true,true,false,prohibited,offline_technical_pipeline_validation,SYNTHETIC_DATA_UNVALIDATED_FOR_STRUCTURAL_TESTING_ONLY_DO_NOT_USE_FOR_CLINICAL_DECISION_MAKING
CASE-V3-01018,PAT-V3-01018,FAM_GRN_11,CONCEPT_IMPACTED_CERUMEN,FAM_GRN_11_T01,78,FEMALE,or,ପୋଖରୀରେ ଗାଧୋଇବା ପରେ ଡାହାଣ କାନ ବନ୍ଦ ଲାଗିବା ଓ କମ ଶୁଭିବା,"କାନ ଭିତରେ ତୁଳା ପଶିଲା ଭଳି ଭାରୀ, ତୀବ୍ର କଷ୍ଟ ନାହିଁ, ପାଣି ବା ରକ୍ତ ବୋହୁନାହିଁ, ଜ୍ୱର ନାହିଁ",muffled_hearing_unilateral; ear_fullness; no_ear_discharge; no_otalgia_severe; afebrile,336.0,2.0,chronic_kidney_disease_stage_2,sulfa_drugs,not_applicable,71.0,127.0,80.0,98.0,36.6,14.0,NONE,GREEN,none,true,true,false,prohibited,offline_technical_pipeline_validation,SYNTHETIC_DATA_UNVALIDATED_FOR_STRUCTURAL_TESTING_ONLY_DO_NOT_USE_FOR_CLINICAL_DECISION_MAKING
CASE-V3-01019,PAT-V3-01019,FAM_YEL_20,CONCEPT_SYMPTOMATIC_TACHYCARDIA_STABLE,FAM_YEL_20_T01,56,FEMALE,hi,"सीने में दिल का बेहद तेज और अनियमित धड़कना, घबराहट और चक्कर","नब्ज 135 पर बेतरतीब भाग रही है, गले में फड़फड़ाहट, चलने पर सिर घूमना, छाती में दर्द नहीं, बीपी ठीक है",rapid_irregular_palpitations; flutter_sensation; lightheadedness; stable_blood_pressure; no_chest_pain,2.0,4.0,hypertension,penicillin,not_applicable,144.0,127.0,88.0,99.0,36.7,18.0,NONE,YELLOW,none,true,true,false,prohibited,offline_technical_pipeline_validation,SYNTHETIC_DATA_UNVALIDATED_FOR_STRUCTURAL_TESTING_ONLY_DO_NOT_USE_FOR_CLINICAL_DECISION_MAKING
CASE-V3-01021,PAT-V3-01021,FAM_YEL_13,CONCEPT_CORNEAL_ABRASION_EYE_INJURY,FAM_YEL_13_T01,48,OTHER,hi,टहनी लगने के बाद दाईं आंख में असहनीय दर्द और आंख न खोल पाना,"पलकें अपने आप बंद हो जाना, रोशनी में बिल्कुल न देख पाना, लगातार पानी बहना, आंख में कुछ चुभने का अहसास",severe_ocular_pain; blepharospasm; foreign_body_sensation; photophobia; lacrimation,8.0,8.0,type_2_diabetes,amoxicillin,not_applicable,86.0,130.0,88.0,99.0,36.8,17.0,NONE,YELLOW,none,true,true,false,prohibited,offline_technical_pipeline_validation,SYNTHETIC_DATA_UNVALIDATED_FOR_STRUCTURAL_TESTING_ONLY_DO_NOT_USE_FOR_CLINICAL_DECISION_MAKING
CASE-V3-01023,PAT-V3-01023,FAM_GRN_03,CONCEPT_ALLERGIC_RHINITIS,FAM_GRN_03_T04,53,OTHER,or,ଧୂଳି ସଫା କରିବା ପରେ ଆଖି ନାଲି ଓ ନାକରୁ ପାଣି ବୋହିବା,"ଧୂଳି ବାଜିବା ମାତ୍ରେ ଆଖି କୁଣ୍ଡାଇ ହେବା, ଗଳା ଦରଜ ନାହିଁ, ଅନ୍ୟ ସବୁ ସ୍ୱାଭାବିକ",dust_allergy; conjunctival_hyperemia_mild; clear_lacrimation,72.0,2.0,osteoarthritis,amoxicillin,not_applicable,85.0,117.0,78.0,98.0,36.7,17.0,NONE,GREEN,none,true,true,false,prohibited,offline_technical_pipeline_validation,SYNTHETIC_DATA_UNVALIDATED_FOR_STRUCTURAL_TESTING_ONLY_DO_NOT_USE_FOR_CLINICAL_DECISION_MAKING
CASE-V3-01025,PAT-V3-01025,FAM_YEL_15,CONCEPT_HEAD_INJURY_CONCUSSION,FAM_YEL_15_T02,67,MALE,or,କବାଟରେ ମୁଣ୍ଡ ବାଜି କପାଳରେ ବଡ଼ ଗୁମୁଡ଼ା ଫୁଲା ଓ ଅବିରତ ବାନ୍ତି ଭାବ,"ଅଣ୍ଡା ଆକାରର ଫୁଲା, ଉଠି ବସିଲେ ମୁଣ୍ଡ ଘୁରାଉଛି, ସବୁ ପ୍ରଶ୍ନର ଉତ୍ତର ଦେଉଛନ୍ତି",blunt_head_trauma; goose_egg_hematoma; persistent_nausea,1.0,6.0,none_reported,"dust_mites, pollen",not_applicable,77.0,129.0,87.0,100.0,36.6,20.0,NONE,YELLOW,none,true,true,false,prohibited,offline_technical_pipeline_validation,SYNTHETIC_DATA_UNVALIDATED_FOR_STRUCTURAL_TESTING_ONLY_DO_NOT_USE_FOR_CLINICAL_DECISION_MAKING
CASE-V3-01026,PAT-V3-01026,FAM_GRN_05,CONCEPT_CHRONIC_KNEE_OSTEOARTHRITIS,FAM_GRN_05_T03,81,FEMALE,en,Aching inner edge of right knee after market grocery shopping,"Mild bony enlargement at joint margin, no acute redness, relieves after resting on sofa",degenerative_joint_ache; mild_swelling_chronic; mobile,168.0,5.0,hypertension,aspirin,not_applicable,77.0,138.0,74.0,97.0,37.1,18.0,NONE,GREEN,none,true,true,false,prohibited,offline_technical_pipeline_validation,SYNTHETIC_DATA_UNVALIDATED_FOR_STRUCTURAL_TESTING_ONLY_DO_NOT_USE_FOR_CLINICAL_DECISION_MAKING
CASE-V3-01028,PAT-V3-01028,FAM_GRN_05,CONCEPT_CHRONIC_KNEE_OSTEOARTHRITIS,FAM_GRN_05_T05,68,FEMALE,hi,सीढ़ियां उतरते समय घुटने की कटोरी में धीमा दर्द,"उतरते समय सहारा लेना, जोड़ पर कोई लाली या गर्माहट नहीं, सामान्य स्वास्थ्य ठीक",chronic_arthrosis; pain_on_descending_stairs; no_systemic_symptoms,72.0,4.0,type_2_diabetes,penicillin,not_applicable,74.0,129.0,85.0,97.0,36.9,15.0,NONE,GREEN,none,true,true,false,prohibited,offline_technical_pipeline_validation,SYNTHETIC_DATA_UNVALIDATED_FOR_STRUCTURAL_TESTING_ONLY_DO_NOT_USE_FOR_CLINICAL_DECISION_MAKING
CASE-V3-01029,PAT-V3-01029,FAM_GRN_02,CONCEPT_TENSION_HEADACHE,FAM_GRN_02_T01,63,MALE,en,Mild band-like pressure across forehead after prolonged computer screen work,"Dull steady tightening band around temples, no nausea, light does not bother eyes, neck muscles slightly stiff",bilateral_band_like_pressure; non_pulsatile_headache; no_photophobia; no_vomiting; neck_tightness,6.0,4.0,epilepsy,"dust_mites, pollen",not_applicable,78.0,122.0,80.0,98.0,36.7,16.0,NONE,GREEN,none,true,true,false,prohibited,offline_technical_pipeline_validation,SYNTHETIC_DATA_UNVALIDATED_FOR_STRUCTURAL_TESTING_ONLY_DO_NOT_USE_FOR_CLINICAL_DECISION_MAKING
CASE-V3-01032,PAT-V3-01032,FAM_GRN_10,CONCEPT_MILD_ANKLE_SPRAIN,FAM_GRN_10_T02,60,FEMALE,or,"ଦୌଡ଼ିବା ବେଳେ ଗୋଇଠିରେ ସାମାନ୍ୟ ମୋଚ, ଗରମ ପଟି ବାନ୍ଧିବାକୁ ଆସିଛନ୍ତି","ଗୋଇଠି କଡ଼ରେ ସାମାନ୍ୟ କଷ୍ଟ, ୧ କିମି ଚାଲି ଘରକୁ ଗଲେ, ଆଙ୍ଗୁଠି ଚଳୁଛି",ligamentous_stretch_mild; lateral_soft_tissue_puffiness; weight_bearing_intact,2.0,2.0,gastroesophageal_reflux,unknown,not_applicable,84.0,122.0,81.0,98.0,36.7,18.0,NONE,GREEN,none,true,true,false,prohibited,offline_technical_pipeline_validation,SYNTHETIC_DATA_UNVALIDATED_FOR_STRUCTURAL_TESTING_ONLY_DO_NOT_USE_FOR_CLINICAL_DECISION_MAKING
CASE-V3-01033,PAT-V3-01033,FAM_YEL_11,CONCEPT_PELVIC_INFLAMMATORY_DISEASE,FAM_YEL_11_T01,32,FEMALE,hi,"पेल्विस के दोनों तरफ तेज दर्द, तेज बुखार और बदबूदार स्राव","पेट के निचले दोनों हिस्सों में गहरा दर्द, चलने पर तकलीफ बढ़ना, कंपकंपी वाला बुखार",bilateral_lower_abdominal_pain; cervical_motion_tenderness_suspect; purulent_vaginal_discharge; fever,48.0,6.0,type_2_diabetes,none_known,no,97.0,134.0,81.0,100.0,38.1,20.0,NONE,YELLOW,none,true,true,false,prohibited,offline_technical_pipeline_validation,SYNTHETIC_DATA_UNVALIDATED_FOR_STRUCTURAL_TESTING_ONLY_DO_NOT_USE_FOR_CLINICAL_DECISION_MAKING
CASE-V3-01036,PAT-V3-01036,FAM_YEL_11,CONCEPT_PELVIC_INFLAMMATORY_DISEASE,FAM_YEL_11_T01,32,OTHER,or,"ତଳ ପେଟର ଉଭୟ ପାଖରେ ତୀବ୍ର ଯନ୍ତ୍ରଣା, ପ୍ରବଳ ଜ୍ୱର ଓ ଦୁର୍ଗନ୍ଧ ଯୋନିସ୍ରାବ","ଦୁଇ ପାଖରେ ଭାରୀ କଷ୍ଟ, ଚାଲିଲେ ବଢ଼ୁଛି, ଥରି ଥରି ଜ୍ୱର ଆସିବା",bilateral_lower_abdominal_pain; cervical_motion_tenderness_suspect; purulent_vaginal_discharge; fever,96.0,8.0,hypertension,none_known,not_applicable,95.0,115.0,77.0,98.0,38.8,19.0,NONE,YELLOW,none,true,true,false,prohibited,offline_technical_pipeline_validation,SYNTHETIC_DATA_UNVALIDATED_FOR_STRUCTURAL_TESTING_ONLY_DO_NOT_USE_FOR_CLINICAL_DECISION_MAKING
CASE-V3-01037,PAT-V3-01037,FAM_GRN_19,CONCEPT_CHRONIC_ONYCHOMYCOSIS,FAM_GRN_19_T02,42,MALE,hi,"पैर के नाखूनों में फंगस लगने से पीलापन, नाखून का लोशन चाहिए","नाखून सख्त और भद्दे हो गए हैं, नेलकटर से नहीं कटते, कोई दर्द या सूजन नहीं",fungal_nail_infection; dystrophic_nail_plate; cosmetic_concern,4320.0,1.0,copd,aspirin,not_applicable,84.0,122.0,78.0,98.0,37.1,17.0,NONE,GREEN,none,true,true,false,prohibited,offline_technical_pipeline_validation,SYNTHETIC_DATA_UNVALIDATED_FOR_STRUCTURAL_TESTING_ONLY_DO_NOT_USE_FOR_CLINICAL_DECISION_MAKING
CASE-V3-01040,PAT-V3-01040,FAM_GRN_10,CONCEPT_MILD_ANKLE_SPRAIN,FAM_GRN_10_T01,21,MALE,or,"ପାହାଚରୁ ବାମ ଗୋଇଠି ସାମାନ୍ୟ ମୋଡ଼ି ହେବା, ସାମାନ୍ୟ ଛୋଟେଇ ପୂରା ଭାର ଦେଇ ଚାଲିପାରୁଛନ୍ତି","ଗୋଇଠି ଆଗରେ ହାଲୁକା ଫୁଲା, ହାଡ଼ ଉପରେ କଷ୍ଟ ନାହିଁ, ମୋଡ଼ି ହେବା ପରେ ନିଜେ ଚାଲିଲେ",grade_1_inversion_sprain; minimal_lateral_swelling; able_to_bear_weight_immediately; no_bony_malleolar_tenderness,4.0,4.0,asthma,amoxicillin,not_applicable,73.0,120.0,70.0,100.0,36.6,15.0,NONE,GREEN,none,true,true,false,prohibited,offline_technical_pipeline_validation,SYNTHETIC_DATA_UNVALIDATED_FOR_STRUCTURAL_TESTING_ONLY_DO_NOT_USE_FOR_CLINICAL_DECISION_MAKING
CASE-V3-01041,PAT-V3-01041,FAM_GRN_11,CONCEPT_IMPACTED_CERUMEN,FAM_GRN_11_T01,29,MALE,or,ପୋଖରୀରେ ଗାଧୋଇବା ପରେ ଡାହାଣ କାନ ବନ୍ଦ ଲାଗିବା ଓ କମ ଶୁଭିବା,"କାନ ଭିତରେ ତୁଳା ପଶିଲା ଭଳି ଭାରୀ, ତୀବ୍ର କଷ୍ଟ ନାହିଁ, ପାଣି ବା ରକ୍ତ ବୋହୁନାହିଁ, ଜ୍ୱର ନାହିଁ",muffled_hearing_unilateral; ear_fullness; no_ear_discharge; no_otalgia_severe; afebrile,336.0,1.0,hypertension,none_known,not_applicable,72.0,119.0,71.0,100.0,36.7,14.0,NONE,GREEN,none,true,true,false,prohibited,offline_technical_pipeline_validation,SYNTHETIC_DATA_UNVALIDATED_FOR_STRUCTURAL_TESTING_ONLY_DO_NOT_USE_FOR_CLINICAL_DECISION_MAKING
CASE-V3-01043,PAT-V3-01043,FAM_YEL_18,CONCEPT_SECOND_DEGREE_BURN,FAM_YEL_18_T05,54,OTHER,hi,पटाखा फटने से हथेली में फफोले और भयानक जलन,"हथेली की चमड़ी जली हुई और पानी भरे छाले, उंगलियां हिल रही हैं पर तेज जलन",firework_thermal_burn; hand_partial_thickness; acute_pain,1.0,7.0,migraine,"dust_mites, pollen",not_applicable,108.0,134.0,77.0,100.0,37.0,17.0,NONE,YELLOW,none,true,true,false,prohibited,offline_technical_pipeline_validation,SYNTHETIC_DATA_UNVALIDATED_FOR_STRUCTURAL_TESTING_ONLY_DO_NOT_USE_FOR_CLINICAL_DECISION_MAKING
CASE-V3-01045,PAT-V3-01045,FAM_GRN_03,CONCEPT_ALLERGIC_RHINITIS,FAM_GRN_03_T04,49,FEMALE,or,ଧୂଳି ସଫା କରିବା ପରେ ଆଖି ନାଲି ଓ ନାକରୁ ପାଣି ବୋହିବା,"ଧୂଳି ବାଜିବା ମାତ୍ରେ ଆଖି କୁଣ୍ଡାଇ ହେବା, ଗଳା ଦରଜ ନାହିଁ, ଅନ୍ୟ ସବୁ ସ୍ୱାଭାବିକ",dust_allergy; conjunctival_hyperemia_mild; clear_lacrimation,48.0,2.0,none_reported,unknown,no,68.0,113.0,72.0,99.0,36.7,18.0,NONE,GREEN,none,true,true,false,prohibited,offline_technical_pipeline_validation,SYNTHETIC_DATA_UNVALIDATED_FOR_STRUCTURAL_TESTING_ONLY_DO_NOT_USE_FOR_CLINICAL_DECISION_MAKING
CASE-V3-01048,PAT-V3-01048,FAM_YEL_19,CONCEPT_PERITONSILLAR_ABSCESS,FAM_YEL_19_T05,44,OTHER,hi,"खाना या गोली निगलने में असमर्थ, जबड़े के नीचे तेज दर्द और सूजन","लार बाहर निकालना, गर्दन के ऊपरी हिस्से में भारी दर्द, मुंह नहीं खुल रहा, 38.8C बुखार",deep_neck_space_infection_risk; trismus; pyrexia,72.0,8.0,osteoarthritis,none_known,not_applicable,102.0,124.0,85.0,96.0,39.3,21.0,NONE,YELLOW,none,true,true,false,prohibited,offline_technical_pipeline_validation,SYNTHETIC_DATA_UNVALIDATED_FOR_STRUCTURAL_TESTING_ONLY_DO_NOT_USE_FOR_CLINICAL_DECISION_MAKING
CASE-V3-01049,PAT-V3-01049,FAM_GRN_19,CONCEPT_CHRONIC_ONYCHOMYCOSIS,FAM_GRN_19_T05,47,MALE,or,ନଖ ଫଙ୍ଗସ୍ ଔଷଧ ଖାଇବା ବିଷୟରେ ଡାକ୍ତରଙ୍କ ପରାମର୍ଶ ପାଇଁ ଆସିଛନ୍ତି,"ନଖରେ ବିନ୍ଧା ନାହିଁ, ଦିନକୁ ୫ କିମି ଚାଲନ୍ତି, ସ୍ୱାସ୍ଥ୍ୟ ସମ୍ପୂର୍ଣ୍ଣ ଭଲ",painless_nail_thickening; antifungal_advice; afebrile,4320.0,0.0,"hypertension, type_2_diabetes",ciprofloxacin,not_applicable,74.0,127.0,77.0,98.0,37.1,14.0,NONE,GREEN,none,true,true,false,prohibited,offline_technical_pipeline_validation,SYNTHETIC_DATA_UNVALIDATED_FOR_STRUCTURAL_TESTING_ONLY_DO_NOT_USE_FOR_CLINICAL_DECISION_MAKING
CASE-V3-01054,PAT-V3-01054,FAM_GRN_15,CONCEPT_CHRONIC_TINNITUS,FAM_GRN_15_T03,70,FEMALE,hi,शादी में लाउडस्पीकर सुनने के बाद दो हफ्ते से कानों में गूंज,"दोनों कानों में हल्की सनसनाहट जो धीरे-धीरे घट रही है, संतुलन ठीक है, बुखार नहीं",subacute_tinnitus; bilateral; no_neurological_symptoms,720.0,0.0,gastroesophageal_reflux,unknown,not_applicable,77.0,122.0,79.0,100.0,37.0,15.0,NONE,GREEN,none,true,true,false,prohibited,offline_technical_pipeline_validation,SYNTHETIC_DATA_UNVALIDATED_FOR_STRUCTURAL_TESTING_ONLY_DO_NOT_USE_FOR_CLINICAL_DECISION_MAKING
CASE-V3-01055,PAT-V3-01055,FAM_YEL_19,CONCEPT_PERITONSILLAR_ABSCESS,FAM_YEL_19_T01,40,OTHER,en,Severe right sided throat pain unable to swallow saliva with muffled hot potato voice,"Cannot open mouth wider than two fingers, right tonsil bulging across midline, pooling saliva in mouth, fever",unilateral_severe_sore_throat; trismus_difficulty_opening_mouth; hot_potato_voice; drooling; fever,48.0,8.0,type_2_diabetes,none_known,not_applicable,97.0,128.0,83.0,97.0,38.5,19.0,NONE,YELLOW,none,true,true,false,prohibited,offline_technical_pipeline_validation,SYNTHETIC_DATA_UNVALIDATED_FOR_STRUCTURAL_TESTING_ONLY_DO_NOT_USE_FOR_CLINICAL_DECISION_MAKING
CASE-V3-01056,PAT-V3-01056,FAM_YEL_14,CONCEPT_SPREADING_CELLULITIS,FAM_YEL_14_T05,66,OTHER,hi,मच्छर काटने के बाद बच्चे की पलक में लाल गर्म सूजन,"पुतली चारों तरफ घूम रही है, आंख के अंदर दर्द नहीं पर पलक काफी सूजी है, हल्का बुखार",periorbital_cellulitis_mild; localized_edema; intact_extraocular_movements,72.0,5.0,none_reported,nsaids,not_applicable,106.0,133.0,88.0,99.0,39.0,19.0,NONE,YELLOW,none,true,true,false,prohibited,offline_technical_pipeline_validation,SYNTHETIC_DATA_UNVALIDATED_FOR_STRUCTURAL_TESTING_ONLY_DO_NOT_USE_FOR_CLINICAL_DECISION_MAKING
CASE-V3-01057,PAT-V3-01057,FAM_GRN_04,CONCEPT_SUPERFICIAL_ABRASION,FAM_GRN_04_T03,59,MALE,en,"Scratched palms after tripping on stairs, needs antiseptic clean","Shallow surface grazes across palm heels, no embedded dirt, finger movement full, bleeding dried",palm_abrasion_fall; clean_wound; no_foreign_body,2.0,4.0,dyslipidemia,unknown,not_applicable,78.0,129.0,76.0,99.0,36.9,16.0,NONE,GREEN,none,true,true,false,prohibited,offline_technical_pipeline_validation,SYNTHETIC_DATA_UNVALIDATED_FOR_STRUCTURAL_TESTING_ONLY_DO_NOT_USE_FOR_CLINICAL_DECISION_MAKING
CASE-V3-01058,PAT-V3-01058,FAM_YEL_15,CONCEPT_HEAD_INJURY_CONCUSSION,FAM_YEL_15_T02,23,MALE,or,କବାଟରେ ମୁଣ୍ଡ ବାଜି କପାଳରେ ବଡ଼ ଗୁମୁଡ଼ା ଫୁଲା ଓ ଅବିରତ ବାନ୍ତି ଭାବ,"ଅଣ୍ଡା ଆକାରର ଫୁଲା, ଉଠି ବସିଲେ ମୁଣ୍ଡ ଘୁରାଉଛି, ସବୁ ପ୍ରଶ୍ନର ଉତ୍ତର ଦେଉଛନ୍ତି",blunt_head_trauma; goose_egg_hematoma; persistent_nausea,2.0,6.0,dyslipidemia,unknown,not_applicable,81.0,141.0,84.0,100.0,37.1,16.0,NONE,YELLOW,none,true,true,false,prohibited,offline_technical_pipeline_validation,SYNTHETIC_DATA_UNVALIDATED_FOR_STRUCTURAL_TESTING_ONLY_DO_NOT_USE_FOR_CLINICAL_DECISION_MAKING
CASE-V3-01059,PAT-V3-01059,FAM_YEL_20,CONCEPT_SYMPTOMATIC_TACHYCARDIA_STABLE,FAM_YEL_20_T02,52,FEMALE,en,Sudden onset pounding irregular pulse keeping patient restless for 4 hours,"Heart thumping irregularly in ribcage, sudden fatigue, pulse feels erratic at wrist, alert",atrial_fibrillation_rapid_ventricular_response; pulse_deficit; fatigue,18.0,2.0,coronary_artery_disease,amoxicillin,no,143.0,136.0,88.0,98.0,37.0,21.0,NONE,YELLOW,none,true,true,false,prohibited,offline_technical_pipeline_validation,SYNTHETIC_DATA_UNVALIDATED_FOR_STRUCTURAL_TESTING_ONLY_DO_NOT_USE_FOR_CLINICAL_DECISION_MAKING
CASE-V3-01060,PAT-V3-01060,FAM_YEL_19,CONCEPT_PERITONSILLAR_ABSCESS,FAM_YEL_19_T03,23,FEMALE,or,ଗଳାର ଗୋଟିଏ ପଟେ ଭୀଷଣ ଫୁଲା ଯୋଗୁଁ ଢୋକ ପିଇବା ଅସମ୍ଭବ,"ଛେପ ଗିଳି ନପାରି ପାତ୍ରରେ ପକାଉଛନ୍ତି, କାନତଳ ଗାଲ ଫୁଲି କଠିନ, ଜ୍ୱର",peritonsillar_cellulitis; severe_odynophagia; trismus,96.0,8.0,copd,ciprofloxacin,unknown,93.0,126.0,80.0,96.0,38.8,19.0,NONE,YELLOW,none,true,true,false,prohibited,offline_technical_pipeline_validation,SYNTHETIC_DATA_UNVALIDATED_FOR_STRUCTURAL_TESTING_ONLY_DO_NOT_USE_FOR_CLINICAL_DECISION_MAKING
CASE-V3-01065,PAT-V3-01065,FAM_YEL_10,CONCEPT_ACUTE_DIVERTICULITIS,FAM_YEL_10_T01,53,FEMALE,or,"ପେଟର ତଳ ବାମ ପାଖରେ ଲଗାତାର ଯନ୍ତ୍ରଣା, ହାଲୁକା ଜ୍ୱର ଓ ପେଟ ଫାମ୍ପିବା","ବାମ ପାଖ ଚିପିଲେ କଷ୍ଟ, ଝାଡ଼ା ଯିବା ବେଳେ ଯନ୍ତ୍ରଣା, ଦୁଇ ଦିନରୁ ଦେହ ତାତିବା",left_lower_quadrant_pain; persistent_tenderness; low_fever; altered_bowels,24.0,7.0,none_reported,amoxicillin,no,97.0,133.0,79.0,99.0,38.5,19.0,NONE,YELLOW,none,true,true,false,prohibited,offline_technical_pipeline_validation,SYNTHETIC_DATA_UNVALIDATED_FOR_STRUCTURAL_TESTING_ONLY_DO_NOT_USE_FOR_CLINICAL_DECISION_MAKING
CASE-V3-01067,PAT-V3-01067,FAM_GRN_01,CONCEPT_VIRAL_UPPER_RESPIRATORY_INFECTION,FAM_GRN_01_T03,49,FEMALE,en,Head cold with watery eyes and mild morning throat irritation,"Sneezing fits after waking, small clearing of clear mucus, lungs clear, energetic and walking well",coryza; mild_dry_cough; clear_phlegm; stable,96.0,1.0,none_reported,ciprofloxacin,no,69.0,114.0,71.0,100.0,37.1,15.0,NONE,GREEN,none,true,true,false,prohibited,offline_technical_pipeline_validation,SYNTHETIC_DATA_UNVALIDATED_FOR_STRUCTURAL_TESTING_ONLY_DO_NOT_USE_FOR_CLINICAL_DECISION_MAKING
CASE-V3-01069,PAT-V3-01069,FAM_GRN_01,CONCEPT_VIRAL_UPPER_RESPIRATORY_INFECTION,FAM_GRN_01_T04,41,FEMALE,en,Dry scratch in throat and blowing nose frequently at work,"Using paper tissues throughout day, drinking tea, temperature normal, no breathlessness",mild_rhinitis; intermittent_throat_clearing; normal_vitals,72.0,3.0,type_2_diabetes,none_known,no,69.0,113.0,81.0,98.0,37.3,15.0,NONE,GREEN,none,true,true,false,prohibited,offline_technical_pipeline_validation,SYNTHETIC_DATA_UNVALIDATED_FOR_STRUCTURAL_TESTING_ONLY_DO_NOT_USE_FOR_CLINICAL_DECISION_MAKING
CASE-V3-01072,PAT-V3-01072,FAM_YEL_20,CONCEPT_SYMPTOMATIC_TACHYCARDIA_STABLE,FAM_YEL_20_T03,54,OTHER,en,"Rapid fluttering palpitations started while drinking tea, rate feels over 130","Fast steady thumping, tried coughing and cold water without resetting rhythm, warm skin",paroxysmal_supraventricular_tachycardia_stable; throat_flutter; anxiety,18.0,3.0,gastroesophageal_reflux,unknown,not_applicable,141.0,126.0,86.0,96.0,36.7,18.0,NONE,YELLOW,none,true,true,false,prohibited,offline_technical_pipeline_validation,SYNTHETIC_DATA_UNVALIDATED_FOR_STRUCTURAL_TESTING_ONLY_DO_NOT_USE_FOR_CLINICAL_DECISION_MAKING
CASE-V3-01073,PAT-V3-01073,FAM_GRN_06,CONCEPT_MILD_DYSPEPSIA,FAM_GRN_06_T02,47,MALE,en,Sour belching and warm sensation behind chest bone after spicy tea,"Warm feeling rising to throat, disappears on standing and drinking water, no exertion pain, lungs clear",gastroesophageal_reflux_mild; waterbrash; retrosternal_warmth,6.0,3.0,asthma,amoxicillin,not_applicable,72.0,130.0,70.0,100.0,37.1,18.0,NONE,GREEN,none,true,true,false,prohibited,offline_technical_pipeline_validation,SYNTHETIC_DATA_UNVALIDATED_FOR_STRUCTURAL_TESTING_ONLY_DO_NOT_USE_FOR_CLINICAL_DECISION_MAKING
CASE-V3-01075,PAT-V3-01075,FAM_GRN_17,CONCEPT_SIMPLE_HEMORRHOIDS,FAM_GRN_17_T05,51,MALE,en,Itching around back passage with small droplet of fresh blood on stool,"Pruritus worse in humid heat, no black tarry stools, no abdominal tenderness",anal_pruritus_hemorrhoidal; hygiene_advice_needed; stable,72.0,3.0,asthma,"dust_mites, pollen",not_applicable,85.0,121.0,78.0,98.0,36.8,14.0,NONE,GREEN,none,true,true,false,prohibited,offline_technical_pipeline_validation,SYNTHETIC_DATA_UNVALIDATED_FOR_STRUCTURAL_TESTING_ONLY_DO_NOT_USE_FOR_CLINICAL_DECISION_MAKING
CASE-V3-01076,PAT-V3-01076,FAM_GRN_04,CONCEPT_SUPERFICIAL_ABRASION,FAM_GRN_04_T05,28,MALE,en,"Clean graze on shoulder from garden fence, requesting clean dressing","Surface scrape only, no flap of skin, no active bleeding, completely alert and comfortable",minor_abrasion_dressing_request; tetanus_update_request; superficial,2.0,4.0,chronic_kidney_disease_stage_2,none_known,not_applicable,82.0,125.0,81.0,100.0,36.7,14.0,NONE,GREEN,none,true,true,false,prohibited,offline_technical_pipeline_validation,SYNTHETIC_DATA_UNVALIDATED_FOR_STRUCTURAL_TESTING_ONLY_DO_NOT_USE_FOR_CLINICAL_DECISION_MAKING
CASE-V3-01077,PAT-V3-01077,FAM_YEL_10,CONCEPT_ACUTE_DIVERTICULITIS,FAM_YEL_10_T01,71,MALE,en,Constant aching pain in lower left side of abdomen with low fever and bloating,"Localized tenderness in left iliac fossa, painful bowel motion, feverish sensation for 2 days",left_lower_quadrant_pain; persistent_tenderness; low_fever; altered_bowels,24.0,8.0,hypothyroidism,ciprofloxacin,not_applicable,88.0,137.0,86.0,99.0,38.5,20.0,NONE,YELLOW,none,true,true,false,prohibited,offline_technical_pipeline_validation,SYNTHETIC_DATA_UNVALIDATED_FOR_STRUCTURAL_TESTING_ONLY_DO_NOT_USE_FOR_CLINICAL_DECISION_MAKING
CASE-V3-01079,PAT-V3-01079,FAM_GRN_15,CONCEPT_CHRONIC_TINNITUS,FAM_GRN_15_T03,53,MALE,or,ବାହାଘର ବାଜା ଶୁଣିବା ପରେ ଦୁଇ ସପ୍ତାହ ହେଲା କାନରେ ଗୁଣୁଗୁଣୁ ଶବ୍ଦ,"ଦୁଇ କାନରେ ହାଲୁକା ଶବ୍ଦ ଯାହା ଧୀରେ ଧୀରେ କମୁଛି, ଚାଲିବାରେ ସନ୍ତୁଳନ ଠିକ୍",subacute_tinnitus; bilateral; no_neurological_symptoms,720.0,0.0,"hypertension, type_2_diabetes",ciprofloxacin,not_applicable,69.0,126.0,74.0,100.0,36.6,17.0,NONE,GREEN,none,true,true,false,prohibited,offline_technical_pipeline_validation,SYNTHETIC_DATA_UNVALIDATED_FOR_STRUCTURAL_TESTING_ONLY_DO_NOT_USE_FOR_CLINICAL_DECISION_MAKING
CASE-V3-01080,PAT-V3-01080,FAM_YEL_15,CONCEPT_HEAD_INJURY_CONCUSSION,FAM_YEL_15_T03,19,MALE,or,"କଂକ୍ରିଟ୍ ଚଟାଣରେ ପଛମୁଣ୍ଡ ବାଡ଼େଇ ହୋଇ ପଡ଼ିବା, ବାରମ୍ବାର ଗୋଟିଏ କଥା ପଚାରିବା","କ'ଣ ହେଲା ବୋଲି ବାରମ୍ବାର ପଚାରୁଛନ୍ତି, ନିଜ ନାମ ଜାଣିଛନ୍ତି, ନାକ-କାନରୁ ରକ୍ତ ନାହିଁ",post_concussive_dizziness; retrograde_amnesia; stable_neurology,1.0,8.0,chronic_kidney_disease_stage_2,amoxicillin,not_applicable,95.0,142.0,91.0,98.0,37.0,19.0,NONE,YELLOW,none,true,true,false,prohibited,offline_technical_pipeline_validation,SYNTHETIC_DATA_UNVALIDATED_FOR_STRUCTURAL_TESTING_ONLY_DO_NOT_USE_FOR_CLINICAL_DECISION_MAKING
CASE-V3-01081,PAT-V3-01081,FAM_YEL_06,CONCEPT_DEEP_LACERATION,FAM_YEL_06_T01,43,MALE,en,Deep 7cm forearm laceration from machinery with bleeding controlled by bandage,"Gaped skin edges exposing subcutaneous tissue, bleeding halted with firm pressure, intact hand sensation",deep_forearm_laceration; subcutaneous_exposure; bleeding_controlled_pressure; tetanus_risk,2.0,6.0,hypothyroidism,none_known,not_applicable,91.0,131.0,77.0,98.0,36.7,20.0,NONE,YELLOW,none,true,true,false,prohibited,offline_technical_pipeline_validation,SYNTHETIC_DATA_UNVALIDATED_FOR_STRUCTURAL_TESTING_ONLY_DO_NOT_USE_FOR_CLINICAL_DECISION_MAKING
CASE-V3-01082,PAT-V3-01082,FAM_YEL_07,CONCEPT_EXTREMITY_FRACTURE,FAM_YEL_07_T05,14,FEMALE,en,Swollen distorted elbow in child after playground slide fall,"Holding arm flexed against tummy, severe crying on attempted motion, radial pulse normal",elbow_supracondylar_suspect; acute_swelling; splinted,2.0,8.0,gastroesophageal_reflux,aspirin,unknown,89.0,149.0,81.0,99.0,36.8,19.0,NONE,YELLOW,none,true,true,false,prohibited,offline_technical_pipeline_validation,SYNTHETIC_DATA_UNVALIDATED_FOR_STRUCTURAL_TESTING_ONLY_DO_NOT_USE_FOR_CLINICAL_DECISION_MAKING
CASE-V3-01083,PAT-V3-01083,FAM_GRN_12,CONCEPT_APHTHOUS_STOMATITIS,FAM_GRN_12_T02,23,FEMALE,hi,दांत से जीभ कटने के बाद जीभ की नोक पर दर्द भरा छाला,"दांत छूने पर हल्का दर्द, सादा खिचड़ी आराम से खा रहे हैं, बुखार बिल्कुल नहीं",aphthous_ulcer_tongue; localized_stinging; healthy_mucosa,48.0,3.0,migraine,none_known,no,77.0,115.0,71.0,100.0,36.5,18.0,NONE,GREEN,none,true,true,false,prohibited,offline_technical_pipeline_validation,SYNTHETIC_DATA_UNVALIDATED_FOR_STRUCTURAL_TESTING_ONLY_DO_NOT_USE_FOR_CLINICAL_DECISION_MAKING
CASE-V3-01085,PAT-V3-01085,FAM_YEL_05,CONCEPT_ACUTE_PYELONEPHRITIS,FAM_YEL_05_T05,19,FEMALE,or,"ଜ୍ୱର, ବାନ୍ତି ଓ ତଳ ପିଠି ପଞ୍ଜରା ପାଖରେ ପ୍ରବଳ ବିନ୍ଧା","ପିଠିରେ ସାମାନ୍ୟ ଆଘାତରେ କଷ୍ଟ ବଢ଼ିବା, ପରିସ୍ରା ନିଆଁ ଭଳି ପୋଡ଼ିବା, ଶୋଇ ରହିଛନ୍ତି",complicated_urinary_infection; high_temperature; flank_ache,48.0,8.0,epilepsy,none_known,no,100.0,122.0,74.0,99.0,39.5,21.0,NONE,YELLOW,none,true,true,false,prohibited,offline_technical_pipeline_validation,SYNTHETIC_DATA_UNVALIDATED_FOR_STRUCTURAL_TESTING_ONLY_DO_NOT_USE_FOR_CLINICAL_DECISION_MAKING
CASE-V3-01086,PAT-V3-01086,FAM_GRN_17,CONCEPT_SIMPLE_HEMORRHOIDS,FAM_GRN_17_T03,40,FEMALE,hi,कब्ज के बाद शौच करते समय मलद्वार में कागज के कटने जैसी जलन,"शौच के बाद 5 मिनट जलन फिर ठीक, पेट साफ करने का सिरप चाहिए, सामान्य चाल-ढाल",chronic_constipation_anal_fissure_minor; superficial_tear; ointment_request,72.0,3.0,epilepsy,"dust_mites, pollen",yes,85.0,131.0,73.0,98.0,36.7,17.0,NONE,GREEN,none,true,true,false,prohibited,offline_technical_pipeline_validation,SYNTHETIC_DATA_UNVALIDATED_FOR_STRUCTURAL_TESTING_ONLY_DO_NOT_USE_FOR_CLINICAL_DECISION_MAKING
CASE-V3-01087,PAT-V3-01087,FAM_GRN_12,CONCEPT_APHTHOUS_STOMATITIS,FAM_GRN_12_T02,53,MALE,en,Small tender blister on tip of tongue after accidental tooth bite,"Shallow greyish ulcer bed, hurts when tongue rubs teeth, eating bland khichdi comfortably",aphthous_ulcer_tongue; localized_stinging; healthy_mucosa,24.0,3.0,copd,none_known,not_applicable,76.0,123.0,74.0,99.0,36.9,15.0,NONE,GREEN,none,true,true,false,prohibited,offline_technical_pipeline_validation,SYNTHETIC_DATA_UNVALIDATED_FOR_STRUCTURAL_TESTING_ONLY_DO_NOT_USE_FOR_CLINICAL_DECISION_MAKING
CASE-V3-01088,PAT-V3-01088,FAM_GRN_01,CONCEPT_VIRAL_UPPER_RESPIRATORY_INFECTION,FAM_GRN_01_T03,19,MALE,hi,"आंखों से पानी, छींकें और सुबह उठने पर गले में हल्की जलन","सुबह उठते ही छींकें आना, हल्का साफ बलगम, चलने-फिरने में कोई कमजोरी नहीं",coryza; mild_dry_cough; clear_phlegm; stable,48.0,1.0,epilepsy,none_known,not_applicable,70.0,130.0,79.0,99.0,36.9,17.0,NONE,GREEN,none,true,true,false,prohibited,offline_technical_pipeline_validation,SYNTHETIC_DATA_UNVALIDATED_FOR_STRUCTURAL_TESTING_ONLY_DO_NOT_USE_FOR_CLINICAL_DECISION_MAKING
CASE-V3-01093,PAT-V3-01093,FAM_GRN_02,CONCEPT_TENSION_HEADACHE,FAM_GRN_02_T03,25,MALE,en,Tight helmet sensation over top of head after sleepless night,"Pressure feeling without throbbing, improves when resting in quiet room, no focal weakness",episodic_tension_headache; cap_like_distribution; relieved_by_rest,12.0,3.0,gastroesophageal_reflux,nsaids,not_applicable,80.0,120.0,77.0,98.0,36.6,14.0,NONE,GREEN,none,true,true,false,prohibited,offline_technical_pipeline_validation,SYNTHETIC_DATA_UNVALIDATED_FOR_STRUCTURAL_TESTING_ONLY_DO_NOT_USE_FOR_CLINICAL_DECISION_MAKING
CASE-V3-01094,PAT-V3-01094,FAM_YEL_14,CONCEPT_SPREADING_CELLULITIS,FAM_YEL_14_T05,51,MALE,or,ମଶା କାମୁଡ଼ିବା ପରେ ପିଲାର ଆଖି ପତା ଲାଲ୍ ପଡ଼ି ଫୁଲିଯିବା,"ଡୋଳା ଚଳପ୍ରଚଳ ସ୍ୱାଭାବିକ, ଆଖି ପଛପଟ ବିନ୍ଧା ନାହିଁ କିନ୍ତୁ ପତା ଫୁଲିଛି, ଜ୍ୱର",periorbital_cellulitis_mild; localized_edema; intact_extraocular_movements,48.0,6.0,allergic_rhinitis,sulfa_drugs,not_applicable,103.0,139.0,77.0,98.0,38.6,18.0,NONE,YELLOW,none,true,true,false,prohibited,offline_technical_pipeline_validation,SYNTHETIC_DATA_UNVALIDATED_FOR_STRUCTURAL_TESTING_ONLY_DO_NOT_USE_FOR_CLINICAL_DECISION_MAKING
CASE-V3-01095,PAT-V3-01095,FAM_YEL_18,CONCEPT_SECOND_DEGREE_BURN,FAM_YEL_18_T05,38,MALE,en,Firecracker thermal burn across palm with painful blistering,"Singed epidermis, blistering across palm base, fingers mobile, intense burning",firework_thermal_burn; hand_partial_thickness; acute_pain,0.5,7.0,chronic_kidney_disease_stage_2,unknown,not_applicable,104.0,137.0,82.0,100.0,36.6,19.0,NONE,YELLOW,none,true,true,false,prohibited,offline_technical_pipeline_validation,SYNTHETIC_DATA_UNVALIDATED_FOR_STRUCTURAL_TESTING_ONLY_DO_NOT_USE_FOR_CLINICAL_DECISION_MAKING
CASE-V3-01096,PAT-V3-01096,FAM_GRN_02,CONCEPT_TENSION_HEADACHE,FAM_GRN_02_T03,32,MALE,or,ନିଦ ନହେବା ପରେ ମୁଣ୍ଡ ଉପରେ ହେଲମେଟ୍ ପିନ୍ଧିଲା ଭଳି ଜାକି ଧରିବା,"ଧିମା ଚାପ ଭାବ, ଶାନ୍ତ ଜାଗାରେ ବିଶ୍ରାମ କଲେ କମୁଛି, କୌଣସି ଦୁର୍ବଳତା ନାହିଁ",episodic_tension_headache; cap_like_distribution; relieved_by_rest,6.0,3.0,"hypertension, type_2_diabetes",sulfa_drugs,not_applicable,76.0,113.0,81.0,100.0,36.6,18.0,NONE,GREEN,none,true,true,false,prohibited,offline_technical_pipeline_validation,SYNTHETIC_DATA_UNVALIDATED_FOR_STRUCTURAL_TESTING_ONLY_DO_NOT_USE_FOR_CLINICAL_DECISION_MAKING
CASE-V3-01098,PAT-V3-01098,FAM_GRN_09,CONCEPT_SUPERFICIAL_FOLLICULITIS,FAM_GRN_09_T04,24,FEMALE,en,Inflamed red pore on upper arm from ingrown hair,"Tiny ingrown hair coiled inside red spot, mild prickle on pressure, no drainage, afebrile",superficial_skin_infection_minor; localized; clean_margins,48.0,3.0,allergic_rhinitis,nsaids,no,84.0,125.0,80.0,99.0,37.0,15.0,NONE,GREEN,none,true,true,false,prohibited,offline_technical_pipeline_validation,SYNTHETIC_DATA_UNVALIDATED_FOR_STRUCTURAL_TESTING_ONLY_DO_NOT_USE_FOR_CLINICAL_DECISION_MAKING
CASE-V3-01099,PAT-V3-01099,FAM_YEL_06,CONCEPT_DEEP_LACERATION,FAM_YEL_06_T03,64,FEMALE,or,"କାଚ ବାଜି ଜଙ୍ଘରେ ଗଭୀର କଟା, ଦୁଇଟି ପଟି ରକ୍ତରେ ଭିଜିଛି","ଜଙ୍ଘ ଉପରେ ଚଉଡ଼ା କ୍ଷତ, ଗୋଡ଼ କାଲୁଆ ହୋଇନାହିଁ, ଚାପ ଦେବା ପରେ ରକ୍ତ ଝରୁଛି",glass_cut_thigh; full_thickness_wound; stable_hemodynamics,1.0,8.0,"hypertension, type_2_diabetes",ciprofloxacin,not_applicable,95.0,138.0,79.0,98.0,37.2,17.0,NONE,YELLOW,none,true,true,false,prohibited,offline_technical_pipeline_validation,SYNTHETIC_DATA_UNVALIDATED_FOR_STRUCTURAL_TESTING_ONLY_DO_NOT_USE_FOR_CLINICAL_DECISION_MAKING
CASE-V3-01105,PAT-V3-01105,FAM_YEL_05,CONCEPT_ACUTE_PYELONEPHRITIS,FAM_YEL_05_T04,43,FEMALE,en,Right sided back agony and cloudy scalding urine with sweats,"Fever spikes each evening, deep throbbing loin pain, frequent urges to urinate",acute_renal_parenchymal_infection; pyuria; backache,24.0,8.0,epilepsy,unknown,yes,105.0,135.0,80.0,99.0,39.4,23.0,NONE,YELLOW,none,true,true,false,prohibited,offline_technical_pipeline_validation,SYNTHETIC_DATA_UNVALIDATED_FOR_STRUCTURAL_TESTING_ONLY_DO_NOT_USE_FOR_CLINICAL_DECISION_MAKING
CASE-V3-01106,PAT-V3-01106,FAM_YEL_05,CONCEPT_ACUTE_PYELONEPHRITIS,FAM_YEL_05_T04,51,MALE,hi,"दाहिनी पीठ में असहनीय दर्द, खौलता हुआ पेशाब और पसीना","शाम को तेज बुखार चढ़ना, कमर में अंदरूनी टीस, बार-बार पेशाब जाना",acute_renal_parenchymal_infection; pyuria; backache,72.0,8.0,copd,ciprofloxacin,not_applicable,112.0,129.0,74.0,99.0,38.9,19.0,NONE,YELLOW,none,true,true,false,prohibited,offline_technical_pipeline_validation,SYNTHETIC_DATA_UNVALIDATED_FOR_STRUCTURAL_TESTING_ONLY_DO_NOT_USE_FOR_CLINICAL_DECISION_MAKING
CASE-V3-01107,PAT-V3-01107,FAM_YEL_13,CONCEPT_CORNEAL_ABRASION_EYE_INJURY,FAM_YEL_13_T04,64,MALE,hi,लेंस लगाकर सोने के बाद आंख लाल होना और तेज दर्द,"पुतली के पास सफेद बिंदु दिखना, तेज पानी बहना, आंख में गहरा दर्द, रोशनी से तकलीफ",contact_lens_corneal_ulcer_suspect; ocular_injection; photophobia,4.0,8.0,coronary_artery_disease,none_known,not_applicable,85.0,135.0,85.0,100.0,36.5,19.0,NONE,YELLOW,none,true,true,false,prohibited,offline_technical_pipeline_validation,SYNTHETIC_DATA_UNVALIDATED_FOR_STRUCTURAL_TESTING_ONLY_DO_NOT_USE_FOR_CLINICAL_DECISION_MAKING
CASE-V3-01108,PAT-V3-01108,FAM_YEL_06,CONCEPT_DEEP_LACERATION,FAM_YEL_06_T03,30,FEMALE,hi,"जांघ में कांच से गहरा चीरा, दो पट्टियां खून से भीग चुकी हैं","जांघ के ऊपरी हिस्से में गहरा कट, पैर सुन्न नहीं है, दबाने पर खून धीरे-धीरे रिस रहा है",glass_cut_thigh; full_thickness_wound; stable_hemodynamics,0.5,6.0,asthma,sulfa_drugs,no,89.0,137.0,84.0,99.0,37.1,16.0,NONE,YELLOW,none,true,true,false,prohibited,offline_technical_pipeline_validation,SYNTHETIC_DATA_UNVALIDATED_FOR_STRUCTURAL_TESTING_ONLY_DO_NOT_USE_FOR_CLINICAL_DECISION_MAKING
CASE-V3-01109,PAT-V3-01109,FAM_GRN_15,CONCEPT_CHRONIC_TINNITUS,FAM_GRN_15_T04,73,MALE,hi,रात को सोने लेटते समय सिर में हल्की भिनभिनाहट की आवाज,"लगातार एक सुर की आवाज, बीपी सामान्य, बातचीत बिल्कुल साफ, कोई सिरदर्द नहीं",non_pulsatile_tinnitus; symmetrical; no_headache,720.0,1.0,coronary_artery_disease,aspirin,not_applicable,71.0,137.0,75.0,99.0,36.8,15.0,NONE,GREEN,none,true,true,false,prohibited,offline_technical_pipeline_validation,SYNTHETIC_DATA_UNVALIDATED_FOR_STRUCTURAL_TESTING_ONLY_DO_NOT_USE_FOR_CLINICAL_DECISION_MAKING
CASE-V3-01111,PAT-V3-01111,FAM_YEL_11,CONCEPT_PELVIC_INFLAMMATORY_DISEASE,FAM_YEL_11_T04,22,FEMALE,or,"ପେଲଭିସରେ ତୀବ୍ର ଯନ୍ତ୍ରଣା, ଅସ୍ୱାଭାବିକ ରକ୍ତସ୍ରାବ ଓ ଜ୍ୱର","ଅନ୍ତର୍ନିହିତ ଗଭୀର ବିନ୍ଧା, ମାସିକ ଋତୁ ମଝିରେ ରକ୍ତ ଦାଗ, ରାତିରେ କମ୍ପ ଜ୍ୱର",gynecological_infection; hypogastric_tenderness; postcoital_pain,48.0,6.0,allergic_rhinitis,unknown,unknown,99.0,122.0,72.0,100.0,38.9,18.0,NONE,YELLOW,none,true,true,false,prohibited,offline_technical_pipeline_validation,SYNTHETIC_DATA_UNVALIDATED_FOR_STRUCTURAL_TESTING_ONLY_DO_NOT_USE_FOR_CLINICAL_DECISION_MAKING
CASE-V3-01112,PAT-V3-01112,FAM_GRN_17,CONCEPT_SIMPLE_HEMORRHOIDS,FAM_GRN_17_T02,26,OTHER,en,Small pea-sized soft swelling at anal margin causing discomfort on sitting,"Soft grape-like lump that reduces when pushed gently, mild itching, no throbbing pain, afebrile",external_hemorrhoid_mild; anal_cushion_swelling; pruritus_ani,168.0,4.0,dyslipidemia,none_known,not_applicable,69.0,126.0,73.0,99.0,36.9,18.0,NONE,GREEN,none,true,true,false,prohibited,offline_technical_pipeline_validation,SYNTHETIC_DATA_UNVALIDATED_FOR_STRUCTURAL_TESTING_ONLY_DO_NOT_USE_FOR_CLINICAL_DECISION_MAKING
CASE-V3-01113,PAT-V3-01113,FAM_GRN_15,CONCEPT_CHRONIC_TINNITUS,FAM_GRN_15_T02,41,MALE,hi,"कानों में हल्की सीटी बजने की आवाज, कान की जांच के लिए आए हैं","पंखे की आवाज में यह दब जाती है, अचानक बहरापन नहीं हुआ, कोई कान का दर्द नहीं",sensorineural_tinnitus_presbycusis; bilateral_cricket_sound; stable,336.0,1.0,hypertension,aspirin,not_applicable,81.0,129.0,78.0,99.0,37.0,17.0,NONE,GREEN,none,true,true,false,prohibited,offline_technical_pipeline_validation,SYNTHETIC_DATA_UNVALIDATED_FOR_STRUCTURAL_TESTING_ONLY_DO_NOT_USE_FOR_CLINICAL_DECISION_MAKING
CASE-V3-01114,PAT-V3-01114,FAM_GRN_13,CONCEPT_MECHANICAL_NECK_STIFFNESS,FAM_GRN_13_T03,24,MALE,or,କାଲି ବହୁତ ବାଟ ଗାଡ଼ି ଚଳାଇବା ପରେ ବେକ ବୁଲାଇ ନପାରିବା,"ପାଖକୁ ଦେଖିବା ପାଇଁ ପୂରା ଶରୀର ବୁଲାଉଛନ୍ତି, ମାଂସପେଶୀ ଦରଜ, ହାତ କାଲୁଆ ନୁହେଁ",cervical_myofascial_spasm; lateral_flexion_limited; alert,24.0,2.0,hypertension,penicillin,not_applicable,78.0,112.0,73.0,99.0,36.6,14.0,NONE,GREEN,none,true,true,false,prohibited,offline_technical_pipeline_validation,SYNTHETIC_DATA_UNVALIDATED_FOR_STRUCTURAL_TESTING_ONLY_DO_NOT_USE_FOR_CLINICAL_DECISION_MAKING
CASE-V3-01117,PAT-V3-01117,FAM_GRN_02,CONCEPT_TENSION_HEADACHE,FAM_GRN_02_T03,27,FEMALE,en,Tight helmet sensation over top of head after sleepless night,"Pressure feeling without throbbing, improves when resting in quiet room, no focal weakness",episodic_tension_headache; cap_like_distribution; relieved_by_rest,12.0,3.0,type_2_diabetes,penicillin,no,71.0,129.0,76.0,98.0,37.1,15.0,NONE,GREEN,none,true,true,false,prohibited,offline_technical_pipeline_validation,SYNTHETIC_DATA_UNVALIDATED_FOR_STRUCTURAL_TESTING_ONLY_DO_NOT_USE_FOR_CLINICAL_DECISION_MAKING
CASE-V3-01118,PAT-V3-01118,FAM_GRN_19,CONCEPT_CHRONIC_ONYCHOMYCOSIS,FAM_GRN_19_T04,72,OTHER,or,ନଖ ଭଙ୍ଗୁର ଓ ବିକୃତ ହେବା ଯୋଗୁଁ ଚପଲ ପିନ୍ଧିବାରେ ଲାଜ ଲାଗିବା,"ଗୋଟିଏ ବର୍ଷରୁ ଧୀରେ ଧୀରେ ହୋଇଛି, କଷ୍ଟ ନାହିଁ, ଜୋତା ଆରାମରେ ପିନ୍ଧି ହେଉଛି",chronic_nail_tinea; nail_bed_debris; healthy_foot,720.0,1.0,type_2_diabetes,none_known,not_applicable,73.0,115.0,75.0,98.0,36.6,18.0,NONE,GREEN,none,true,true,false,prohibited,offline_technical_pipeline_validation,SYNTHETIC_DATA_UNVALIDATED_FOR_STRUCTURAL_TESTING_ONLY_DO_NOT_USE_FOR_CLINICAL_DECISION_MAKING
CASE-V3-01121,PAT-V3-01121,FAM_YEL_15,CONCEPT_HEAD_INJURY_CONCUSSION,FAM_YEL_15_T05,65,MALE,en,Head collision with heavy kitchen cabinet resulting in constant headache,"Tender bruised crown of scalp, mild wooziness, no seizures, no weakness in limbs",minor_closed_head_injury; scalp_bruising; observation_candidate,2.0,6.0,hypertension,"dust_mites, pollen",not_applicable,95.0,138.0,79.0,98.0,36.7,18.0,NONE,YELLOW,none,true,true,false,prohibited,offline_technical_pipeline_validation,SYNTHETIC_DATA_UNVALIDATED_FOR_STRUCTURAL_TESTING_ONLY_DO_NOT_USE_FOR_CLINICAL_DECISION_MAKING
CASE-V3-01122,PAT-V3-01122,FAM_GRN_01,CONCEPT_VIRAL_UPPER_RESPIRATORY_INFECTION,FAM_GRN_01_T02,75,MALE,en,Stuffy nose and muffled ears with occasional dry throat tickle,"Nose blocked alternating sides, taking warm lemon water, no difficulty breathing, afebrile",nasal_congestion; minor_head_cold; throat_tickle; ambulatory,48.0,1.0,"hypertension, type_2_diabetes",unknown,not_applicable,78.0,111.0,75.0,100.0,36.6,14.0,NONE,GREEN,none,true,true,false,prohibited,offline_technical_pipeline_validation,SYNTHETIC_DATA_UNVALIDATED_FOR_STRUCTURAL_TESTING_ONLY_DO_NOT_USE_FOR_CLINICAL_DECISION_MAKING
CASE-V3-01123,PAT-V3-01123,FAM_YEL_13,CONCEPT_CORNEAL_ABRASION_EYE_INJURY,FAM_YEL_13_T05,21,FEMALE,or,ଆଖିରେ ଶଟଲ୍ ବାଜି ପ୍ରବଳ ଧପଧପ ବିନ୍ଧା ଓ ଝାପ୍‌ସା ଦେଖାଯିବା,"ଆଖି ଚାରିପାଖ ଫୁଲିଛି, ଡୋଳା ଭିତରେ କଷ୍ଟ, ଆଲୋକ ପରୀକ୍ଷା ଦରକାର",trauma_ocular_contusion; hyphema_exclusion_needed; sharp_pain,4.0,8.0,asthma,amoxicillin,no,98.0,132.0,80.0,100.0,37.1,17.0,NONE,YELLOW,none,true,true,false,prohibited,offline_technical_pipeline_validation,SYNTHETIC_DATA_UNVALIDATED_FOR_STRUCTURAL_TESTING_ONLY_DO_NOT_USE_FOR_CLINICAL_DECISION_MAKING
CASE-V3-01124,PAT-V3-01124,FAM_YEL_11,CONCEPT_PELVIC_INFLAMMATORY_DISEASE,FAM_YEL_11_T03,28,FEMALE,or,"ତଳ ପେଟର ଦୁଇ ପାଖରେ ବିନ୍ଧା, ପରିସ୍ରାରେ ପୋଡ଼ାଜଳା ଓ ଜ୍ୱର","ପେଲଭିକ୍ ହାଡ଼ ଉପରେ କଷ୍ଟ, ସଳଖ ହୋଇ ଛିଡ଼ା ହୋଇପାରୁ ନାହାନ୍ତି, ୩୮.୬ ଡିଗ୍ରୀ ଉତ୍ତାପ",pelvic_peritonitis_localized; lower_quadrant_guarding; pyrexia,48.0,6.0,allergic_rhinitis,nsaids,no,92.0,130.0,81.0,98.0,38.8,22.0,NONE,YELLOW,none,true,true,false,prohibited,offline_technical_pipeline_validation,SYNTHETIC_DATA_UNVALIDATED_FOR_STRUCTURAL_TESTING_ONLY_DO_NOT_USE_FOR_CLINICAL_DECISION_MAKING
CASE-V3-01127,PAT-V3-01127,FAM_YEL_20,CONCEPT_SYMPTOMATIC_TACHYCARDIA_STABLE,FAM_YEL_20_T03,79,OTHER,hi,चाय पीते समय अचानक दिल की धड़कन 130 से ऊपर भागना,"लगातार तेज धड़कन, खांसने या ठंडा पानी पीने से भी नहीं थमी, हाथ-पैर सामान्य हैं",paroxysmal_supraventricular_tachycardia_stable; throat_flutter; anxiety,2.0,3.0,dyslipidemia,ciprofloxacin,not_applicable,135.0,141.0,90.0,96.0,36.8,22.0,NONE,YELLOW,none,true,true,false,prohibited,offline_technical_pipeline_validation,SYNTHETIC_DATA_UNVALIDATED_FOR_STRUCTURAL_TESTING_ONLY_DO_NOT_USE_FOR_CLINICAL_DECISION_MAKING
CASE-V3-01128,PAT-V3-01128,FAM_GRN_12,CONCEPT_APHTHOUS_STOMATITIS,FAM_GRN_12_T01,27,MALE,en,Painful small white sore inside lower lip stinging when eating spicy curry,"Single 3mm round ulcer with red halo, stinging with salt or lime, no fever, neck glands not enlarged, normal speech",single_oral_canker_sore; inner_lip_ulcer_3mm; painful_with_spicy_food; no_neck_lymphadenopathy; afebrile,48.0,4.0,hypertension,amoxicillin,not_applicable,81.0,112.0,76.0,99.0,36.7,17.0,NONE,GREEN,none,true,true,false,prohibited,offline_technical_pipeline_validation,SYNTHETIC_DATA_UNVALIDATED_FOR_STRUCTURAL_TESTING_ONLY_DO_NOT_USE_FOR_CLINICAL_DECISION_MAKING
CASE-V3-01129,PAT-V3-01129,FAM_YEL_19,CONCEPT_PERITONSILLAR_ABSCESS,FAM_YEL_19_T01,53,MALE,hi,"गले के दाहिने तरफ असहनीय दर्द, लार न निगल पाना और मुंह पूरा न खुलना","दो अंगुली से ज्यादा मुंह नहीं खुल रहा, आवाज भारी और बदली हुई, लार टपकना, तेज बुखार",unilateral_severe_sore_throat; trismus_difficulty_opening_mouth; hot_potato_voice; drooling; fever,72.0,8.0,asthma,"dust_mites, pollen",not_applicable,106.0,120.0,83.0,96.0,38.5,22.0,NONE,YELLOW,none,true,true,false,prohibited,offline_technical_pipeline_validation,SYNTHETIC_DATA_UNVALIDATED_FOR_STRUCTURAL_TESTING_ONLY_DO_NOT_USE_FOR_CLINICAL_DECISION_MAKING
CASE-V3-01132,PAT-V3-01132,FAM_GRN_06,CONCEPT_MILD_DYSPEPSIA,FAM_GRN_06_T05,54,FEMALE,hi,खाली पेट तेज कॉफी पीने के बाद पेट में हल्की कुलबुलाहट और जलन,"पेट के ऊपरी हिस्से में हल्की चुभन, ठंडा दूध पीने पर तुरंत राहत, मरीज स्वस्थ",gastric_irritation_mild; non_radiating; afebrile,12.0,3.0,copd,amoxicillin,no,75.0,130.0,77.0,98.0,37.0,18.0,NONE,GREEN,none,true,true,false,prohibited,offline_technical_pipeline_validation,SYNTHETIC_DATA_UNVALIDATED_FOR_STRUCTURAL_TESTING_ONLY_DO_NOT_USE_FOR_CLINICAL_DECISION_MAKING
CASE-V3-01133,PAT-V3-01133,FAM_YEL_12,CONCEPT_MODERATE_DEHYDRATION,FAM_YEL_12_T02,36,FEMALE,en,Exhausting stomach cramps with liquid bowel motions and inability to keep oral fluids down,"Pinching skin stays tented briefly, lightheaded when walking across room, thirsty but vomits water",acute_gastroenteritis_dehydration; reduced_skin_turgor; postural_dizziness,24.0,7.0,type_2_diabetes,"dust_mites, pollen",yes,122.0,114.0,74.0,100.0,37.6,19.0,NONE,YELLOW,none,true,true,false,prohibited,offline_technical_pipeline_validation,SYNTHETIC_DATA_UNVALIDATED_FOR_STRUCTURAL_TESTING_ONLY_DO_NOT_USE_FOR_CLINICAL_DECISION_MAKING
CASE-V3-01136,PAT-V3-01136,FAM_YEL_15,CONCEPT_HEAD_INJURY_CONCUSSION,FAM_YEL_15_T03,37,MALE,or,"କଂକ୍ରିଟ୍ ଚଟାଣରେ ପଛମୁଣ୍ଡ ବାଡ଼େଇ ହୋଇ ପଡ଼ିବା, ବାରମ୍ବାର ଗୋଟିଏ କଥା ପଚାରିବା","କ'ଣ ହେଲା ବୋଲି ବାରମ୍ବାର ପଚାରୁଛନ୍ତି, ନିଜ ନାମ ଜାଣିଛନ୍ତି, ନାକ-କାନରୁ ରକ୍ତ ନାହିଁ",post_concussive_dizziness; retrograde_amnesia; stable_neurology,4.0,8.0,copd,"dust_mites, pollen",not_applicable,89.0,132.0,90.0,99.0,37.0,19.0,NONE,YELLOW,none,true,true,false,prohibited,offline_technical_pipeline_validation,SYNTHETIC_DATA_UNVALIDATED_FOR_STRUCTURAL_TESTING_ONLY_DO_NOT_USE_FOR_CLINICAL_DECISION_MAKING
CASE-V3-01137,PAT-V3-01137,FAM_GRN_13,CONCEPT_MECHANICAL_NECK_STIFFNESS,FAM_GRN_13_T05,54,FEMALE,en,Uncomfortable stiff neck from studying on bed with laptop,"Gentle massage brings relief, walking with normal upright posture, temperature 36.6C",torticollis_benign; postural_origin; walking_normally,12.0,2.0,gastroesophageal_reflux,none_known,no,73.0,126.0,74.0,99.0,37.1,17.0,NONE,GREEN,none,true,true,false,prohibited,offline_technical_pipeline_validation,SYNTHETIC_DATA_UNVALIDATED_FOR_STRUCTURAL_TESTING_ONLY_DO_NOT_USE_FOR_CLINICAL_DECISION_MAKING
CASE-V3-01140,PAT-V3-01140,FAM_YEL_12,CONCEPT_MODERATE_DEHYDRATION,FAM_YEL_12_T02,60,MALE,or,ପେଟ ମୋଡ଼ି ପାଣି ଭଳି ଝାଡ଼ା ଓ ପାଣି ଟୋପାଏ ବି ହଜମ ନହେବା,"ଚମଡ଼ା ଧରି ଟାଣିଲେ ସଙ୍ଗେ ସଙ୍ଗେ ଫେରୁନାହିଁ, ଚାଲିଲେ ମୁଣ୍ଡ ବୁଲାଉଛି, ପ୍ରବଳ ଶୋଷ କିନ୍ତୁ ବାନ୍ତି ହେଉଛି",acute_gastroenteritis_dehydration; reduced_skin_turgor; postural_dizziness,36.0,4.0,none_reported,nsaids,not_applicable,114.0,105.0,62.0,100.0,38.4,20.0,NONE,YELLOW,none,true,true,false,prohibited,offline_technical_pipeline_validation,SYNTHETIC_DATA_UNVALIDATED_FOR_STRUCTURAL_TESTING_ONLY_DO_NOT_USE_FOR_CLINICAL_DECISION_MAKING
CASE-V3-01143,PAT-V3-01143,FAM_YEL_02,CONCEPT_ACUTE_RENAL_COLIC,FAM_YEL_02_T01,36,MALE,en,Severe spasmodic right flank pain radiating to groin with red urine,"Excruciating wave-like flank spasms, unable to find a comfortable lying position, reddish tinge in urine",spasmodic_flank_pain; radiation_to_groin; microscopic_hematuria_suspect; restlessness,12.0,7.0,asthma,none_known,not_applicable,98.0,131.0,82.0,99.0,37.2,23.0,NONE,YELLOW,none,true,true,false,prohibited,offline_technical_pipeline_validation,SYNTHETIC_DATA_UNVALIDATED_FOR_STRUCTURAL_TESTING_ONLY_DO_NOT_USE_FOR_CLINICAL_DECISION_MAKING
CASE-V3-01144,PAT-V3-01144,FAM_GRN_17,CONCEPT_SIMPLE_HEMORRHOIDS,FAM_GRN_17_T05,62,FEMALE,hi,मलद्वार के पास खुजली और शौच के साथ ताजा खून की एक बूंद,"गर्मी में खुजली बढ़ना, कोई काला दस्त नहीं, पेट बिल्कुल ठीक है",anal_pruritus_hemorrhoidal; hygiene_advice_needed; stable,168.0,2.0,allergic_rhinitis,ciprofloxacin,not_applicable,69.0,122.0,73.0,100.0,36.5,18.0,NONE,GREEN,none,true,true,false,prohibited,offline_technical_pipeline_validation,SYNTHETIC_DATA_UNVALIDATED_FOR_STRUCTURAL_TESTING_ONLY_DO_NOT_USE_FOR_CLINICAL_DECISION_MAKING
CASE-V3-01146,PAT-V3-01146,FAM_YEL_07,CONCEPT_EXTREMITY_FRACTURE,FAM_YEL_07_T04,32,MALE,hi,स्कूटर गिरने के बाद नली की हड्डी पर भयानक दर्द और सूजन,"पैर की नली पर हल्का छूने से भी दर्द, बिल्कुल खड़ा नहीं हुआ जा रहा, पैर की उंगलियां चल रही हैं",tibia_fibula_trauma; localized_crepitus_suspect; intact_distal_pulses,6.0,9.0,copd,none_known,not_applicable,92.0,144.0,87.0,99.0,36.7,16.0,NONE,YELLOW,none,true,true,false,prohibited,offline_technical_pipeline_validation,SYNTHETIC_DATA_UNVALIDATED_FOR_STRUCTURAL_TESTING_ONLY_DO_NOT_USE_FOR_CLINICAL_DECISION_MAKING
CASE-V3-01148,PAT-V3-01148,FAM_GRN_11,CONCEPT_IMPACTED_CERUMEN,FAM_GRN_11_T02,19,FEMALE,en,Gradual deafness in left ear from hard wax accumulation,"Using cotton buds made blockage worse, ear canal feels tightly plugged, no spinning dizziness",wax_plug_ear; conductively_muffled; no_vertigo,72.0,1.0,copd,sulfa_drugs,no,75.0,120.0,72.0,100.0,36.8,18.0,NONE,GREEN,none,true,true,false,prohibited,offline_technical_pipeline_validation,SYNTHETIC_DATA_UNVALIDATED_FOR_STRUCTURAL_TESTING_ONLY_DO_NOT_USE_FOR_CLINICAL_DECISION_MAKING
CASE-V3-01149,PAT-V3-01149,FAM_YEL_06,CONCEPT_DEEP_LACERATION,FAM_YEL_06_T01,32,MALE,or,"ହାତରେ ୭ ସେମି ଗଭୀର କ୍ଷତ, ପଟି ବାନ୍ଧିବା ପରେ ରକ୍ତ ବନ୍ଦ ଅଛି","ଯନ୍ତ୍ରାଂଶ ବାଜି ଚମଡ଼ା ଫାଟି ଭିତର ମାଂସ ଦିଶିବା, ଦାବି ଧରିବାରୁ ରକ୍ତ ବନ୍ଦ ଅଛି, ଆଙ୍ଗୁଠି ଚଳାଚଳ ସ୍ୱାଭାବିକ",deep_forearm_laceration; subcutaneous_exposure; bleeding_controlled_pressure; tetanus_risk,1.0,7.0,type_2_diabetes,none_known,not_applicable,105.0,142.0,77.0,100.0,37.0,18.0,NONE,YELLOW,none,true,true,false,prohibited,offline_technical_pipeline_validation,SYNTHETIC_DATA_UNVALIDATED_FOR_STRUCTURAL_TESTING_ONLY_DO_NOT_USE_FOR_CLINICAL_DECISION_MAKING
CASE-V3-01150,PAT-V3-01150,FAM_YEL_18,CONCEPT_SECOND_DEGREE_BURN,FAM_YEL_18_T01,46,MALE,en,Severe boiling water scald across right forearm with large fluid-filled blisters,"Large tense blisters covering forearm, raw pink weeping skin exposed where one blister popped, intense pain",scald_burn_forearm; bullae_formation; intense_pain; partial_thickness,1.0,9.0,migraine,none_known,not_applicable,96.0,122.0,82.0,100.0,36.9,17.0,NONE,YELLOW,none,true,true,false,prohibited,offline_technical_pipeline_validation,SYNTHETIC_DATA_UNVALIDATED_FOR_STRUCTURAL_TESTING_ONLY_DO_NOT_USE_FOR_CLINICAL_DECISION_MAKING
CASE-V3-01151,PAT-V3-01151,FAM_GRN_12,CONCEPT_APHTHOUS_STOMATITIS,FAM_GRN_12_T03,30,FEMALE,or,"ଗାଲ ଭିତରେ ଛୋଟ ଘା', ଆରାମ ଦେବା ପାଇଁ ମଲମ ଦରକାର","ଗାଲ ଚମଡ଼ାରେ ଗୋଟିଏ ଛୋଟ ଘା', କ୍ଷୀର ଆରାମରେ ପିଉଛନ୍ତି, ଜ୍ୱର ନାହିଁ",buccal_mucosa_canker; minor_aphthae; gel_request,24.0,2.0,dyslipidemia,sulfa_drugs,yes,75.0,113.0,78.0,98.0,36.7,15.0,NONE,GREEN,none,true,true,false,prohibited,offline_technical_pipeline_validation,SYNTHETIC_DATA_UNVALIDATED_FOR_STRUCTURAL_TESTING_ONLY_DO_NOT_USE_FOR_CLINICAL_DECISION_MAKING
CASE-V3-01153,PAT-V3-01153,FAM_YEL_13,CONCEPT_CORNEAL_ABRASION_EYE_INJURY,FAM_YEL_13_T03,65,FEMALE,hi,वेल्डिंग या लोहे का कण आंख में जाने से लगातार चुभन और दर्द,"पलक झपकाने पर शीशा चुभने जैसा अहसास, कमरे की लाइट भी बर्दाश्त नहीं, धुंधलापन",metallic_foreign_body_eye; corneal_abrasion; visual_blurring_mild,8.0,8.0,none_reported,unknown,not_applicable,85.0,133.0,81.0,98.0,36.5,18.0,NONE,YELLOW,none,true,true,false,prohibited,offline_technical_pipeline_validation,SYNTHETIC_DATA_UNVALIDATED_FOR_STRUCTURAL_TESTING_ONLY_DO_NOT_USE_FOR_CLINICAL_DECISION_MAKING
CASE-V3-01155,PAT-V3-01155,FAM_YEL_10,CONCEPT_ACUTE_DIVERTICULITIS,FAM_YEL_10_T03,58,FEMALE,or,"ତଳ ବାମ ପେଟରେ ତୀବ୍ର ଧପଧପ ବିନ୍ଧା, ସାମାନ୍ୟ ବାନ୍ତି ଭାବ ଓ ଜ୍ୱର","ବାମ କଡ଼ ମାଡ଼ି ଶୋଇପାରୁ ନାହାନ୍ତି, ଛୁଇଁଲେ କଷ୍ଟ, ଖାଇବାକୁ ଇଚ୍ଛା ନାହିଁ",colonic_inflammation; focal_abdominal_guarding; fever,48.0,7.0,epilepsy,penicillin,not_applicable,104.0,145.0,90.0,97.0,38.2,21.0,NONE,YELLOW,none,true,true,false,prohibited,offline_technical_pipeline_validation,SYNTHETIC_DATA_UNVALIDATED_FOR_STRUCTURAL_TESTING_ONLY_DO_NOT_USE_FOR_CLINICAL_DECISION_MAKING
CASE-V3-01156,PAT-V3-01156,FAM_GRN_11,CONCEPT_IMPACTED_CERUMEN,FAM_GRN_11_T04,25,MALE,en,Sensation of water trapped inside ear canal for 4 days,"Tickling sensation in outer ear, no redness of earlobe, normal balance",aural_fullness; autophony; no_infection_signs,336.0,1.0,chronic_kidney_disease_stage_2,ciprofloxacin,not_applicable,73.0,116.0,72.0,100.0,36.5,16.0,NONE,GREEN,none,true,true,false,prohibited,offline_technical_pipeline_validation,SYNTHETIC_DATA_UNVALIDATED_FOR_STRUCTURAL_TESTING_ONLY_DO_NOT_USE_FOR_CLINICAL_DECISION_MAKING
CASE-V3-01159,PAT-V3-01159,FAM_YEL_14,CONCEPT_SPREADING_CELLULITIS,FAM_YEL_14_T01,58,MALE,hi,"दाहिनी पिंडली पर तेजी से फैलती लाल सूजन, तेज जलन और बुखार","कल बनाए पेन के निशान से 5 सेमी आगे लाली फैल गई है, चमड़ी तनी हुई और गर्म, कंपकंपी",spreading_erythema_lower_limb; warmth_edema_skin; fever_rigors; pen_mark_crossed,72.0,7.0,coronary_artery_disease,none_known,not_applicable,105.0,131.0,82.0,97.0,38.5,18.0,NONE,YELLOW,none,true,true,false,prohibited,offline_technical_pipeline_validation,SYNTHETIC_DATA_UNVALIDATED_FOR_STRUCTURAL_TESTING_ONLY_DO_NOT_USE_FOR_CLINICAL_DECISION_MAKING
CASE-V3-01162,PAT-V3-01162,FAM_GRN_04,CONCEPT_SUPERFICIAL_ABRASION,FAM_GRN_04_T01,46,FEMALE,or,ରାସ୍ତାରେ ଖସିପଡ଼ି ଡାହାଣ ଆଣ୍ଠୁ ଚମଡ଼ା ଛାଲିଯିବା ଓ ସାମାନ୍ୟ କ୍ଷତ,"ଉପର ଚମଡ଼ା ରଗଡ଼ି ହୋଇଛି, ରକ୍ତ ଝରିବା ବନ୍ଦ, ଆଣ୍ଠୁ ସମ୍ପୂର୍ଣ୍ଣ ଭାଙ୍ଗୁଛି, ହାଡ଼ରେ କଷ୍ଟ ନାହିଁ",superficial_knee_graze; epidermal_loss_only; oozing_stopped; clean_margins; full_mobility,1.0,2.0,hypothyroidism,ciprofloxacin,no,74.0,118.0,70.0,98.0,37.0,16.0,NONE,GREEN,none,true,true,false,prohibited,offline_technical_pipeline_validation,SYNTHETIC_DATA_UNVALIDATED_FOR_STRUCTURAL_TESTING_ONLY_DO_NOT_USE_FOR_CLINICAL_DECISION_MAKING
CASE-V3-01164,PAT-V3-01164,FAM_YEL_05,CONCEPT_ACUTE_PYELONEPHRITIS,FAM_YEL_05_T01,60,FEMALE,or,"ପ୍ରବଳ କମ୍ପ ଜ୍ୱର, ଡାହାଣ କମରରେ ଯନ୍ତ୍ରଣା ଓ ପରିସ୍ରାରେ ପୋଡ଼ାଜଳା","ଦାନ୍ତ କାମୁଡ଼ିବା ଭଳି ଥଣ୍ଡା, କମର ପଛପଟ ଛୁଇଁଲେ କଷ୍ଟ, ଗୋଳିଆ ଦୁର୍ଗନ୍ଧ ପରିସ୍ରା ବାରମ୍ବାର ହେବା",costovertebral_tenderness; high_spiking_fever; dysuria; rigors,36.0,6.0,migraine,none_known,not_applicable,108.0,137.0,74.0,97.0,38.8,19.0,NONE,YELLOW,none,true,true,false,prohibited,offline_technical_pipeline_validation,SYNTHETIC_DATA_UNVALIDATED_FOR_STRUCTURAL_TESTING_ONLY_DO_NOT_USE_FOR_CLINICAL_DECISION_MAKING
CASE-V3-01165,PAT-V3-01165,FAM_YEL_07,CONCEPT_EXTREMITY_FRACTURE,FAM_YEL_07_T04,60,MALE,hi,स्कूटर गिरने के बाद नली की हड्डी पर भयानक दर्द और सूजन,"पैर की नली पर हल्का छूने से भी दर्द, बिल्कुल खड़ा नहीं हुआ जा रहा, पैर की उंगलियां चल रही हैं",tibia_fibula_trauma; localized_crepitus_suspect; intact_distal_pulses,3.0,9.0,osteoarthritis,unknown,not_applicable,110.0,133.0,80.0,100.0,36.8,18.0,NONE,YELLOW,none,true,true,false,prohibited,offline_technical_pipeline_validation,SYNTHETIC_DATA_UNVALIDATED_FOR_STRUCTURAL_TESTING_ONLY_DO_NOT_USE_FOR_CLINICAL_DECISION_MAKING
CASE-V3-01167,PAT-V3-01167,FAM_GRN_12,CONCEPT_APHTHOUS_STOMATITIS,FAM_GRN_12_T05,17,FEMALE,hi,संतरे का जूस पीने पर मसूड़े में तेज जलन और टीस,"दाढ़ के पास 2 मिमी का छोटा छाला, दांत मजबूत हैं, शरीर का तापमान बिल्कुल सामान्य",mild_stomatitis; stinging_on_citrus; normal_vitals,72.0,4.0,allergic_rhinitis,none_known,no,68.0,112.0,82.0,98.0,36.8,16.0,NONE,GREEN,none,true,true,false,prohibited,offline_technical_pipeline_validation,SYNTHETIC_DATA_UNVALIDATED_FOR_STRUCTURAL_TESTING_ONLY_DO_NOT_USE_FOR_CLINICAL_DECISION_MAKING
CASE-V3-01168,PAT-V3-01168,FAM_GRN_09,CONCEPT_SUPERFICIAL_FOLLICULITIS,FAM_GRN_09_T01,27,OTHER,en,Pimply painful bump with tiny white head on outer thigh for 3 days,"Single 5mm red papule centered on hair follicle, no surrounding red flush, no fever, no groin lumps",punctate_pustule; hair_follicle_erythema; no_spreading_cellulitis; afebrile; non_fluctuant,72.0,1.0,asthma,unknown,not_applicable,69.0,119.0,72.0,99.0,37.0,18.0,NONE,GREEN,none,true,true,false,prohibited,offline_technical_pipeline_validation,SYNTHETIC_DATA_UNVALIDATED_FOR_STRUCTURAL_TESTING_ONLY_DO_NOT_USE_FOR_CLINICAL_DECISION_MAKING
CASE-V3-01169,PAT-V3-01169,FAM_GRN_09,CONCEPT_SUPERFICIAL_FOLLICULITIS,FAM_GRN_09_T05,35,OTHER,hi,जिम में पसीना आने के बाद पीठ के ऊपरी हिस्से में घमौरियां और फुंसियां,"पसीने से छोटे लाल दाने, ठंडे पानी से नहाने पर आराम, शरीर का तापमान बिल्कुल सामान्य",sweat_folliculitis; mild_pruritus; circumscribed,72.0,1.0,asthma,nsaids,not_applicable,69.0,115.0,76.0,100.0,36.6,17.0,NONE,GREEN,none,true,true,false,prohibited,offline_technical_pipeline_validation,SYNTHETIC_DATA_UNVALIDATED_FOR_STRUCTURAL_TESTING_ONLY_DO_NOT_USE_FOR_CLINICAL_DECISION_MAKING
CASE-V3-01170,PAT-V3-01170,FAM_GRN_05,CONCEPT_CHRONIC_KNEE_OSTEOARTHRITIS,FAM_GRN_05_T01,75,OTHER,or,ମନ୍ଦିରରେ ଅଧିକ ଚାଲିବା ପରେ ଉଭୟ ଆଣ୍ଠୁରେ ପୁରୁଣା ଘୋଳାବିନ୍ଧା ବଢ଼ିବା,"ଭାଙ୍ଗିଲେ କଟକଟ ଶବ୍ଦ, ସକାଳେ ୧୦ ମିନିଟ୍ ଟାଣ ଲାଗିବା, ଲାଲ୍ ବା ଗରମ ନାହିଁ, ବାଡ଼ି ଧରି ଚାଲୁଛନ୍ତି",chronic_bilateral_knee_crepitus; morning_stiffness_under_20min; pain_after_walking; no_joint_heat; afebrile,168.0,4.0,epilepsy,none_known,not_applicable,72.0,126.0,74.0,99.0,36.7,14.0,NONE,GREEN,none,true,true,false,prohibited,offline_technical_pipeline_validation,SYNTHETIC_DATA_UNVALIDATED_FOR_STRUCTURAL_TESTING_ONLY_DO_NOT_USE_FOR_CLINICAL_DECISION_MAKING
CASE-V3-01171,PAT-V3-01171,FAM_GRN_10,CONCEPT_MILD_ANKLE_SPRAIN,FAM_GRN_10_T03,57,MALE,en,Minor wobble off high curb with sore foot outside edge,"Trace yellow-blue bruising below ankle knob, can stand on tiptoes with minor discomfort",ankle_strain_walkable; ecchymosis_minimal; full_plantarflexion,24.0,2.0,gastroesophageal_reflux,none_known,not_applicable,80.0,116.0,75.0,99.0,37.1,17.0,NONE,GREEN,none,true,true,false,prohibited,offline_technical_pipeline_validation,SYNTHETIC_DATA_UNVALIDATED_FOR_STRUCTURAL_TESTING_ONLY_DO_NOT_USE_FOR_CLINICAL_DECISION_MAKING
CASE-V3-01173,PAT-V3-01173,FAM_YEL_07,CONCEPT_EXTREMITY_FRACTURE,FAM_YEL_07_T03,36,OTHER,en,Arm locked at side with severe pain after awkward sports pull,"Shoulder contour flattened, supporting forearm with other hand, agonizing spasm if nudged",shoulder_dislocation_suspect; squaring_of_shoulder; acute_immobility,3.0,9.0,allergic_rhinitis,nsaids,not_applicable,97.0,131.0,89.0,100.0,37.0,19.0,NONE,YELLOW,none,true,true,false,prohibited,offline_technical_pipeline_validation,SYNTHETIC_DATA_UNVALIDATED_FOR_STRUCTURAL_TESTING_ONLY_DO_NOT_USE_FOR_CLINICAL_DECISION_MAKING
CASE-V3-01174,PAT-V3-01174,FAM_YEL_13,CONCEPT_CORNEAL_ABRASION_EYE_INJURY,FAM_YEL_13_T05,31,FEMALE,or,ଆଖିରେ ଶଟଲ୍ ବାଜି ପ୍ରବଳ ଧପଧପ ବିନ୍ଧା ଓ ଝାପ୍‌ସା ଦେଖାଯିବା,"ଆଖି ଚାରିପାଖ ଫୁଲିଛି, ଡୋଳା ଭିତରେ କଷ୍ଟ, ଆଲୋକ ପରୀକ୍ଷା ଦରକାର",trauma_ocular_contusion; hyphema_exclusion_needed; sharp_pain,2.0,7.0,allergic_rhinitis,nsaids,no,95.0,139.0,85.0,100.0,36.9,20.0,NONE,YELLOW,none,true,true,false,prohibited,offline_technical_pipeline_validation,SYNTHETIC_DATA_UNVALIDATED_FOR_STRUCTURAL_TESTING_ONLY_DO_NOT_USE_FOR_CLINICAL_DECISION_MAKING
CASE-V3-01178,PAT-V3-01178,FAM_GRN_13,CONCEPT_MECHANICAL_NECK_STIFFNESS,FAM_GRN_13_T02,21,FEMALE,hi,रात भर एसी की सीधी हवा लगने से गर्दन की नस चढ़ जाना,"कंधा थोड़ा उचका कर रखना पड़ रहा है, गर्म पानी से नहाने पर आराम, हाथों में पूरी ताकत",acute_wry_neck; trapezius_tightness; warm_compress_responsive,24.0,2.0,none_reported,none_known,no,82.0,116.0,78.0,99.0,36.6,15.0,NONE,GREEN,none,true,true,false,prohibited,offline_technical_pipeline_validation,SYNTHETIC_DATA_UNVALIDATED_FOR_STRUCTURAL_TESTING_ONLY_DO_NOT_USE_FOR_CLINICAL_DECISION_MAKING
CASE-V3-01179,PAT-V3-01179,FAM_GRN_19,CONCEPT_CHRONIC_ONYCHOMYCOSIS,FAM_GRN_19_T05,48,OTHER,or,ନଖ ଫଙ୍ଗସ୍ ଔଷଧ ଖାଇବା ବିଷୟରେ ଡାକ୍ତରଙ୍କ ପରାମର୍ଶ ପାଇଁ ଆସିଛନ୍ତି,"ନଖରେ ବିନ୍ଧା ନାହିଁ, ଦିନକୁ ୫ କିମି ଚାଲନ୍ତି, ସ୍ୱାସ୍ଥ୍ୟ ସମ୍ପୂର୍ଣ୍ଣ ଭଲ",painless_nail_thickening; antifungal_advice; afebrile,720.0,0.0,dyslipidemia,none_known,not_applicable,77.0,125.0,73.0,99.0,37.0,18.0,NONE,GREEN,none,true,true,false,prohibited,offline_technical_pipeline_validation,SYNTHETIC_DATA_UNVALIDATED_FOR_STRUCTURAL_TESTING_ONLY_DO_NOT_USE_FOR_CLINICAL_DECISION_MAKING
CASE-V3-01180,PAT-V3-01180,FAM_YEL_10,CONCEPT_ACUTE_DIVERTICULITIS,FAM_YEL_10_T01,53,FEMALE,en,Constant aching pain in lower left side of abdomen with low fever and bloating,"Localized tenderness in left iliac fossa, painful bowel motion, feverish sensation for 2 days",left_lower_quadrant_pain; persistent_tenderness; low_fever; altered_bowels,72.0,6.0,gastroesophageal_reflux,sulfa_drugs,no,96.0,132.0,90.0,100.0,38.3,22.0,NONE,YELLOW,none,true,true,false,prohibited,offline_technical_pipeline_validation,SYNTHETIC_DATA_UNVALIDATED_FOR_STRUCTURAL_TESTING_ONLY_DO_NOT_USE_FOR_CLINICAL_DECISION_MAKING
CASE-V3-01182,PAT-V3-01182,FAM_YEL_15,CONCEPT_HEAD_INJURY_CONCUSSION,FAM_YEL_15_T04,65,OTHER,en,Moderate head trauma from bicycle tumble with sensitivity to light and pain,"Severe bilateral headache, light hurts eyes, walking with normal gait, completely oriented",cranial_contusion; photophobia_post_trauma; gcs_normal,2.0,6.0,asthma,"dust_mites, pollen",not_applicable,80.0,133.0,85.0,98.0,37.0,16.0,NONE,YELLOW,none,true,true,false,prohibited,offline_technical_pipeline_validation,SYNTHETIC_DATA_UNVALIDATED_FOR_STRUCTURAL_TESTING_ONLY_DO_NOT_USE_FOR_CLINICAL_DECISION_MAKING
CASE-V3-01184,PAT-V3-01184,FAM_YEL_20,CONCEPT_SYMPTOMATIC_TACHYCARDIA_STABLE,FAM_YEL_20_T01,65,OTHER,en,Racing irregular heartbeat jumping like fish in chest with flutter and mild dizziness,"Pulse chaotic and fast at 135 bpm, fluttering in throat, lightheaded when walking, no chest tightness, BP stable",rapid_irregular_palpitations; flutter_sensation; lightheadedness; stable_blood_pressure; no_chest_pain,8.0,1.0,chronic_kidney_disease_stage_2,none_known,not_applicable,142.0,138.0,84.0,99.0,36.7,19.0,NONE,YELLOW,none,true,true,false,prohibited,offline_technical_pipeline_validation,SYNTHETIC_DATA_UNVALIDATED_FOR_STRUCTURAL_TESTING_ONLY_DO_NOT_USE_FOR_CLINICAL_DECISION_MAKING
CASE-V3-01188,PAT-V3-01188,FAM_GRN_03,CONCEPT_ALLERGIC_RHINITIS,FAM_GRN_03_T03,48,MALE,or,ଏଲର୍ଜି ଯୋଗୁଁ ନାକ ଭିତର ସୁଡ଼ସୁଡ଼ ହେବା ଓ ବାରମ୍ବାର ନାକ ଘଷିବା,"ନାକ ଭିତରେ କୁଣ୍ଡିଆଣି, ଥରକେ ୬ଟି ଛିଙ୍କ, ଜ୍ୱର ଆଦୌ ନାହିଁ, ଏଲର୍ଜି ଔଷଧ ଖାଉଛନ୍ତି",hay_fever; nasal_pruritus; allergic_shiners_mild; clear_drainage,120.0,2.0,hypothyroidism,ciprofloxacin,not_applicable,76.0,116.0,82.0,99.0,36.6,16.0,NONE,GREEN,none,true,true,false,prohibited,offline_technical_pipeline_validation,SYNTHETIC_DATA_UNVALIDATED_FOR_STRUCTURAL_TESTING_ONLY_DO_NOT_USE_FOR_CLINICAL_DECISION_MAKING
CASE-V3-01190,PAT-V3-01190,FAM_YEL_05,CONCEPT_ACUTE_PYELONEPHRITIS,FAM_YEL_05_T04,36,FEMALE,en,Right sided back agony and cloudy scalding urine with sweats,"Fever spikes each evening, deep throbbing loin pain, frequent urges to urinate",acute_renal_parenchymal_infection; pyuria; backache,36.0,8.0,gastroesophageal_reflux,unknown,unknown,106.0,120.0,83.0,98.0,39.5,20.0,NONE,YELLOW,none,true,true,false,prohibited,offline_technical_pipeline_validation,SYNTHETIC_DATA_UNVALIDATED_FOR_STRUCTURAL_TESTING_ONLY_DO_NOT_USE_FOR_CLINICAL_DECISION_MAKING
CASE-V3-01191,PAT-V3-01191,FAM_YEL_16,CONCEPT_ACUTE_MONOARTHRITIS,FAM_YEL_16_T04,54,OTHER,en,Hot swollen elbow joint doubled in size overnight with temperature 38.1C,"Olecranon bursa and joint warm and tense, holding arm frozen at 90 degrees, severe tenderness",monoarticular_swelling; joint_fluid_analysis_needed; feverish,36.0,8.0,coronary_artery_disease,unknown,not_applicable,104.0,132.0,82.0,100.0,38.3,18.0,NONE,YELLOW,none,true,true,false,prohibited,offline_technical_pipeline_validation,SYNTHETIC_DATA_UNVALIDATED_FOR_STRUCTURAL_TESTING_ONLY_DO_NOT_USE_FOR_CLINICAL_DECISION_MAKING
CASE-V3-01192,PAT-V3-01192,FAM_YEL_05,CONCEPT_ACUTE_PYELONEPHRITIS,FAM_YEL_05_T01,27,OTHER,en,High burning fever with severe right flank pain and burning urine,"Teeth-chattering chills, tender right kidney angle, cloudy foul-smelling urine passed every 20 minutes",costovertebral_tenderness; high_spiking_fever; dysuria; rigors,72.0,8.0,"hypertension, type_2_diabetes",amoxicillin,not_applicable,98.0,122.0,85.0,97.0,38.7,22.0,NONE,YELLOW,none,true,true,false,prohibited,offline_technical_pipeline_validation,SYNTHETIC_DATA_UNVALIDATED_FOR_STRUCTURAL_TESTING_ONLY_DO_NOT_USE_FOR_CLINICAL_DECISION_MAKING
CASE-V3-01193,PAT-V3-01193,FAM_YEL_05,CONCEPT_ACUTE_PYELONEPHRITIS,FAM_YEL_05_T05,69,OTHER,en,"Fever, nausea and severe tenderness over left lower back rib area","Pain worse on gentle tap on lower ribs, burning micturition, bedbound for 24h",complicated_urinary_infection; high_temperature; flank_ache,48.0,6.0,epilepsy,aspirin,not_applicable,97.0,138.0,81.0,99.0,39.2,18.0,NONE,YELLOW,none,true,true,false,prohibited,offline_technical_pipeline_validation,SYNTHETIC_DATA_UNVALIDATED_FOR_STRUCTURAL_TESTING_ONLY_DO_NOT_USE_FOR_CLINICAL_DECISION_MAKING
CASE-V3-01196,PAT-V3-01196,FAM_YEL_16,CONCEPT_ACUTE_MONOARTHRITIS,FAM_YEL_16_T04,38,FEMALE,hi,"रात भर में कोहनी का जोड़ दोगुना सूज जाना, तेज गर्मी और 38.1C बुखार","कोहनी छूने पर बहुत गर्म, हाथ हिलाना असंभव, तेज टीस और भारी सूजन",monoarticular_swelling; joint_fluid_analysis_needed; feverish,6.0,8.0,chronic_kidney_disease_stage_2,none_known,unknown,90.0,133.0,86.0,98.0,37.6,19.0,NONE,YELLOW,none,true,true,false,prohibited,offline_technical_pipeline_validation,SYNTHETIC_DATA_UNVALIDATED_FOR_STRUCTURAL_TESTING_ONLY_DO_NOT_USE_FOR_CLINICAL_DECISION_MAKING
CASE-V3-01198,PAT-V3-01198,FAM_YEL_02,CONCEPT_ACUTE_RENAL_COLIC,FAM_YEL_02_T03,62,MALE,en,Sharp stabbing loin pain shooting downwards into private parts,"Severe loin agony causing cold sweating, pain does not ease with rest or massage, past stone history",costovertebral_angle_tenderness; stone_passage_suspect; diaphoresis_from_pain,6.0,8.0,"hypertension, type_2_diabetes",none_known,not_applicable,92.0,154.0,85.0,100.0,36.8,24.0,NONE,YELLOW,none,true,true,false,prohibited,offline_technical_pipeline_validation,SYNTHETIC_DATA_UNVALIDATED_FOR_STRUCTURAL_TESTING_ONLY_DO_NOT_USE_FOR_CLINICAL_DECISION_MAKING
CASE-V3-01199,PAT-V3-01199,FAM_GRN_04,CONCEPT_SUPERFICIAL_ABRASION,FAM_GRN_04_T01,21,MALE,hi,फुटपाथ पर फिसलने से दाहिने घुटने की चमड़ी छिलना और मामूली खरोंच,"सतही खरोंच, खून का रिसाव बंद हो चुका है, घुटना पूरी तरह मुड़ रहा है, हड्डी में कोई दर्द नहीं",superficial_knee_graze; epidermal_loss_only; oozing_stopped; clean_margins; full_mobility,8.0,3.0,"hypertension, type_2_diabetes",none_known,not_applicable,88.0,113.0,78.0,98.0,36.7,15.0,NONE,GREEN,none,true,true,false,prohibited,offline_technical_pipeline_validation,SYNTHETIC_DATA_UNVALIDATED_FOR_STRUCTURAL_TESTING_ONLY_DO_NOT_USE_FOR_CLINICAL_DECISION_MAKING
CASE-V3-01200,PAT-V3-01200,FAM_YEL_05,CONCEPT_ACUTE_PYELONEPHRITIS,FAM_YEL_05_T02,22,FEMALE,or,"କିଡନୀ ପାଖରେ ପ୍ରବଳ ବିନ୍ଧା, ଲଗାତାର ବାନ୍ତି ଓ ୧୦୨ ଡିଗ୍ରୀ ଜ୍ୱର","ପାଣି ପିଇଲେ ବି ବାନ୍ତି ହେଉଛି, ବାମ କମର କଡ଼ରେ କଷ୍ଟ, ପରିସ୍ରା ଗୋଳିଆ ଦିଶୁଛି",upper_urinary_tract_infection; loin_tenderness; persistent_vomiting,72.0,7.0,copd,none_known,unknown,114.0,136.0,81.0,99.0,39.5,23.0,NONE,YELLOW,none,true,true,false,prohibited,offline_technical_pipeline_validation,SYNTHETIC_DATA_UNVALIDATED_FOR_STRUCTURAL_TESTING_ONLY_DO_NOT_USE_FOR_CLINICAL_DECISION_MAKING
CASE-V3-01201,PAT-V3-01201,FAM_YEL_16,CONCEPT_ACUTE_MONOARTHRITIS,FAM_YEL_16_T02,59,FEMALE,or,ଡାହାଣ ଆଣ୍ଠୁ ହଠାତ୍ ବେଲୁନ୍ ଭଳି ଫୁଲି ଉଷୁମ ହେବା ଓ ଅସହ୍ୟ ବିନ୍ଧା,"ଆଣ୍ଠୁ ଭିତରେ ପାଣି ଜମିଛି, ଆଣ୍ଠୁ ଆଦୌ ଭାଙ୍ଗି ହେଉନାହିଁ, ସାମାନ୍ୟ ଜ୍ୱର ଓ କଷ୍ଟ",acute_knee_monoarthritis; large_joint_effusion; warmth; fever_mild,6.0,9.0,copd,"dust_mites, pollen",not_applicable,84.0,149.0,83.0,99.0,38.1,18.0,NONE,YELLOW,none,true,true,false,prohibited,offline_technical_pipeline_validation,SYNTHETIC_DATA_UNVALIDATED_FOR_STRUCTURAL_TESTING_ONLY_DO_NOT_USE_FOR_CLINICAL_DECISION_MAKING
CASE-V3-01204,PAT-V3-01204,FAM_GRN_11,CONCEPT_IMPACTED_CERUMEN,FAM_GRN_11_T05,79,MALE,en,Decreased hearing in telephone ear due to wax buildup,"Struggles to hear phone on right side, no tinnitus, no earache, vitals completely normal",cerumen_obstruction; auditory_muffle; stable,336.0,2.0,asthma,nsaids,not_applicable,81.0,115.0,75.0,98.0,36.9,16.0,NONE,GREEN,none,true,true,false,prohibited,offline_technical_pipeline_validation,SYNTHETIC_DATA_UNVALIDATED_FOR_STRUCTURAL_TESTING_ONLY_DO_NOT_USE_FOR_CLINICAL_DECISION_MAKING
CASE-V3-01206,PAT-V3-01206,FAM_GRN_10,CONCEPT_MILD_ANKLE_SPRAIN,FAM_GRN_10_T05,14,FEMALE,hi,"योग करते समय पैर में हल्का खिंचाव, चलकर डॉक्टर के कमरे में पहुंचे","हड्डी के आगे नरम जगह पर हल्का दर्द, कोई लंगड़ाहट नहीं, खुद चलकर आए",simple_ligament_sprain; ambulatory_ottawa_negative; stable,2.0,4.0,hypertension,nsaids,unknown,72.0,126.0,76.0,100.0,37.0,14.0,NONE,GREEN,none,true,true,false,prohibited,offline_technical_pipeline_validation,SYNTHETIC_DATA_UNVALIDATED_FOR_STRUCTURAL_TESTING_ONLY_DO_NOT_USE_FOR_CLINICAL_DECISION_MAKING
CASE-V3-01207,PAT-V3-01207,FAM_GRN_06,CONCEPT_MILD_DYSPEPSIA,FAM_GRN_06_T03,65,MALE,hi,"दोपहर के खाने के बाद पेट में भारीपन और अफारा, हाजमे की दवा चाहिए","पेट फूला हुआ महसूस होना, डकार आने पर हल्का लगना, शौच बिल्कुल सामान्य",functional_dyspepsia; postprandial_bloating; mild_epigastric_ache,12.0,4.0,hypothyroidism,none_known,not_applicable,71.0,122.0,78.0,100.0,36.6,16.0,NONE,GREEN,none,true,true,false,prohibited,offline_technical_pipeline_validation,SYNTHETIC_DATA_UNVALIDATED_FOR_STRUCTURAL_TESTING_ONLY_DO_NOT_USE_FOR_CLINICAL_DECISION_MAKING
CASE-V3-01209,PAT-V3-01209,FAM_GRN_02,CONCEPT_TENSION_HEADACHE,FAM_GRN_02_T02,31,OTHER,hi,काम के तनाव से सिर के पिछले हिस्से और माथे में धीमा दर्द,"दो दिन से हल्का खिंचाव, गर्दन घुमाने पर भारीपन, नजर बिल्कुल साफ, आराम से चलकर आए",stress_headache; occipital_tightness; normal_neurological,6.0,4.0,copd,amoxicillin,not_applicable,75.0,125.0,82.0,100.0,37.1,17.0,NONE,GREEN,none,true,true,false,prohibited,offline_technical_pipeline_validation,SYNTHETIC_DATA_UNVALIDATED_FOR_STRUCTURAL_TESTING_ONLY_DO_NOT_USE_FOR_CLINICAL_DECISION_MAKING
CASE-V3-01210,PAT-V3-01210,FAM_YEL_14,CONCEPT_SPREADING_CELLULITIS,FAM_YEL_14_T04,31,FEMALE,hi,डायबिटीज मरीज के पैर के अंगूठे में लाल पकने वाली सूजन जो ऊपर फैल रही है,"पैर छूने पर गर्म, नाखून के पास से मवाद, जूता पहनना असंभव, तेज दर्द",diabetic_foot_cellulitis_early; localized_erythema; tenderness,72.0,7.0,osteoarthritis,"dust_mites, pollen",unknown,99.0,122.0,84.0,98.0,38.1,18.0,NONE,YELLOW,none,true,true,false,prohibited,offline_technical_pipeline_validation,SYNTHETIC_DATA_UNVALIDATED_FOR_STRUCTURAL_TESTING_ONLY_DO_NOT_USE_FOR_CLINICAL_DECISION_MAKING
CASE-V3-01212,PAT-V3-01212,FAM_YEL_15,CONCEPT_HEAD_INJURY_CONCUSSION,FAM_YEL_15_T03,64,OTHER,en,"Stumbled backwards hitting back of head on concrete, repeats questions","Asks what happened repeatedly, knows own name and date, dull occipital ache, no ear/nose fluid",post_concussive_dizziness; retrograde_amnesia; stable_neurology,4.0,6.0,dyslipidemia,ciprofloxacin,not_applicable,97.0,141.0,82.0,98.0,36.9,18.0,NONE,YELLOW,none,true,true,false,prohibited,offline_technical_pipeline_validation,SYNTHETIC_DATA_UNVALIDATED_FOR_STRUCTURAL_TESTING_ONLY_DO_NOT_USE_FOR_CLINICAL_DECISION_MAKING
CASE-V3-01213,PAT-V3-01213,FAM_GRN_09,CONCEPT_SUPERFICIAL_FOLLICULITIS,FAM_GRN_09_T05,16,MALE,hi,जिम में पसीना आने के बाद पीठ के ऊपरी हिस्से में घमौरियां और फुंसियां,"पसीने से छोटे लाल दाने, ठंडे पानी से नहाने पर आराम, शरीर का तापमान बिल्कुल सामान्य",sweat_folliculitis; mild_pruritus; circumscribed,96.0,3.0,coronary_artery_disease,ciprofloxacin,not_applicable,79.0,127.0,76.0,99.0,37.1,16.0,NONE,GREEN,none,true,true,false,prohibited,offline_technical_pipeline_validation,SYNTHETIC_DATA_UNVALIDATED_FOR_STRUCTURAL_TESTING_ONLY_DO_NOT_USE_FOR_CLINICAL_DECISION_MAKING
CASE-V3-01214,PAT-V3-01214,FAM_GRN_17,CONCEPT_SIMPLE_HEMORRHOIDS,FAM_GRN_17_T01,23,MALE,en,Few streaks of bright fresh red blood on toilet paper after passing hard stool,"Blood only on wiping outside of stool, no blood mixed into stool bulk, no tummy ache, no dizziness on standing, normal pink conjunctiva",painless_bright_red_rectal_bleeding_on_toilet_paper; hard_stools; chronic_constipation; no_anemia_signs; stable,48.0,2.0,copd,none_known,not_applicable,72.0,115.0,77.0,99.0,36.8,14.0,NONE,GREEN,none,true,true,false,prohibited,offline_technical_pipeline_validation,SYNTHETIC_DATA_UNVALIDATED_FOR_STRUCTURAL_TESTING_ONLY_DO_NOT_USE_FOR_CLINICAL_DECISION_MAKING
CASE-V3-01216,PAT-V3-01216,FAM_YEL_12,CONCEPT_MODERATE_DEHYDRATION,FAM_YEL_12_T02,53,OTHER,hi,पेट में तेज मरोड़ के साथ पानी जैसे दस्त और पानी भी न पचना,"चमड़ी खींचने पर वापस देर से जाना, कमरे में चलने पर चक्कर, प्यास बहुत है पर उल्टी हो जाती है",acute_gastroenteritis_dehydration; reduced_skin_turgor; postural_dizziness,24.0,4.0,dyslipidemia,amoxicillin,not_applicable,122.0,101.0,74.0,99.0,38.4,20.0,NONE,YELLOW,none,true,true,false,prohibited,offline_technical_pipeline_validation,SYNTHETIC_DATA_UNVALIDATED_FOR_STRUCTURAL_TESTING_ONLY_DO_NOT_USE_FOR_CLINICAL_DECISION_MAKING
CASE-V3-01218,PAT-V3-01218,FAM_GRN_13,CONCEPT_MECHANICAL_NECK_STIFFNESS,FAM_GRN_13_T03,53,FEMALE,en,"Stiff neck after long highway driving yesterday, turning whole body to see","Rotates torso instead of neck to look sideways, paraspinal muscles tender, no numbness",cervical_myofascial_spasm; lateral_flexion_limited; alert,24.0,4.0,coronary_artery_disease,none_known,yes,75.0,125.0,72.0,99.0,37.1,18.0,NONE,GREEN,none,true,true,false,prohibited,offline_technical_pipeline_validation,SYNTHETIC_DATA_UNVALIDATED_FOR_STRUCTURAL_TESTING_ONLY_DO_NOT_USE_FOR_CLINICAL_DECISION_MAKING
CASE-V3-01221,PAT-V3-01221,FAM_GRN_17,CONCEPT_SIMPLE_HEMORRHOIDS,FAM_GRN_17_T02,25,MALE,or,ମଳଦ୍ୱାର କଡ଼ରେ ମଟର ଦାନା ଭଳି ନରମ ଛୋଟ ଅର୍ଶ ମାଂସ ଯାହା ବସିଲେ କଷ୍ଟ ଦେଉଛି,"ନରମ ମାଂସ ଅଙ୍କୁର ଯାହା ସାମାନ୍ୟ ଚିପିଲେ ଭିତରକୁ ଯାଉଛି, କୁଣ୍ଡାଇ ହେବା, ଜ୍ୱର ନାହିଁ",external_hemorrhoid_mild; anal_cushion_swelling; pruritus_ani,168.0,3.0,hypothyroidism,none_known,not_applicable,72.0,128.0,83.0,99.0,36.8,14.0,NONE,GREEN,none,true,true,false,prohibited,offline_technical_pipeline_validation,SYNTHETIC_DATA_UNVALIDATED_FOR_STRUCTURAL_TESTING_ONLY_DO_NOT_USE_FOR_CLINICAL_DECISION_MAKING
CASE-V3-01222,PAT-V3-01222,FAM_YEL_05,CONCEPT_ACUTE_PYELONEPHRITIS,FAM_YEL_05_T04,30,FEMALE,hi,"दाहिनी पीठ में असहनीय दर्द, खौलता हुआ पेशाब और पसीना","शाम को तेज बुखार चढ़ना, कमर में अंदरूनी टीस, बार-बार पेशाब जाना",acute_renal_parenchymal_infection; pyuria; backache,24.0,6.0,osteoarthritis,none_known,no,105.0,121.0,82.0,97.0,39.3,24.0,NONE,YELLOW,none,true,true,false,prohibited,offline_technical_pipeline_validation,SYNTHETIC_DATA_UNVALIDATED_FOR_STRUCTURAL_TESTING_ONLY_DO_NOT_USE_FOR_CLINICAL_DECISION_MAKING
CASE-V3-01224,PAT-V3-01224,FAM_YEL_06,CONCEPT_DEEP_LACERATION,FAM_YEL_06_T05,50,MALE,en,Bleeding jagged 5cm cut on cheek after bathroom fall,"Facial split across cheekbone, pressure held with clean napkin, alert and answering clearly",traumatic_facial_laceration; cosmetic_suture_needed; stable,2.0,7.0,asthma,ciprofloxacin,not_applicable,104.0,131.0,83.0,98.0,37.1,19.0,NONE,YELLOW,none,true,true,false,prohibited,offline_technical_pipeline_validation,SYNTHETIC_DATA_UNVALIDATED_FOR_STRUCTURAL_TESTING_ONLY_DO_NOT_USE_FOR_CLINICAL_DECISION_MAKING
CASE-V3-01230,PAT-V3-01230,FAM_GRN_01,CONCEPT_VIRAL_UPPER_RESPIRATORY_INFECTION,FAM_GRN_01_T05,74,FEMALE,or,ପରିବାରରେ ଥଣ୍ଡା ପରେ ସାମାନ୍ୟ ସ୍ୱର ବସିଯିବା ଓ ନାକରୁ ପାଣି,"ଘରେ ସମସ୍ତଙ୍କର ଥଣ୍ଡା ଥିଲା, ଗଳା ସୁଧୁରୁଛି, ଖାଇବା ଠିକ୍ ଅଛି, ଛାତି କଷ୍ଟ ନାହିଁ",common_cold_resolving; mild_hoarseness; good_oral_intake,72.0,1.0,type_2_diabetes,ciprofloxacin,not_applicable,77.0,117.0,80.0,98.0,36.6,16.0,NONE,GREEN,none,true,true,false,prohibited,offline_technical_pipeline_validation,SYNTHETIC_DATA_UNVALIDATED_FOR_STRUCTURAL_TESTING_ONLY_DO_NOT_USE_FOR_CLINICAL_DECISION_MAKING
CASE-V3-01231,PAT-V3-01231,FAM_GRN_05,CONCEPT_CHRONIC_KNEE_OSTEOARTHRITIS,FAM_GRN_05_T04,68,OTHER,or,ପୂଜା ପରେ ତଳୁ ଉଠିଲା ବେଳେ ଆଣ୍ଠୁ ଜାମ ହୋଇ ବିନ୍ଧିବା,"ଛିଡ଼ା ହେବାକୁ ଟିକେ ସମୟ ଲାଗୁଛି, କିଛି ପାଦ ଚାଲିଲେ ଖୋଲିଯାଉଛି, ଜ୍ୱର ନାହିଁ",wear_and_tear_knee_pain; stiffness_on_inactivity; ambulatory,336.0,4.0,hypothyroidism,"dust_mites, pollen",not_applicable,70.0,128.0,84.0,100.0,37.0,14.0,NONE,GREEN,none,true,true,false,prohibited,offline_technical_pipeline_validation,SYNTHETIC_DATA_UNVALIDATED_FOR_STRUCTURAL_TESTING_ONLY_DO_NOT_USE_FOR_CLINICAL_DECISION_MAKING
CASE-V3-01233,PAT-V3-01233,FAM_YEL_02,CONCEPT_ACUTE_RENAL_COLIC,FAM_YEL_02_T02,22,MALE,hi,पीठ के एक तरफ अचानक भयानक दर्द और दर्द के कारण उल्टियां,"हर दो मिनट में असहनीय मरोड़, तेज दर्द से दो बार उल्टी हुई, बार-बार पेशाब की हाजत",acute_ureteric_colic; nausea_vomiting_secondary_to_pain; urinary_urgency,4.0,7.0,copd,unknown,not_applicable,101.0,143.0,83.0,100.0,37.3,22.0,NONE,YELLOW,none,true,true,false,prohibited,offline_technical_pipeline_validation,SYNTHETIC_DATA_UNVALIDATED_FOR_STRUCTURAL_TESTING_ONLY_DO_NOT_USE_FOR_CLINICAL_DECISION_MAKING
CASE-V3-01235,PAT-V3-01235,FAM_GRN_03,CONCEPT_ALLERGIC_RHINITIS,FAM_GRN_03_T01,54,FEMALE,hi,"मौसम बदलने पर आंखों में खुजली, पानी और बार-बार छींकें आना","आंखें मलने की इच्छा, नाक से साफ पानी, तालू में खुजली, छाती में कोई रुकावट नहीं, बुखार नहीं",itchy_watery_eyes; repetitive_sneezing; clear_rhinorrhea; seasonal_pattern; afebrile,120.0,2.0,"hypertension, type_2_diabetes",none_known,no,84.0,122.0,72.0,100.0,36.7,14.0,NONE,GREEN,none,true,true,false,prohibited,offline_technical_pipeline_validation,SYNTHETIC_DATA_UNVALIDATED_FOR_STRUCTURAL_TESTING_ONLY_DO_NOT_USE_FOR_CLINICAL_DECISION_MAKING
CASE-V3-01238,PAT-V3-01238,FAM_GRN_17,CONCEPT_SIMPLE_HEMORRHOIDS,FAM_GRN_17_T02,38,FEMALE,en,Small pea-sized soft swelling at anal margin causing discomfort on sitting,"Soft grape-like lump that reduces when pushed gently, mild itching, no throbbing pain, afebrile",external_hemorrhoid_mild; anal_cushion_swelling; pruritus_ani,48.0,2.0,"hypertension, type_2_diabetes",ciprofloxacin,no,74.0,132.0,83.0,99.0,37.1,14.0,NONE,GREEN,none,true,true,false,prohibited,offline_technical_pipeline_validation,SYNTHETIC_DATA_UNVALIDATED_FOR_STRUCTURAL_TESTING_ONLY_DO_NOT_USE_FOR_CLINICAL_DECISION_MAKING
CASE-V3-01239,PAT-V3-01239,FAM_GRN_17,CONCEPT_SIMPLE_HEMORRHOIDS,FAM_GRN_17_T05,60,MALE,en,Itching around back passage with small droplet of fresh blood on stool,"Pruritus worse in humid heat, no black tarry stools, no abdominal tenderness",anal_pruritus_hemorrhoidal; hygiene_advice_needed; stable,72.0,2.0,hypothyroidism,none_known,not_applicable,86.0,125.0,76.0,98.0,36.8,14.0,NONE,GREEN,none,true,true,false,prohibited,offline_technical_pipeline_validation,SYNTHETIC_DATA_UNVALIDATED_FOR_STRUCTURAL_TESTING_ONLY_DO_NOT_USE_FOR_CLINICAL_DECISION_MAKING
CASE-V3-01240,PAT-V3-01240,FAM_YEL_12,CONCEPT_MODERATE_DEHYDRATION,FAM_YEL_12_T01,56,OTHER,en,Over 12 watery stools and repeated vomiting in 24 hours with dizzy spells on standing,"Dry parched tongue, sunken dark circles under eyes, passing very dark scant urine, fast heart rate on standing",profuse_watery_diarrhea; frequent_vomiting; sunken_eyes; tachycardia_orthostatic; dry_tongue,24.0,7.0,hypothyroidism,none_known,not_applicable,107.0,98.0,65.0,98.0,38.1,18.0,NONE,YELLOW,none,true,true,false,prohibited,offline_technical_pipeline_validation,SYNTHETIC_DATA_UNVALIDATED_FOR_STRUCTURAL_TESTING_ONLY_DO_NOT_USE_FOR_CLINICAL_DECISION_MAKING
CASE-V3-01241,PAT-V3-01241,FAM_GRN_06,CONCEPT_MILD_DYSPEPSIA,FAM_GRN_06_T03,29,MALE,hi,"दोपहर के खाने के बाद पेट में भारीपन और अफारा, हाजमे की दवा चाहिए","पेट फूला हुआ महसूस होना, डकार आने पर हल्का लगना, शौच बिल्कुल सामान्य",functional_dyspepsia; postprandial_bloating; mild_epigastric_ache,6.0,3.0,hypertension,nsaids,not_applicable,70.0,113.0,76.0,98.0,36.8,17.0,NONE,GREEN,none,true,true,false,prohibited,offline_technical_pipeline_validation,SYNTHETIC_DATA_UNVALIDATED_FOR_STRUCTURAL_TESTING_ONLY_DO_NOT_USE_FOR_CLINICAL_DECISION_MAKING
CASE-V3-01245,PAT-V3-01245,FAM_GRN_01,CONCEPT_VIRAL_UPPER_RESPIRATORY_INFECTION,FAM_GRN_01_T02,28,MALE,or,"ନାକ ବନ୍ଦ, କାନ ଭାରୀ ଲାଗିବା ଓ ଗଳାରେ ସାମାନ୍ୟ ଖସଖସ","ନାକପୁଡ଼ା ଜାମ, ନିଶ୍ୱାସ ନେବାରେ କଷ୍ଟ ନାହିଁ, ଉଷୁମ ପାଣି ପିଉଛନ୍ତି, ଜ୍ୱର ନାହିଁ",nasal_congestion; minor_head_cold; throat_tickle; ambulatory,72.0,1.0,chronic_kidney_disease_stage_2,none_known,not_applicable,78.0,122.0,75.0,98.0,37.4,18.0,NONE,GREEN,none,true,true,false,prohibited,offline_technical_pipeline_validation,SYNTHETIC_DATA_UNVALIDATED_FOR_STRUCTURAL_TESTING_ONLY_DO_NOT_USE_FOR_CLINICAL_DECISION_MAKING
CASE-V3-01247,PAT-V3-01247,FAM_GRN_15,CONCEPT_CHRONIC_TINNITUS,FAM_GRN_15_T04,46,FEMALE,en,Gentle buzzing sound in head when lying down to sleep,"Non-pulsatile humming tone, blood pressure normal, speech crystal clear, alert",non_pulsatile_tinnitus; symmetrical; no_headache,2160.0,0.0,hypothyroidism,unknown,no,71.0,127.0,74.0,99.0,36.6,14.0,NONE,GREEN,none,true,true,false,prohibited,offline_technical_pipeline_validation,SYNTHETIC_DATA_UNVALIDATED_FOR_STRUCTURAL_TESTING_ONLY_DO_NOT_USE_FOR_CLINICAL_DECISION_MAKING
CASE-V3-01248,PAT-V3-01248,FAM_YEL_13,CONCEPT_CORNEAL_ABRASION_EYE_INJURY,FAM_YEL_13_T01,13,MALE,or,ଡାଳ ବାଜିବା ପରେ ଡାହାଣ ଆଖିରେ ଅସହ୍ୟ ଯନ୍ତ୍ରଣା ଓ ଆଖି ଖୋଲି ନପାରିବା,"ପତା ଜାବୁଡ଼ି ହୋଇ ବନ୍ଦ ହୋଇଯିବା, ଆଲୋକ ଆଦୌ ସହି ନପାରିବା, ଲଗାତାର ଲୁହ ବୋହିବା",severe_ocular_pain; blepharospasm; foreign_body_sensation; photophobia; lacrimation,8.0,8.0,"hypertension, type_2_diabetes",unknown,not_applicable,94.0,123.0,82.0,99.0,36.8,17.0,NONE,YELLOW,none,true,true,false,prohibited,offline_technical_pipeline_validation,SYNTHETIC_DATA_UNVALIDATED_FOR_STRUCTURAL_TESTING_ONLY_DO_NOT_USE_FOR_CLINICAL_DECISION_MAKING
CASE-V3-01249,PAT-V3-01249,FAM_GRN_15,CONCEPT_CHRONIC_TINNITUS,FAM_GRN_15_T01,75,MALE,or,"୩ ମାସ ହେଲା ଦୁଇ କାନରେ ଝିଁ-ଝିଁ ଶବ୍ଦ ଶୁଭିବା, ବିଶେଷ କରି ରାତିରେ","ଶାନ୍ତ ପରିବେଶରେ ଝିଣ୍ଟିକା ଶବ୍ଦ ଭଳି ଲାଗିବା, କଥା ଶୁଣି ହେଉଛି, ମୁଣ୍ଡ ବୁଲାଉ ନାହିଁ, କାନ ବିନ୍ଧା ନାହିଁ",bilateral_high_pitched_tinnitus; gradual_onset_months; non_pulsatile; stable_hearing; no_vertigo,720.0,1.0,dyslipidemia,unknown,not_applicable,74.0,136.0,77.0,98.0,36.8,18.0,NONE,GREEN,none,true,true,false,prohibited,offline_technical_pipeline_validation,SYNTHETIC_DATA_UNVALIDATED_FOR_STRUCTURAL_TESTING_ONLY_DO_NOT_USE_FOR_CLINICAL_DECISION_MAKING
CASE-V3-01250,PAT-V3-01250,FAM_YEL_18,CONCEPT_SECOND_DEGREE_BURN,FAM_YEL_18_T05,55,MALE,or,ବାଣ ଫୁଟି ହାତ ପାପୁଲି ଜଳିଯିବା ଓ ଯନ୍ତ୍ରଣାଦାୟକ ଫୋଟକା,"ପାପୁଲି ଚମଡ଼ା ପୋଡ଼ି ଫୋଟକା, ଆଙ୍ଗୁଠି ଚଳୁଛି କିନ୍ତୁ ଭୀଷଣ ଜଳାପୋଡ଼ା",firework_thermal_burn; hand_partial_thickness; acute_pain,1.0,9.0,osteoarthritis,none_known,not_applicable,90.0,136.0,87.0,99.0,37.1,20.0,NONE,YELLOW,none,true,true,false,prohibited,offline_technical_pipeline_validation,SYNTHETIC_DATA_UNVALIDATED_FOR_STRUCTURAL_TESTING_ONLY_DO_NOT_USE_FOR_CLINICAL_DECISION_MAKING
CASE-V3-01252,PAT-V3-01252,FAM_GRN_11,CONCEPT_IMPACTED_CERUMEN,FAM_GRN_11_T05,18,FEMALE,or,କାନରେ ଖଇଳ ଯୋଗୁଁ ଫୋନ୍ ଶୁଣିବାରେ ଅସୁବିଧା ହେବା,"ଡାହାଣ କାନରେ ଫୋନ୍ ଶୁଣି ହେଉନାହିଁ, ସାଁ-ସାଁ ଶବ୍ଦ ନାହିଁ, କାନ ବିନ୍ଧା ନାହିଁ",cerumen_obstruction; auditory_muffle; stable,168.0,1.0,copd,amoxicillin,unknown,74.0,117.0,76.0,99.0,36.8,15.0,NONE,GREEN,none,true,true,false,prohibited,offline_technical_pipeline_validation,SYNTHETIC_DATA_UNVALIDATED_FOR_STRUCTURAL_TESTING_ONLY_DO_NOT_USE_FOR_CLINICAL_DECISION_MAKING
CASE-V3-01253,PAT-V3-01253,FAM_YEL_11,CONCEPT_PELVIC_INFLAMMATORY_DISEASE,FAM_YEL_11_T04,38,FEMALE,or,"ପେଲଭିସରେ ତୀବ୍ର ଯନ୍ତ୍ରଣା, ଅସ୍ୱାଭାବିକ ରକ୍ତସ୍ରାବ ଓ ଜ୍ୱର","ଅନ୍ତର୍ନିହିତ ଗଭୀର ବିନ୍ଧା, ମାସିକ ଋତୁ ମଝିରେ ରକ୍ତ ଦାଗ, ରାତିରେ କମ୍ପ ଜ୍ୱର",gynecological_infection; hypogastric_tenderness; postcoital_pain,72.0,6.0,epilepsy,none_known,no,94.0,119.0,81.0,98.0,38.4,18.0,NONE,YELLOW,none,true,true,false,prohibited,offline_technical_pipeline_validation,SYNTHETIC_DATA_UNVALIDATED_FOR_STRUCTURAL_TESTING_ONLY_DO_NOT_USE_FOR_CLINICAL_DECISION_MAKING
CASE-V3-01254,PAT-V3-01254,FAM_GRN_10,CONCEPT_MILD_ANKLE_SPRAIN,FAM_GRN_10_T04,41,FEMALE,hi,"ऑटो से उतरते समय टखना मुड़ा, बर्फ लगाने से काफी आराम मिला","टखने के पास हल्का दर्द, बर्फ से सूजन कम हुई, जूता आराम से आ रहा है",soft_tissue_twist_ankle; ice_responsive; mobile,4.0,4.0,copd,none_known,no,84.0,121.0,71.0,99.0,36.5,17.0,NONE,GREEN,none,true,true,false,prohibited,offline_technical_pipeline_validation,SYNTHETIC_DATA_UNVALIDATED_FOR_STRUCTURAL_TESTING_ONLY_DO_NOT_USE_FOR_CLINICAL_DECISION_MAKING
CASE-V3-01255,PAT-V3-01255,FAM_GRN_01,CONCEPT_VIRAL_UPPER_RESPIRATORY_INFECTION,FAM_GRN_01_T01,23,MALE,en,"Mild runny nose, sneezing and tickly dry cough for 3 days","Clear watery nasal drip, itchy palate, mild sore throat on swallowing toast, chest clear, normal appetite",clear_rhinorrhea; sneezing; mild_scratchy_throat; afebrile; normal_chest,96.0,1.0,osteoarthritis,none_known,not_applicable,80.0,118.0,72.0,100.0,36.9,17.0,NONE,GREEN,none,true,true,false,prohibited,offline_technical_pipeline_validation,SYNTHETIC_DATA_UNVALIDATED_FOR_STRUCTURAL_TESTING_ONLY_DO_NOT_USE_FOR_CLINICAL_DECISION_MAKING
CASE-V3-01259,PAT-V3-01259,FAM_GRN_17,CONCEPT_SIMPLE_HEMORRHOIDS,FAM_GRN_17_T04,46,FEMALE,en,Longstanding piles irritation after long motorcycle trip,"Familiar hemorrhoid lump tender when riding scooter, warm sitz bath gives relief, appetite normal",piles_flare; mild_discomfort_sitting; no_weight_loss,168.0,3.0,dyslipidemia,"dust_mites, pollen",unknown,69.0,124.0,72.0,100.0,37.0,14.0,NONE,GREEN,none,true,true,false,prohibited,offline_technical_pipeline_validation,SYNTHETIC_DATA_UNVALIDATED_FOR_STRUCTURAL_TESTING_ONLY_DO_NOT_USE_FOR_CLINICAL_DECISION_MAKING
CASE-V3-01263,PAT-V3-01263,FAM_YEL_18,CONCEPT_SECOND_DEGREE_BURN,FAM_YEL_18_T01,30,FEMALE,or,ହାତରେ ଫୁଟୁଥିବା ଗରମ ପାଣି ପଡ଼ି ବଡ଼ ବଡ଼ ଫୋଟକା ଓ ପ୍ରଚଣ୍ଡ ପୋଡ଼ାଜଳା,"ହାତସାରା ପାଣି ଭର୍ତ୍ତି ଫୋଟକା, ଫୋଟକା ଫାଟି ଲାଲ୍ କଞ୍ଚା ଚମଡ଼ା ଦିଶୁଛି, ଅସହ୍ୟ କଷ୍ଟ",scald_burn_forearm; bullae_formation; intense_pain; partial_thickness,0.5,9.0,osteoarthritis,none_known,yes,97.0,125.0,81.0,100.0,37.2,19.0,NONE,YELLOW,none,true,true,false,prohibited,offline_technical_pipeline_validation,SYNTHETIC_DATA_UNVALIDATED_FOR_STRUCTURAL_TESTING_ONLY_DO_NOT_USE_FOR_CLINICAL_DECISION_MAKING
CASE-V3-01264,PAT-V3-01264,FAM_GRN_17,CONCEPT_SIMPLE_HEMORRHOIDS,FAM_GRN_17_T01,29,MALE,hi,कड़ा मल त्याग करने के बाद टॉयलेट पेपर पर ताजे लाल खून की कुछ लकीरें,"खून सिर्फ पोंछने पर बाहर लगा है, मल के अंदर कोई खून नहीं, पेट में कोई दर्द नहीं, चक्कर नहीं",painless_bright_red_rectal_bleeding_on_toilet_paper; hard_stools; chronic_constipation; no_anemia_signs; stable,48.0,2.0,dyslipidemia,sulfa_drugs,not_applicable,85.0,125.0,72.0,98.0,37.0,16.0,NONE,GREEN,none,true,true,false,prohibited,offline_technical_pipeline_validation,SYNTHETIC_DATA_UNVALIDATED_FOR_STRUCTURAL_TESTING_ONLY_DO_NOT_USE_FOR_CLINICAL_DECISION_MAKING
CASE-V3-01265,PAT-V3-01265,FAM_GRN_12,CONCEPT_APHTHOUS_STOMATITIS,FAM_GRN_12_T05,52,OTHER,or,କମଳା ରସ ପିଇଲା ବେଳେ ମାଢ଼ିରେ ପୋଡ଼ାଜଳା ଓ କଷ୍ଟ,"ଦାନ୍ତ ପାଖରେ ୨ ମିମି ଛୋଟ ଘା', ଦାନ୍ତ ଶକ୍ତ ଅଛି, ଦେହର ଉତ୍ତାପ ସ୍ୱାଭାବିକ",mild_stomatitis; stinging_on_citrus; normal_vitals,24.0,2.0,type_2_diabetes,none_known,not_applicable,69.0,115.0,78.0,99.0,36.6,17.0,NONE,GREEN,none,true,true,false,prohibited,offline_technical_pipeline_validation,SYNTHETIC_DATA_UNVALIDATED_FOR_STRUCTURAL_TESTING_ONLY_DO_NOT_USE_FOR_CLINICAL_DECISION_MAKING
CASE-V3-01269,PAT-V3-01269,FAM_YEL_05,CONCEPT_ACUTE_PYELONEPHRITIS,FAM_YEL_05_T02,50,FEMALE,or,"କିଡନୀ ପାଖରେ ପ୍ରବଳ ବିନ୍ଧା, ଲଗାତାର ବାନ୍ତି ଓ ୧୦୨ ଡିଗ୍ରୀ ଜ୍ୱର","ପାଣି ପିଇଲେ ବି ବାନ୍ତି ହେଉଛି, ବାମ କମର କଡ଼ରେ କଷ୍ଟ, ପରିସ୍ରା ଗୋଳିଆ ଦିଶୁଛି",upper_urinary_tract_infection; loin_tenderness; persistent_vomiting,36.0,7.0,type_2_diabetes,unknown,no,103.0,121.0,76.0,99.0,38.8,22.0,NONE,YELLOW,none,true,true,false,prohibited,offline_technical_pipeline_validation,SYNTHETIC_DATA_UNVALIDATED_FOR_STRUCTURAL_TESTING_ONLY_DO_NOT_USE_FOR_CLINICAL_DECISION_MAKING
CASE-V3-01272,PAT-V3-01272,FAM_YEL_11,CONCEPT_PELVIC_INFLAMMATORY_DISEASE,FAM_YEL_11_T05,37,MALE,hi,"पेट के निचले दोनों किनारों पर तेज दर्द, माथा तपना और कमजोरी","48 घंटे से दर्द जारी, पेशाब रोकने पर और दर्द, बुखार का चढ़ना-उतरना",acute_adnexal_inflammation; lower_abdominal_tenderness; chills,48.0,8.0,none_reported,none_known,not_applicable,101.0,132.0,72.0,100.0,38.9,19.0,NONE,YELLOW,none,true,true,false,prohibited,offline_technical_pipeline_validation,SYNTHETIC_DATA_UNVALIDATED_FOR_STRUCTURAL_TESTING_ONLY_DO_NOT_USE_FOR_CLINICAL_DECISION_MAKING
CASE-V3-01273,PAT-V3-01273,FAM_YEL_11,CONCEPT_PELVIC_INFLAMMATORY_DISEASE,FAM_YEL_11_T03,42,OTHER,en,Lower stomach ache on both sides with hot burning urine and fever,"Pain spreading across pelvic bone, unable to straighten up fully, temperature 38.6C",pelvic_peritonitis_localized; lower_quadrant_guarding; pyrexia,48.0,6.0,migraine,penicillin,not_applicable,91.0,119.0,80.0,98.0,38.3,18.0,NONE,YELLOW,none,true,true,false,prohibited,offline_technical_pipeline_validation,SYNTHETIC_DATA_UNVALIDATED_FOR_STRUCTURAL_TESTING_ONLY_DO_NOT_USE_FOR_CLINICAL_DECISION_MAKING
CASE-V3-01276,PAT-V3-01276,FAM_YEL_07,CONCEPT_EXTREMITY_FRACTURE,FAM_YEL_07_T02,51,FEMALE,en,Audible bone crack and immediate inability to put foot down after tackle,"Rapid purple swelling over lateral malleolus, completely unable to take 4 steps, pulse in foot palpable",ankle_fracture_suspect; inability_to_bear_weight; bony_tenderness; ecchymosis,6.0,9.0,copd,unknown,yes,110.0,146.0,84.0,99.0,37.2,18.0,NONE,YELLOW,none,true,true,false,prohibited,offline_technical_pipeline_validation,SYNTHETIC_DATA_UNVALIDATED_FOR_STRUCTURAL_TESTING_ONLY_DO_NOT_USE_FOR_CLINICAL_DECISION_MAKING
CASE-V3-01278,PAT-V3-01278,FAM_GRN_15,CONCEPT_CHRONIC_TINNITUS,FAM_GRN_15_T04,55,MALE,or,ରାତିରେ ଶୋଇବା ବେଳେ ମୁଣ୍ଡ ଭିତରେ ଭୁଁ-ଭୁଁ ଶବ୍ଦ ଶୁଭିବା,"ଲଗାତାର ସମାନ ସ୍ୱରର ଶବ୍ଦ, ରକ୍ତଚାପ ସ୍ୱାଭାବିକ, କଥାବାର୍ତ୍ତା ସ୍ପଷ୍ଟ, ମୁଣ୍ଡବିନ୍ଧା ନାହିଁ",non_pulsatile_tinnitus; symmetrical; no_headache,336.0,0.0,hypertension,sulfa_drugs,not_applicable,69.0,121.0,83.0,99.0,36.6,18.0,NONE,GREEN,none,true,true,false,prohibited,offline_technical_pipeline_validation,SYNTHETIC_DATA_UNVALIDATED_FOR_STRUCTURAL_TESTING_ONLY_DO_NOT_USE_FOR_CLINICAL_DECISION_MAKING
CASE-V3-01279,PAT-V3-01279,FAM_YEL_10,CONCEPT_ACUTE_DIVERTICULITIS,FAM_YEL_10_T03,60,MALE,en,Severe throbbing in left lower stomach with mild nausea and chills,"Cannot sleep on left side, tender to touch, loss of appetite, no rectal bleeding",colonic_inflammation; focal_abdominal_guarding; fever,24.0,8.0,copd,nsaids,not_applicable,93.0,140.0,88.0,97.0,38.4,18.0,NONE,YELLOW,none,true,true,false,prohibited,offline_technical_pipeline_validation,SYNTHETIC_DATA_UNVALIDATED_FOR_STRUCTURAL_TESTING_ONLY_DO_NOT_USE_FOR_CLINICAL_DECISION_MAKING
CASE-V3-01281,PAT-V3-01281,FAM_GRN_05,CONCEPT_CHRONIC_KNEE_OSTEOARTHRITIS,FAM_GRN_05_T04,64,OTHER,hi,पूजा के बाद जमीन से उठते समय घुटनों में जकड़न और दर्द,"खड़े होने में थोड़ा समय लगना, 20 कदम चलने के बाद जकड़न खुल जाना, बुखार नहीं",wear_and_tear_knee_pain; stiffness_on_inactivity; ambulatory,72.0,4.0,epilepsy,"dust_mites, pollen",not_applicable,78.0,120.0,75.0,100.0,37.1,17.0,NONE,GREEN,none,true,true,false,prohibited,offline_technical_pipeline_validation,SYNTHETIC_DATA_UNVALIDATED_FOR_STRUCTURAL_TESTING_ONLY_DO_NOT_USE_FOR_CLINICAL_DECISION_MAKING
CASE-V3-01284,PAT-V3-01284,FAM_GRN_10,CONCEPT_MILD_ANKLE_SPRAIN,FAM_GRN_10_T02,51,FEMALE,en,"Mild ankle twist during jogging, wants compression crepe bandage","Slight tenderness to side of ankle, walked home 1 km without crutches, toes warm and moving",ligamentous_stretch_mild; lateral_soft_tissue_puffiness; weight_bearing_intact,2.0,3.0,hypertension,penicillin,no,68.0,115.0,74.0,98.0,36.9,14.0,NONE,GREEN,none,true,true,false,prohibited,offline_technical_pipeline_validation,SYNTHETIC_DATA_UNVALIDATED_FOR_STRUCTURAL_TESTING_ONLY_DO_NOT_USE_FOR_CLINICAL_DECISION_MAKING
CASE-V3-01286,PAT-V3-01286,FAM_YEL_18,CONCEPT_SECOND_DEGREE_BURN,FAM_YEL_18_T05,39,MALE,or,ବାଣ ଫୁଟି ହାତ ପାପୁଲି ଜଳିଯିବା ଓ ଯନ୍ତ୍ରଣାଦାୟକ ଫୋଟକା,"ପାପୁଲି ଚମଡ଼ା ପୋଡ଼ି ଫୋଟକା, ଆଙ୍ଗୁଠି ଚଳୁଛି କିନ୍ତୁ ଭୀଷଣ ଜଳାପୋଡ଼ା",firework_thermal_burn; hand_partial_thickness; acute_pain,1.0,8.0,hypertension,none_known,not_applicable,110.0,140.0,87.0,98.0,37.1,16.0,NONE,YELLOW,none,true,true,false,prohibited,offline_technical_pipeline_validation,SYNTHETIC_DATA_UNVALIDATED_FOR_STRUCTURAL_TESTING_ONLY_DO_NOT_USE_FOR_CLINICAL_DECISION_MAKING
CASE-V3-01287,PAT-V3-01287,FAM_GRN_17,CONCEPT_SIMPLE_HEMORRHOIDS,FAM_GRN_17_T04,56,FEMALE,or,ବାଇକ୍ ଚଳାଇବା ପରେ ଅର୍ଶ ମାଂସ ବାହାରି କଷ୍ଟ ଓ ପୋଡ଼ାଜଳା,"ସେହି ପୁରୁଣା ମାଂସ ବାହାରିଛି, ଉଷୁମ ପାଣିରେ ବସିଲେ ଆରାମ ଲାଗୁଛି, ଭୋକ ଭଲ",piles_flare; mild_discomfort_sitting; no_weight_loss,168.0,3.0,migraine,unknown,not_applicable,80.0,116.0,81.0,99.0,36.7,16.0,NONE,GREEN,none,true,true,false,prohibited,offline_technical_pipeline_validation,SYNTHETIC_DATA_UNVALIDATED_FOR_STRUCTURAL_TESTING_ONLY_DO_NOT_USE_FOR_CLINICAL_DECISION_MAKING
CASE-V3-01291,PAT-V3-01291,FAM_YEL_19,CONCEPT_PERITONSILLAR_ABSCESS,FAM_YEL_19_T01,32,MALE,hi,"गले के दाहिने तरफ असहनीय दर्द, लार न निगल पाना और मुंह पूरा न खुलना","दो अंगुली से ज्यादा मुंह नहीं खुल रहा, आवाज भारी और बदली हुई, लार टपकना, तेज बुखार",unilateral_severe_sore_throat; trismus_difficulty_opening_mouth; hot_potato_voice; drooling; fever,72.0,8.0,"hypertension, type_2_diabetes",penicillin,not_applicable,107.0,135.0,86.0,96.0,38.9,21.0,NONE,YELLOW,none,true,true,false,prohibited,offline_technical_pipeline_validation,SYNTHETIC_DATA_UNVALIDATED_FOR_STRUCTURAL_TESTING_ONLY_DO_NOT_USE_FOR_CLINICAL_DECISION_MAKING
CASE-V3-01292,PAT-V3-01292,FAM_YEL_10,CONCEPT_ACUTE_DIVERTICULITIS,FAM_YEL_10_T04,52,FEMALE,or,କୋଷ୍ଠକାଠିନ୍ୟ ପରେ ବାମ ପେଟରେ ବିନ୍ଧା ଓ ୩୮.୪ ଡିଗ୍ରୀ ଜ୍ୱର,"ଚିପିଲେ ତୀକ୍ଷ୍ଣ କଷ୍ଟ, ବାୟୁ ଛାଡ଼ିଲେ ସାମାନ୍ୟ ଆଶ୍ୱସ୍ତି କିନ୍ତୁ ଜ୍ୱର ଲାଗିରହିଛି",subacute_diverticular_flare; localized_tenderness; pyrexia,24.0,5.0,type_2_diabetes,none_known,unknown,86.0,132.0,78.0,100.0,38.2,19.0,NONE,YELLOW,none,true,true,false,prohibited,offline_technical_pipeline_validation,SYNTHETIC_DATA_UNVALIDATED_FOR_STRUCTURAL_TESTING_ONLY_DO_NOT_USE_FOR_CLINICAL_DECISION_MAKING
CASE-V3-01293,PAT-V3-01293,FAM_GRN_12,CONCEPT_APHTHOUS_STOMATITIS,FAM_GRN_12_T02,33,FEMALE,hi,दांत से जीभ कटने के बाद जीभ की नोक पर दर्द भरा छाला,"दांत छूने पर हल्का दर्द, सादा खिचड़ी आराम से खा रहे हैं, बुखार बिल्कुल नहीं",aphthous_ulcer_tongue; localized_stinging; healthy_mucosa,72.0,3.0,"hypertension, type_2_diabetes","dust_mites, pollen",unknown,86.0,128.0,79.0,99.0,36.6,16.0,NONE,GREEN,none,true,true,false,prohibited,offline_technical_pipeline_validation,SYNTHETIC_DATA_UNVALIDATED_FOR_STRUCTURAL_TESTING_ONLY_DO_NOT_USE_FOR_CLINICAL_DECISION_MAKING
CASE-V3-01295,PAT-V3-01295,FAM_GRN_15,CONCEPT_CHRONIC_TINNITUS,FAM_GRN_15_T01,42,OTHER,hi,"तीन महीने से दोनों कानों में लगातार सीटी जैसी आवाज, खासकर रात में","रात के सन्नाटे में झींगुर जैसी आवाज सुनाई देना, सुनने में कोई खास कमी नहीं, चक्कर नहीं आते, कोई दर्द नहीं",bilateral_high_pitched_tinnitus; gradual_onset_months; non_pulsatile; stable_hearing; no_vertigo,2160.0,1.0,copd,amoxicillin,not_applicable,81.0,129.0,83.0,100.0,37.1,18.0,NONE,GREEN,none,true,true,false,prohibited,offline_technical_pipeline_validation,SYNTHETIC_DATA_UNVALIDATED_FOR_STRUCTURAL_TESTING_ONLY_DO_NOT_USE_FOR_CLINICAL_DECISION_MAKING
CASE-V3-01296,PAT-V3-01296,FAM_YEL_15,CONCEPT_HEAD_INJURY_CONCUSSION,FAM_YEL_15_T03,57,MALE,hi,"फर्श पर पीछे की ओर गिरने से सिर के पिछले हिस्से में चोट, बार-बार एक ही बात पूछना","बार-बार पूछ रहे हैं क्या हुआ, अपना नाम-तारीख पता है, कान या नाक से कोई पानी नहीं",post_concussive_dizziness; retrograde_amnesia; stable_neurology,4.0,6.0,chronic_kidney_disease_stage_2,none_known,not_applicable,79.0,130.0,85.0,100.0,36.9,20.0,NONE,YELLOW,none,true,true,false,prohibited,offline_technical_pipeline_validation,SYNTHETIC_DATA_UNVALIDATED_FOR_STRUCTURAL_TESTING_ONLY_DO_NOT_USE_FOR_CLINICAL_DECISION_MAKING
CASE-V3-01297,PAT-V3-01297,FAM_GRN_02,CONCEPT_TENSION_HEADACHE,FAM_GRN_02_T03,40,FEMALE,hi,नींद पूरी न होने के बाद सिर के ऊपर हेलमेट जैसा कसाव,"दबाव जैसा अहसास पर कोई धड़कन नहीं, शांत कमरे में आराम करने से राहत, कोई कमजोरी नहीं",episodic_tension_headache; cap_like_distribution; relieved_by_rest,12.0,3.0,migraine,none_known,no,83.0,121.0,73.0,98.0,36.7,17.0,NONE,GREEN,none,true,true,false,prohibited,offline_technical_pipeline_validation,SYNTHETIC_DATA_UNVALIDATED_FOR_STRUCTURAL_TESTING_ONLY_DO_NOT_USE_FOR_CLINICAL_DECISION_MAKING
CASE-V3-01298,PAT-V3-01298,FAM_GRN_19,CONCEPT_CHRONIC_ONYCHOMYCOSIS,FAM_GRN_19_T04,48,OTHER,hi,नाखून भद्दे और रूखे होने से चप्पल पहनने में झिझक,"एक साल से धीमा बदलाव, कोई दर्द नहीं, जूता पहनने में कोई रुकावट नहीं",chronic_nail_tinea; nail_bed_debris; healthy_foot,2160.0,1.0,asthma,none_known,not_applicable,74.0,117.0,81.0,98.0,36.6,15.0,NONE,GREEN,none,true,true,false,prohibited,offline_technical_pipeline_validation,SYNTHETIC_DATA_UNVALIDATED_FOR_STRUCTURAL_TESTING_ONLY_DO_NOT_USE_FOR_CLINICAL_DECISION_MAKING
CASE-V3-01299,PAT-V3-01299,FAM_YEL_15,CONCEPT_HEAD_INJURY_CONCUSSION,FAM_YEL_15_T03,66,FEMALE,en,"Stumbled backwards hitting back of head on concrete, repeats questions","Asks what happened repeatedly, knows own name and date, dull occipital ache, no ear/nose fluid",post_concussive_dizziness; retrograde_amnesia; stable_neurology,1.0,6.0,osteoarthritis,none_known,not_applicable,90.0,144.0,85.0,99.0,36.6,19.0,NONE,YELLOW,none,true,true,false,prohibited,offline_technical_pipeline_validation,SYNTHETIC_DATA_UNVALIDATED_FOR_STRUCTURAL_TESTING_ONLY_DO_NOT_USE_FOR_CLINICAL_DECISION_MAKING
CASE-V3-01300,PAT-V3-01300,FAM_YEL_05,CONCEPT_ACUTE_PYELONEPHRITIS,FAM_YEL_05_T03,30,FEMALE,hi,"तेज कंपकंपी, कमर में दर्द और पेशाब के संक्रमण के बाद अत्यधिक कमजोरी","पेशाब की जलन अब पीठ में फैल गई है, तेज बुखार, चलने की हिम्मत नहीं",pyelonephritis_systemic_upset; urinary_frequency; shivers,36.0,7.0,chronic_kidney_disease_stage_2,unknown,yes,97.0,132.0,75.0,99.0,39.6,18.0,NONE,YELLOW,none,true,true,false,prohibited,offline_technical_pipeline_validation,SYNTHETIC_DATA_UNVALIDATED_FOR_STRUCTURAL_TESTING_ONLY_DO_NOT_USE_FOR_CLINICAL_DECISION_MAKING
CASE-V3-01301,PAT-V3-01301,FAM_YEL_19,CONCEPT_PERITONSILLAR_ABSCESS,FAM_YEL_19_T02,42,OTHER,hi,पानी घूंटने पर गले से कान में तेज दर्द की टीस और बुखार,"गले का दर्द कान में जाना, दाहिनी तरफ भारी सूजन, तीन दिन से बुखार नहीं उतर रहा",quinsy_suspect; referred_otalgia; uvular_deviation_suspect; dysphagia,96.0,7.0,hypertension,ciprofloxacin,not_applicable,98.0,137.0,74.0,96.0,38.9,22.0,NONE,YELLOW,none,true,true,false,prohibited,offline_technical_pipeline_validation,SYNTHETIC_DATA_UNVALIDATED_FOR_STRUCTURAL_TESTING_ONLY_DO_NOT_USE_FOR_CLINICAL_DECISION_MAKING
CASE-V3-01303,PAT-V3-01303,FAM_GRN_02,CONCEPT_TENSION_HEADACHE,FAM_GRN_02_T03,39,MALE,or,ନିଦ ନହେବା ପରେ ମୁଣ୍ଡ ଉପରେ ହେଲମେଟ୍ ପିନ୍ଧିଲା ଭଳି ଜାକି ଧରିବା,"ଧିମା ଚାପ ଭାବ, ଶାନ୍ତ ଜାଗାରେ ବିଶ୍ରାମ କଲେ କମୁଛି, କୌଣସି ଦୁର୍ବଳତା ନାହିଁ",episodic_tension_headache; cap_like_distribution; relieved_by_rest,48.0,4.0,coronary_artery_disease,"dust_mites, pollen",not_applicable,67.0,116.0,82.0,100.0,36.6,14.0,NONE,GREEN,none,true,true,false,prohibited,offline_technical_pipeline_validation,SYNTHETIC_DATA_UNVALIDATED_FOR_STRUCTURAL_TESTING_ONLY_DO_NOT_USE_FOR_CLINICAL_DECISION_MAKING
CASE-V3-01305,PAT-V3-01305,FAM_YEL_16,CONCEPT_ACUTE_MONOARTHRITIS,FAM_YEL_16_T04,69,OTHER,en,Hot swollen elbow joint doubled in size overnight with temperature 38.1C,"Olecranon bursa and joint warm and tense, holding arm frozen at 90 degrees, severe tenderness",monoarticular_swelling; joint_fluid_analysis_needed; feverish,6.0,8.0,epilepsy,sulfa_drugs,not_applicable,86.0,133.0,85.0,98.0,37.8,18.0,NONE,YELLOW,none,true,true,false,prohibited,offline_technical_pipeline_validation,SYNTHETIC_DATA_UNVALIDATED_FOR_STRUCTURAL_TESTING_ONLY_DO_NOT_USE_FOR_CLINICAL_DECISION_MAKING
CASE-V3-01307,PAT-V3-01307,FAM_GRN_03,CONCEPT_ALLERGIC_RHINITIS,FAM_GRN_03_T01,54,FEMALE,or,ଋତୁ ପରିବର୍ତ୍ତନରେ ଆଖି କୁଣ୍ଡାଇ ହୋଇ ପାଣି ବାହାରିବା ଓ ଲଗାତାର ଛିଙ୍କ,"ଆଖି କୋଣ କୁଣ୍ଡାଇବା, ନାକରୁ ନିର୍ମଳ ପାଣି, ତାଳୁ କୁଣ୍ଡାଇ ହେବା, ଛାତି ଠିକ୍, ଜ୍ୱର ନାହିଁ",itchy_watery_eyes; repetitive_sneezing; clear_rhinorrhea; seasonal_pattern; afebrile,72.0,1.0,hypertension,none_known,unknown,72.0,118.0,72.0,98.0,36.8,14.0,NONE,GREEN,none,true,true,false,prohibited,offline_technical_pipeline_validation,SYNTHETIC_DATA_UNVALIDATED_FOR_STRUCTURAL_TESTING_ONLY_DO_NOT_USE_FOR_CLINICAL_DECISION_MAKING
CASE-V3-01308,PAT-V3-01308,FAM_YEL_15,CONCEPT_HEAD_INJURY_CONCUSSION,FAM_YEL_15_T05,31,MALE,or,ଆଲମାରୀରେ ମୁଣ୍ଡ ପିଟି ହୋଇ କ୍ରମାଗତ ଅସହ୍ୟ ମୁଣ୍ଡବିନ୍ଧା,"ମୁଣ୍ଡ ଉପରେ କଳା ଦାଗ, ହାଲୁକା ମୁଣ୍ଡ ଘୁରାଇବା, ବାତ ନାହିଁ କିମ୍ବା ହାତଗୋଡ଼ ଦୁର୍ବଳ ନୁହେଁ",minor_closed_head_injury; scalp_bruising; observation_candidate,4.0,7.0,dyslipidemia,none_known,not_applicable,88.0,137.0,87.0,98.0,36.8,16.0,NONE,YELLOW,none,true,true,false,prohibited,offline_technical_pipeline_validation,SYNTHETIC_DATA_UNVALIDATED_FOR_STRUCTURAL_TESTING_ONLY_DO_NOT_USE_FOR_CLINICAL_DECISION_MAKING
CASE-V3-01309,PAT-V3-01309,FAM_GRN_19,CONCEPT_CHRONIC_ONYCHOMYCOSIS,FAM_GRN_19_T01,27,FEMALE,en,Thickened discolored yellow crumbling big toenail present for 6 months,"Toenail chalky and brittle with subungual debris, completely painless, no redness or pus at nail fold, walking normally",thickened_yellow_toenail; subungual_hyperkeratosis; painless_nail_dystrophy; no_paronychia; afebrile,720.0,1.0,osteoarthritis,nsaids,no,73.0,121.0,82.0,98.0,37.1,18.0,NONE,GREEN,none,true,true,false,prohibited,offline_technical_pipeline_validation,SYNTHETIC_DATA_UNVALIDATED_FOR_STRUCTURAL_TESTING_ONLY_DO_NOT_USE_FOR_CLINICAL_DECISION_MAKING
CASE-V3-01310,PAT-V3-01310,FAM_YEL_19,CONCEPT_PERITONSILLAR_ABSCESS,FAM_YEL_19_T03,29,MALE,en,Severe one sided throat swelling making drinking liquids agonizing,"Spitting saliva into cup, neck tender under jaw angle, jaw muscles rigid, high temperature",peritonsillar_cellulitis; severe_odynophagia; trismus,48.0,9.0,chronic_kidney_disease_stage_2,nsaids,not_applicable,114.0,127.0,78.0,96.0,38.6,22.0,NONE,YELLOW,none,true,true,false,prohibited,offline_technical_pipeline_validation,SYNTHETIC_DATA_UNVALIDATED_FOR_STRUCTURAL_TESTING_ONLY_DO_NOT_USE_FOR_CLINICAL_DECISION_MAKING
CASE-V3-01311,PAT-V3-01311,FAM_GRN_06,CONCEPT_MILD_DYSPEPSIA,FAM_GRN_06_T05,57,MALE,hi,खाली पेट तेज कॉफी पीने के बाद पेट में हल्की कुलबुलाहट और जलन,"पेट के ऊपरी हिस्से में हल्की चुभन, ठंडा दूध पीने पर तुरंत राहत, मरीज स्वस्थ",gastric_irritation_mild; non_radiating; afebrile,6.0,3.0,copd,amoxicillin,not_applicable,78.0,125.0,72.0,99.0,36.5,18.0,NONE,GREEN,none,true,true,false,prohibited,offline_technical_pipeline_validation,SYNTHETIC_DATA_UNVALIDATED_FOR_STRUCTURAL_TESTING_ONLY_DO_NOT_USE_FOR_CLINICAL_DECISION_MAKING
CASE-V3-01312,PAT-V3-01312,FAM_GRN_12,CONCEPT_APHTHOUS_STOMATITIS,FAM_GRN_12_T03,25,OTHER,or,"ଗାଲ ଭିତରେ ଛୋଟ ଘା', ଆରାମ ଦେବା ପାଇଁ ମଲମ ଦରକାର","ଗାଲ ଚମଡ଼ାରେ ଗୋଟିଏ ଛୋଟ ଘା', କ୍ଷୀର ଆରାମରେ ପିଉଛନ୍ତି, ଜ୍ୱର ନାହିଁ",buccal_mucosa_canker; minor_aphthae; gel_request,24.0,4.0,asthma,penicillin,not_applicable,84.0,126.0,78.0,100.0,36.9,16.0,NONE,GREEN,none,true,true,false,prohibited,offline_technical_pipeline_validation,SYNTHETIC_DATA_UNVALIDATED_FOR_STRUCTURAL_TESTING_ONLY_DO_NOT_USE_FOR_CLINICAL_DECISION_MAKING
CASE-V3-01313,PAT-V3-01313,FAM_YEL_12,CONCEPT_MODERATE_DEHYDRATION,FAM_YEL_12_T01,59,MALE,or,"୨୪ ଘଣ୍ଟାରେ ୧୨ରୁ ଅଧିକ ପାଣିଆ ଝାଡ଼ା ଓ ବାନ୍ତି, ଛିଡ଼ା ହେଲେ ମୁଣ୍ଡ ବୁଲାଇବା","ଜିଭ ଶୁଖି କାଠ, ଆଖି ଭିତରକୁ ପଶିଯାଇଛି, ଅତି କମ ଗାଢ଼ ପରିସ୍ରା, ଛିଡ଼ା ହେଲେ ଛାତି ଧଡ଼ଧଡ଼",profuse_watery_diarrhea; frequent_vomiting; sunken_eyes; tachycardia_orthostatic; dry_tongue,36.0,5.0,migraine,"dust_mites, pollen",not_applicable,113.0,100.0,68.0,97.0,38.0,22.0,NONE,YELLOW,none,true,true,false,prohibited,offline_technical_pipeline_validation,SYNTHETIC_DATA_UNVALIDATED_FOR_STRUCTURAL_TESTING_ONLY_DO_NOT_USE_FOR_CLINICAL_DECISION_MAKING
CASE-V3-01315,PAT-V3-01315,FAM_GRN_17,CONCEPT_SIMPLE_HEMORRHOIDS,FAM_GRN_17_T03,24,FEMALE,en,Sharp sting like paper cut during bowel movement after constipation,"Stinging lasts 5 minutes after toilet then settles, requesting stool softener syrup, walking normally",chronic_constipation_anal_fissure_minor; superficial_tear; ointment_request,168.0,4.0,gastroesophageal_reflux,none_known,no,75.0,124.0,74.0,100.0,36.7,14.0,NONE,GREEN,none,true,true,false,prohibited,offline_technical_pipeline_validation,SYNTHETIC_DATA_UNVALIDATED_FOR_STRUCTURAL_TESTING_ONLY_DO_NOT_USE_FOR_CLINICAL_DECISION_MAKING
CASE-V3-01316,PAT-V3-01316,FAM_YEL_12,CONCEPT_MODERATE_DEHYDRATION,FAM_YEL_12_T04,54,OTHER,hi,फूड पॉइजनिंग और दस्त के बाद पिंडलियों में तेज ऐंठन और कमजोरी,"पिंडलियों की नसों में भयानक खिंचाव, सूखे होंठ, उठकर बैठने पर सिर घूमना, 10 बार दस्त",severe_fluid_loss; muscular_cramps_secondary_hypokalemia; lethargy_mild,36.0,6.0,allergic_rhinitis,sulfa_drugs,not_applicable,107.0,113.0,63.0,99.0,38.5,20.0,NONE,YELLOW,none,true,true,false,prohibited,offline_technical_pipeline_validation,SYNTHETIC_DATA_UNVALIDATED_FOR_STRUCTURAL_TESTING_ONLY_DO_NOT_USE_FOR_CLINICAL_DECISION_MAKING
CASE-V3-01319,PAT-V3-01319,FAM_YEL_05,CONCEPT_ACUTE_PYELONEPHRITIS,FAM_YEL_05_T05,25,FEMALE,hi,"बुखार, उल्टी और पीठ के निचले हिस्से में पसलियों के पास तेज दर्द","पीठ पर हल्का थपथपाने से भी चीख निकलना, पेशाब में आग जैसी जलन, बिस्तर से उठ नहीं पा रहे",complicated_urinary_infection; high_temperature; flank_ache,48.0,6.0,allergic_rhinitis,ciprofloxacin,no,110.0,134.0,76.0,100.0,38.7,19.0,NONE,YELLOW,none,true,true,false,prohibited,offline_technical_pipeline_validation,SYNTHETIC_DATA_UNVALIDATED_FOR_STRUCTURAL_TESTING_ONLY_DO_NOT_USE_FOR_CLINICAL_DECISION_MAKING
CASE-V3-01320,PAT-V3-01320,FAM_YEL_19,CONCEPT_PERITONSILLAR_ABSCESS,FAM_YEL_19_T02,52,OTHER,en,Intense throat agony shooting into right ear when swallowing water,"Ear pain triggered by swallowing, large swollen tonsillar mass, fever unbroken for 3 days",quinsy_suspect; referred_otalgia; uvular_deviation_suspect; dysphagia,72.0,7.0,copd,nsaids,not_applicable,110.0,129.0,88.0,96.0,38.4,20.0,NONE,YELLOW,none,true,true,false,prohibited,offline_technical_pipeline_validation,SYNTHETIC_DATA_UNVALIDATED_FOR_STRUCTURAL_TESTING_ONLY_DO_NOT_USE_FOR_CLINICAL_DECISION_MAKING
CASE-V3-01321,PAT-V3-01321,FAM_YEL_15,CONCEPT_HEAD_INJURY_CONCUSSION,FAM_YEL_15_T02,56,FEMALE,hi,दरवाजे से सिर टकराने के बाद माथे पर बड़ा गुमड़ा और लगातार मतली,"अंडे के आकार का सूजन, उठने पर चक्कर, सभी सवालों का सही जवाब दे रहे हैं, गर्दन नहीं अकड़ी",blunt_head_trauma; goose_egg_hematoma; persistent_nausea,2.0,7.0,type_2_diabetes,unknown,not_applicable,79.0,140.0,88.0,99.0,36.8,20.0,NONE,YELLOW,none,true,true,false,prohibited,offline_technical_pipeline_validation,SYNTHETIC_DATA_UNVALIDATED_FOR_STRUCTURAL_TESTING_ONLY_DO_NOT_USE_FOR_CLINICAL_DECISION_MAKING
CASE-V3-01322,PAT-V3-01322,FAM_GRN_05,CONCEPT_CHRONIC_KNEE_OSTEOARTHRITIS,FAM_GRN_05_T02,82,FEMALE,en,Knee soreness aggravated by damp cold weather over past week,"Familiar chronic joint ache, goes up stairs slowly, joints cool to touch, taking calcium supplements",knee_osteoarthritis_weather_flare; mechanical_ache; stable_effusion_none,168.0,3.0,migraine,amoxicillin,not_applicable,80.0,129.0,84.0,98.0,36.6,17.0,NONE,GREEN,none,true,true,false,prohibited,offline_technical_pipeline_validation,SYNTHETIC_DATA_UNVALIDATED_FOR_STRUCTURAL_TESTING_ONLY_DO_NOT_USE_FOR_CLINICAL_DECISION_MAKING
CASE-V3-01323,PAT-V3-01323,FAM_GRN_06,CONCEPT_MILD_DYSPEPSIA,FAM_GRN_06_T02,64,MALE,hi,मसालेदार चाय के बाद खट्टी डकारें और छाती के बीच में हल्की गर्माहट,"गले तक हल्की जलन उठना, पानी पीने पर शांत होना, चलने पर दर्द नहीं, सांस पूरी आ रही",gastroesophageal_reflux_mild; waterbrash; retrosternal_warmth,12.0,3.0,dyslipidemia,unknown,not_applicable,85.0,131.0,82.0,100.0,36.9,16.0,NONE,GREEN,none,true,true,false,prohibited,offline_technical_pipeline_validation,SYNTHETIC_DATA_UNVALIDATED_FOR_STRUCTURAL_TESTING_ONLY_DO_NOT_USE_FOR_CLINICAL_DECISION_MAKING
CASE-V3-01324,PAT-V3-01324,FAM_YEL_12,CONCEPT_MODERATE_DEHYDRATION,FAM_YEL_12_T01,22,MALE,hi,"24 घंटे में 12 से ज्यादा पतले दस्त और उल्टियां, खड़े होने पर चक्कर","जीभ बिल्कुल सूखी, आंखें अंदर धंसी हुई, पेशाब बहुत कम और गहरा पीला, खड़े होने पर दिल तेज धड़कना",profuse_watery_diarrhea; frequent_vomiting; sunken_eyes; tachycardia_orthostatic; dry_tongue,48.0,6.0,coronary_artery_disease,aspirin,not_applicable,117.0,105.0,70.0,97.0,38.3,22.0,NONE,YELLOW,none,true,true,false,prohibited,offline_technical_pipeline_validation,SYNTHETIC_DATA_UNVALIDATED_FOR_STRUCTURAL_TESTING_ONLY_DO_NOT_USE_FOR_CLINICAL_DECISION_MAKING
CASE-V3-01325,PAT-V3-01325,FAM_GRN_05,CONCEPT_CHRONIC_KNEE_OSTEOARTHRITIS,FAM_GRN_05_T05,60,OTHER,hi,सीढ़ियां उतरते समय घुटने की कटोरी में धीमा दर्द,"उतरते समय सहारा लेना, जोड़ पर कोई लाली या गर्माहट नहीं, सामान्य स्वास्थ्य ठीक",chronic_arthrosis; pain_on_descending_stairs; no_systemic_symptoms,72.0,4.0,none_reported,nsaids,not_applicable,81.0,135.0,78.0,98.0,36.6,14.0,NONE,GREEN,none,true,true,false,prohibited,offline_technical_pipeline_validation,SYNTHETIC_DATA_UNVALIDATED_FOR_STRUCTURAL_TESTING_ONLY_DO_NOT_USE_FOR_CLINICAL_DECISION_MAKING
CASE-V3-01327,PAT-V3-01327,FAM_GRN_11,CONCEPT_IMPACTED_CERUMEN,FAM_GRN_11_T05,69,MALE,or,କାନରେ ଖଇଳ ଯୋଗୁଁ ଫୋନ୍ ଶୁଣିବାରେ ଅସୁବିଧା ହେବା,"ଡାହାଣ କାନରେ ଫୋନ୍ ଶୁଣି ହେଉନାହିଁ, ସାଁ-ସାଁ ଶବ୍ଦ ନାହିଁ, କାନ ବିନ୍ଧା ନାହିଁ",cerumen_obstruction; auditory_muffle; stable,336.0,2.0,coronary_artery_disease,nsaids,not_applicable,72.0,117.0,73.0,99.0,36.5,17.0,NONE,GREEN,none,true,true,false,prohibited,offline_technical_pipeline_validation,SYNTHETIC_DATA_UNVALIDATED_FOR_STRUCTURAL_TESTING_ONLY_DO_NOT_USE_FOR_CLINICAL_DECISION_MAKING
CASE-V3-01330,PAT-V3-01330,FAM_YEL_07,CONCEPT_EXTREMITY_FRACTURE,FAM_YEL_07_T05,43,OTHER,hi,झूले से गिरने के बाद बच्चे की कोहनी में भारी सूजन और रोना,"बच्चा हाथ पेट से चिपकाए हुए है, हाथ छूने पर चीखता है, हाथ की नब्ज सामान्य है",elbow_supracondylar_suspect; acute_swelling; splinted,6.0,8.0,migraine,penicillin,not_applicable,110.0,145.0,87.0,100.0,37.2,17.0,NONE,YELLOW,none,true,true,false,prohibited,offline_technical_pipeline_validation,SYNTHETIC_DATA_UNVALIDATED_FOR_STRUCTURAL_TESTING_ONLY_DO_NOT_USE_FOR_CLINICAL_DECISION_MAKING
CASE-V3-01332,PAT-V3-01332,FAM_YEL_06,CONCEPT_DEEP_LACERATION,FAM_YEL_06_T03,48,FEMALE,en,Deep glass cut to outer thigh soaked through two cloth wraps,"Clean laceration across quadriceps, skin edges wide apart, no numbness in foot, bleeding currently oozing",glass_cut_thigh; full_thickness_wound; stable_hemodynamics,2.0,7.0,copd,amoxicillin,unknown,95.0,136.0,88.0,98.0,36.9,20.0,NONE,YELLOW,none,true,true,false,prohibited,offline_technical_pipeline_validation,SYNTHETIC_DATA_UNVALIDATED_FOR_STRUCTURAL_TESTING_ONLY_DO_NOT_USE_FOR_CLINICAL_DECISION_MAKING
CASE-V3-01333,PAT-V3-01333,FAM_YEL_20,CONCEPT_SYMPTOMATIC_TACHYCARDIA_STABLE,FAM_YEL_20_T04,54,OTHER,or,ପାହାଚ ଚଢ଼ିଲା ବେଳେ ହୃଦସ୍ପନ୍ଦନ ଅନିୟନ୍ତ୍ରିତ ହେବା ଓ ଶ୍ୱାସ ଫୁଲିବା,"ସ୍ପନ୍ଦନ ବନ୍ଦ ହୋଇ ପୁଣି ଦ୍ରୁତ ହେବା, ଛାତିରେ କମ୍ପନ, ହାତକୁ କଷ୍ଟ ବ୍ୟାପୁନାହିଁ",tachyarrhythmia_normotensive; shortness_of_breath_on_exertion; pulse_irregularity,2.0,4.0,hypertension,aspirin,not_applicable,134.0,138.0,84.0,98.0,37.2,18.0,NONE,YELLOW,none,true,true,false,prohibited,offline_technical_pipeline_validation,SYNTHETIC_DATA_UNVALIDATED_FOR_STRUCTURAL_TESTING_ONLY_DO_NOT_USE_FOR_CLINICAL_DECISION_MAKING
CASE-V3-01334,PAT-V3-01334,FAM_YEL_16,CONCEPT_ACUTE_MONOARTHRITIS,FAM_YEL_16_T03,53,OTHER,or,"ଗୋଇଠି ଗଣ୍ଠିରେ ଗାଉଟ୍ ଯନ୍ତ୍ରଣାର ପ୍ରକୋପ, ଔଷଧ ଖାଇ ବି ଉପଶମ ନାହିଁ","ଗୋଇଠି ବାଇଗଣୀ ଲାଲ୍ ହୋଇ ଫୁଲିଛି, ଭୀଷଣ ଘୋଳାବିନ୍ଧା, ଥରିବା ଭାବ",gouty_arthritis_flare; hyperuricemia_history; severe_throbbing,24.0,9.0,"hypertension, type_2_diabetes","dust_mites, pollen",not_applicable,95.0,128.0,86.0,98.0,37.9,20.0,NONE,YELLOW,none,true,true,false,prohibited,offline_technical_pipeline_validation,SYNTHETIC_DATA_UNVALIDATED_FOR_STRUCTURAL_TESTING_ONLY_DO_NOT_USE_FOR_CLINICAL_DECISION_MAKING
CASE-V3-01336,PAT-V3-01336,FAM_YEL_05,CONCEPT_ACUTE_PYELONEPHRITIS,FAM_YEL_05_T04,56,MALE,or,"ଡାହାଣ ପିଠିରେ ଭୀଷଣ ଯନ୍ତ୍ରଣା, ଫୁଟୁଥିବା ଭଳି ପୋଡ଼ା ପରିସ୍ରା ଓ ଝାଳ","ସନ୍ଧ୍ୟାରେ ଜ୍ୱର ବଢ଼ିବା, କମର ଭିତରେ ଧିମା ବିନ୍ଧା, ବାରମ୍ବାର ପରିସ୍ରା ଲାଗିବା",acute_renal_parenchymal_infection; pyuria; backache,36.0,6.0,coronary_artery_disease,nsaids,not_applicable,101.0,140.0,86.0,98.0,39.3,18.0,NONE,YELLOW,none,true,true,false,prohibited,offline_technical_pipeline_validation,SYNTHETIC_DATA_UNVALIDATED_FOR_STRUCTURAL_TESTING_ONLY_DO_NOT_USE_FOR_CLINICAL_DECISION_MAKING
CASE-V3-01337,PAT-V3-01337,FAM_YEL_14,CONCEPT_SPREADING_CELLULITIS,FAM_YEL_14_T01,25,MALE,hi,"दाहिनी पिंडली पर तेजी से फैलती लाल सूजन, तेज जलन और बुखार","कल बनाए पेन के निशान से 5 सेमी आगे लाली फैल गई है, चमड़ी तनी हुई और गर्म, कंपकंपी",spreading_erythema_lower_limb; warmth_edema_skin; fever_rigors; pen_mark_crossed,48.0,5.0,epilepsy,sulfa_drugs,not_applicable,93.0,131.0,86.0,99.0,38.1,18.0,NONE,YELLOW,none,true,true,false,prohibited,offline_technical_pipeline_validation,SYNTHETIC_DATA_UNVALIDATED_FOR_STRUCTURAL_TESTING_ONLY_DO_NOT_USE_FOR_CLINICAL_DECISION_MAKING
CASE-V3-01339,PAT-V3-01339,FAM_GRN_05,CONCEPT_CHRONIC_KNEE_OSTEOARTHRITIS,FAM_GRN_05_T04,60,FEMALE,hi,पूजा के बाद जमीन से उठते समय घुटनों में जकड़न और दर्द,"खड़े होने में थोड़ा समय लगना, 20 कदम चलने के बाद जकड़न खुल जाना, बुखार नहीं",wear_and_tear_knee_pain; stiffness_on_inactivity; ambulatory,336.0,5.0,"hypertension, type_2_diabetes",penicillin,not_applicable,82.0,135.0,81.0,97.0,37.0,18.0,NONE,GREEN,none,true,true,false,prohibited,offline_technical_pipeline_validation,SYNTHETIC_DATA_UNVALIDATED_FOR_STRUCTURAL_TESTING_ONLY_DO_NOT_USE_FOR_CLINICAL_DECISION_MAKING
CASE-V3-01342,PAT-V3-01342,FAM_GRN_01,CONCEPT_VIRAL_UPPER_RESPIRATORY_INFECTION,FAM_GRN_01_T01,59,FEMALE,en,"Mild runny nose, sneezing and tickly dry cough for 3 days","Clear watery nasal drip, itchy palate, mild sore throat on swallowing toast, chest clear, normal appetite",clear_rhinorrhea; sneezing; mild_scratchy_throat; afebrile; normal_chest,48.0,1.0,none_reported,ciprofloxacin,not_applicable,70.0,112.0,79.0,100.0,36.8,17.0,NONE,GREEN,none,true,true,false,prohibited,offline_technical_pipeline_validation,SYNTHETIC_DATA_UNVALIDATED_FOR_STRUCTURAL_TESTING_ONLY_DO_NOT_USE_FOR_CLINICAL_DECISION_MAKING
CASE-V3-01344,PAT-V3-01344,FAM_YEL_06,CONCEPT_DEEP_LACERATION,FAM_YEL_06_T02,27,MALE,or,"ଇଟା ପଡ଼ି ମୁଣ୍ଡ ଫାଟି ରକ୍ତ ବୋହିବା, ତଉଲିଆ ଦେଇ ରକ୍ତ ବନ୍ଦ କରାଯାଇଛି","ମୁଣ୍ଡ ଚମଡ଼ା ଗଭୀର ଭାବେ ଫାଟିଛି, ସିଲାଇ ଦରକାର, ରୋଗୀ ସମ୍ପୂର୍ଣ୍ଣ ସଚେତନ ଓ ବାନ୍ତି ନାହିଁ",gaping_scalp_laceration; controlled_hemostasis; no_loss_of_consciousness,4.0,6.0,type_2_diabetes,"dust_mites, pollen",not_applicable,95.0,138.0,88.0,100.0,37.0,16.0,NONE,YELLOW,none,true,true,false,prohibited,offline_technical_pipeline_validation,SYNTHETIC_DATA_UNVALIDATED_FOR_STRUCTURAL_TESTING_ONLY_DO_NOT_USE_FOR_CLINICAL_DECISION_MAKING
CASE-V3-01345,PAT-V3-01345,FAM_GRN_06,CONCEPT_MILD_DYSPEPSIA,FAM_GRN_06_T05,25,FEMALE,en,Irritated stomach feeling after drinking strong black coffee on empty stomach,"Gnawing discomfort at epigastrium, completely soothed by drinking cold milk, alert",gastric_irritation_mild; non_radiating; afebrile,6.0,4.0,hypertension,unknown,yes,86.0,128.0,73.0,99.0,36.8,14.0,NONE,GREEN,none,true,true,false,prohibited,offline_technical_pipeline_validation,SYNTHETIC_DATA_UNVALIDATED_FOR_STRUCTURAL_TESTING_ONLY_DO_NOT_USE_FOR_CLINICAL_DECISION_MAKING
CASE-V3-01347,PAT-V3-01347,FAM_GRN_17,CONCEPT_SIMPLE_HEMORRHOIDS,FAM_GRN_17_T04,46,FEMALE,en,Longstanding piles irritation after long motorcycle trip,"Familiar hemorrhoid lump tender when riding scooter, warm sitz bath gives relief, appetite normal",piles_flare; mild_discomfort_sitting; no_weight_loss,72.0,2.0,"hypertension, type_2_diabetes",penicillin,no,80.0,130.0,72.0,99.0,36.7,14.0,NONE,GREEN,none,true,true,false,prohibited,offline_technical_pipeline_validation,SYNTHETIC_DATA_UNVALIDATED_FOR_STRUCTURAL_TESTING_ONLY_DO_NOT_USE_FOR_CLINICAL_DECISION_MAKING
CASE-V3-01348,PAT-V3-01348,FAM_GRN_12,CONCEPT_APHTHOUS_STOMATITIS,FAM_GRN_12_T02,36,MALE,or,ଦାନ୍ତ ବାଜି କଟିଯିବା ପରେ ଜିଭ ଅଗରେ ଛୋଟ ଯନ୍ତ୍ରଣାଦାୟକ ଘା',"ଦାନ୍ତରେ ଘଷି ହେଲେ ବିନ୍ଧା, ସାଧାରଣ ଯାଉ ସହଜରେ ଖାଉଛନ୍ତି, ଜ୍ୱର ଆଦୌ ନାହିଁ",aphthous_ulcer_tongue; localized_stinging; healthy_mucosa,24.0,2.0,epilepsy,ciprofloxacin,not_applicable,71.0,113.0,79.0,100.0,37.0,15.0,NONE,GREEN,none,true,true,false,prohibited,offline_technical_pipeline_validation,SYNTHETIC_DATA_UNVALIDATED_FOR_STRUCTURAL_TESTING_ONLY_DO_NOT_USE_FOR_CLINICAL_DECISION_MAKING
CASE-V3-01350,PAT-V3-01350,FAM_YEL_19,CONCEPT_PERITONSILLAR_ABSCESS,FAM_YEL_19_T01,42,FEMALE,en,Severe right sided throat pain unable to swallow saliva with muffled hot potato voice,"Cannot open mouth wider than two fingers, right tonsil bulging across midline, pooling saliva in mouth, fever",unilateral_severe_sore_throat; trismus_difficulty_opening_mouth; hot_potato_voice; drooling; fever,72.0,9.0,none_reported,"dust_mites, pollen",no,101.0,138.0,76.0,96.0,39.2,19.0,NONE,YELLOW,none,true,true,false,prohibited,offline_technical_pipeline_validation,SYNTHETIC_DATA_UNVALIDATED_FOR_STRUCTURAL_TESTING_ONLY_DO_NOT_USE_FOR_CLINICAL_DECISION_MAKING
CASE-V3-01352,PAT-V3-01352,FAM_GRN_04,CONCEPT_SUPERFICIAL_ABRASION,FAM_GRN_04_T03,18,MALE,hi,"सीढ़ियों पर फिसलने से हथेलियों में खरोंचें, दवा लगवाने आए हैं","हथेलियों की सतही चमड़ी छिलना, कोई कंकड़ नहीं फंसा, उंगलियां पूरी हिल रही हैं, खून रुका है",palm_abrasion_fall; clean_wound; no_foreign_body,4.0,4.0,hypothyroidism,amoxicillin,not_applicable,83.0,113.0,74.0,98.0,37.0,17.0,NONE,GREEN,none,true,true,false,prohibited,offline_technical_pipeline_validation,SYNTHETIC_DATA_UNVALIDATED_FOR_STRUCTURAL_TESTING_ONLY_DO_NOT_USE_FOR_CLINICAL_DECISION_MAKING
CASE-V3-01353,PAT-V3-01353,FAM_GRN_05,CONCEPT_CHRONIC_KNEE_OSTEOARTHRITIS,FAM_GRN_05_T03,69,OTHER,hi,बाजार से सामान लाने के बाद दाहिने घुटने के अंदरूनी किनारे पर दर्द,"हड्डी थोड़ी मोटी महसूस होना, कोई लाली नहीं, सोफे पर पैर सीधा रखने से आराम मिलता है",degenerative_joint_ache; mild_swelling_chronic; mobile,168.0,4.0,asthma,unknown,not_applicable,73.0,126.0,76.0,97.0,36.9,18.0,NONE,GREEN,none,true,true,false,prohibited,offline_technical_pipeline_validation,SYNTHETIC_DATA_UNVALIDATED_FOR_STRUCTURAL_TESTING_ONLY_DO_NOT_USE_FOR_CLINICAL_DECISION_MAKING
CASE-V3-01354,PAT-V3-01354,FAM_YEL_07,CONCEPT_EXTREMITY_FRACTURE,FAM_YEL_07_T04,55,MALE,en,Extreme lower leg pain and localized swelling after scooter tip-over,"Mid-shin exquisite focal tenderness, unable to bear any weight, toes warm and moving well",tibia_fibula_trauma; localized_crepitus_suspect; intact_distal_pulses,2.0,7.0,dyslipidemia,none_known,not_applicable,105.0,129.0,82.0,99.0,37.2,17.0,NONE,YELLOW,none,true,true,false,prohibited,offline_technical_pipeline_validation,SYNTHETIC_DATA_UNVALIDATED_FOR_STRUCTURAL_TESTING_ONLY_DO_NOT_USE_FOR_CLINICAL_DECISION_MAKING
CASE-V3-01355,PAT-V3-01355,FAM_GRN_06,CONCEPT_MILD_DYSPEPSIA,FAM_GRN_06_T05,36,MALE,or,ଖାଲି ପେଟରେ କଡ଼ା କଫି ପିଇବା ପରେ ପେଟରେ ସାମାନ୍ୟ ଜ୍ୱାଳା,"ପେଟ ଭିତରେ କାମୁଡ଼ିଲା ଭଳି ଲାଗିବା, ଥଣ୍ଡା କ୍ଷୀର ପିଇଲେ ତୁରନ୍ତ ଉପଶମ, ସୁସ୍ଥ ଅଛନ୍ତି",gastric_irritation_mild; non_radiating; afebrile,6.0,2.0,type_2_diabetes,sulfa_drugs,not_applicable,85.0,117.0,74.0,98.0,36.6,14.0,NONE,GREEN,none,true,true,false,prohibited,offline_technical_pipeline_validation,SYNTHETIC_DATA_UNVALIDATED_FOR_STRUCTURAL_TESTING_ONLY_DO_NOT_USE_FOR_CLINICAL_DECISION_MAKING
CASE-V3-01356,PAT-V3-01356,FAM_YEL_07,CONCEPT_EXTREMITY_FRACTURE,FAM_YEL_07_T02,29,MALE,hi,खेल में पैर मुड़ने पर हड्डी टूटने की आवाज और पैर पर वजन न रख पाना,"टखने के बाहरी हिस्से पर नीला-बैंगनी उभार, चार कदम भी चलना असंभव, पैर में नब्ज महसूस हो रही",ankle_fracture_suspect; inability_to_bear_weight; bony_tenderness; ecchymosis,1.0,9.0,epilepsy,penicillin,not_applicable,94.0,128.0,87.0,99.0,36.9,19.0,NONE,YELLOW,none,true,true,false,prohibited,offline_technical_pipeline_validation,SYNTHETIC_DATA_UNVALIDATED_FOR_STRUCTURAL_TESTING_ONLY_DO_NOT_USE_FOR_CLINICAL_DECISION_MAKING
CASE-V3-01358,PAT-V3-01358,FAM_GRN_03,CONCEPT_ALLERGIC_RHINITIS,FAM_GRN_03_T05,49,MALE,or,ଫୁଲ ଫୁଟିବା ଦିନରେ ସକାଳେ ଆଖିରୁ ପାଣି ଓ ନାକ ବୋହିବା,"ଗାଧୋଇବା ପରେ ଛିଙ୍କ କମୁଛି, ତାଳୁ ସାମାନ୍ୟ କୁଣ୍ଡାଇ, ଭୋକ ଭଲ, ଛାତିରେ ଶବ୍ଦ ନାହିଁ",rhinoconjunctivitis; intermittent_sneezing; normal_chest_sounds,120.0,1.0,coronary_artery_disease,penicillin,not_applicable,78.0,120.0,71.0,100.0,37.0,17.0,NONE,GREEN,none,true,true,false,prohibited,offline_technical_pipeline_validation,SYNTHETIC_DATA_UNVALIDATED_FOR_STRUCTURAL_TESTING_ONLY_DO_NOT_USE_FOR_CLINICAL_DECISION_MAKING
CASE-V3-01359,PAT-V3-01359,FAM_YEL_15,CONCEPT_HEAD_INJURY_CONCUSSION,FAM_YEL_15_T04,47,MALE,hi,साइकिल से गिरने के बाद सिर में तेज दर्द और रोशनी से घबराहट,"सिर के दोनों तरफ भारी दर्द, आंखें खोलने में तकलीफ, चलने में संतुलन ठीक है",cranial_contusion; photophobia_post_trauma; gcs_normal,4.0,7.0,type_2_diabetes,amoxicillin,not_applicable,82.0,147.0,90.0,99.0,36.7,16.0,NONE,YELLOW,none,true,true,false,prohibited,offline_technical_pipeline_validation,SYNTHETIC_DATA_UNVALIDATED_FOR_STRUCTURAL_TESTING_ONLY_DO_NOT_USE_FOR_CLINICAL_DECISION_MAKING
CASE-V3-01360,PAT-V3-01360,FAM_YEL_11,CONCEPT_PELVIC_INFLAMMATORY_DISEASE,FAM_YEL_11_T04,20,FEMALE,en,Severe pelvic throbbing and unusual bleeding with fever,"Persistent deep dull pelvic pain, spotting between periods, shivering spells at night",gynecological_infection; hypogastric_tenderness; postcoital_pain,72.0,8.0,epilepsy,amoxicillin,unknown,106.0,115.0,75.0,99.0,38.4,19.0,NONE,YELLOW,none,true,true,false,prohibited,offline_technical_pipeline_validation,SYNTHETIC_DATA_UNVALIDATED_FOR_STRUCTURAL_TESTING_ONLY_DO_NOT_USE_FOR_CLINICAL_DECISION_MAKING
CASE-V3-01362,PAT-V3-01362,FAM_GRN_04,CONCEPT_SUPERFICIAL_ABRASION,FAM_GRN_04_T02,19,MALE,en,Scraped left elbow on turf during badminton game,"Red raw skin patch 3x3 cm, washed with clean water, mild stinging on touch, elbow moves normally",friction_burn_elbow; raw_epidermis; intact_range_of_motion,8.0,4.0,dyslipidemia,amoxicillin,not_applicable,70.0,113.0,71.0,99.0,36.9,14.0,NONE,GREEN,none,true,true,false,prohibited,offline_technical_pipeline_validation,SYNTHETIC_DATA_UNVALIDATED_FOR_STRUCTURAL_TESTING_ONLY_DO_NOT_USE_FOR_CLINICAL_DECISION_MAKING
CASE-V3-01363,PAT-V3-01363,FAM_GRN_09,CONCEPT_SUPERFICIAL_FOLLICULITIS,FAM_GRN_09_T05,45,FEMALE,en,Prickly heat pimples across upper back after gym workout,"Tiny itchy pinpoint red spots on sweaty skin, improving after cool shower, vitals normal",sweat_folliculitis; mild_pruritus; circumscribed,72.0,2.0,type_2_diabetes,penicillin,no,83.0,114.0,75.0,98.0,36.9,15.0,NONE,GREEN,none,true,true,false,prohibited,offline_technical_pipeline_validation,SYNTHETIC_DATA_UNVALIDATED_FOR_STRUCTURAL_TESTING_ONLY_DO_NOT_USE_FOR_CLINICAL_DECISION_MAKING
CASE-V3-01364,PAT-V3-01364,FAM_YEL_11,CONCEPT_PELVIC_INFLAMMATORY_DISEASE,FAM_YEL_11_T05,28,FEMALE,hi,"पेट के निचले दोनों किनारों पर तेज दर्द, माथा तपना और कमजोरी","48 घंटे से दर्द जारी, पेशाब रोकने पर और दर्द, बुखार का चढ़ना-उतरना",acute_adnexal_inflammation; lower_abdominal_tenderness; chills,72.0,6.0,copd,"dust_mites, pollen",no,93.0,124.0,72.0,100.0,38.2,18.0,NONE,YELLOW,none,true,true,false,prohibited,offline_technical_pipeline_validation,SYNTHETIC_DATA_UNVALIDATED_FOR_STRUCTURAL_TESTING_ONLY_DO_NOT_USE_FOR_CLINICAL_DECISION_MAKING
CASE-V3-01366,PAT-V3-01366,FAM_YEL_19,CONCEPT_PERITONSILLAR_ABSCESS,FAM_YEL_19_T05,23,FEMALE,or,"ଖାଦ୍ୟ ବା ବଟିକା ଗିଳି ନପାରିବା, ଗାଲ କୋଣରେ ତୀବ୍ର ବିନ୍ଧା ଓ ଫୁଲା","ଛେପ ପକାଉଛନ୍ତି, ଡାହାଣ କାନତଳ ଚିପିଲେ କଷ୍ଟ, ମୁହଁ ଖୋଲୁନାହିଁ, ୩୮.୮ ଡିଗ୍ରୀ ଜ୍ୱର",deep_neck_space_infection_risk; trismus; pyrexia,48.0,8.0,allergic_rhinitis,none_known,no,101.0,129.0,83.0,97.0,38.8,21.0,NONE,YELLOW,none,true,true,false,prohibited,offline_technical_pipeline_validation,SYNTHETIC_DATA_UNVALIDATED_FOR_STRUCTURAL_TESTING_ONLY_DO_NOT_USE_FOR_CLINICAL_DECISION_MAKING
CASE-V3-01368,PAT-V3-01368,FAM_GRN_11,CONCEPT_IMPACTED_CERUMEN,FAM_GRN_11_T04,15,MALE,en,Sensation of water trapped inside ear canal for 4 days,"Tickling sensation in outer ear, no redness of earlobe, normal balance",aural_fullness; autophony; no_infection_signs,168.0,1.0,coronary_artery_disease,none_known,not_applicable,81.0,130.0,80.0,100.0,37.0,14.0,NONE,GREEN,none,true,true,false,prohibited,offline_technical_pipeline_validation,SYNTHETIC_DATA_UNVALIDATED_FOR_STRUCTURAL_TESTING_ONLY_DO_NOT_USE_FOR_CLINICAL_DECISION_MAKING
CASE-V3-01369,PAT-V3-01369,FAM_YEL_16,CONCEPT_ACUTE_MONOARTHRITIS,FAM_YEL_16_T01,66,MALE,en,Woke at 3 AM with red-hot excruciating swelling of big toe joint unable to touch bedsheet,"First metatarsophalangeal joint fiery red swollen shiny, even air breeze causes agony, cannot weight-bear",acute_first_mtp_erythema; podagra; severe_joint_tenderness; bedsheet_intolerance,12.0,8.0,copd,none_known,not_applicable,97.0,144.0,81.0,100.0,37.6,18.0,NONE,YELLOW,none,true,true,false,prohibited,offline_technical_pipeline_validation,SYNTHETIC_DATA_UNVALIDATED_FOR_STRUCTURAL_TESTING_ONLY_DO_NOT_USE_FOR_CLINICAL_DECISION_MAKING
CASE-V3-01370,PAT-V3-01370,FAM_GRN_09,CONCEPT_SUPERFICIAL_FOLLICULITIS,FAM_GRN_09_T04,37,FEMALE,en,Inflamed red pore on upper arm from ingrown hair,"Tiny ingrown hair coiled inside red spot, mild prickle on pressure, no drainage, afebrile",superficial_skin_infection_minor; localized; clean_margins,48.0,3.0,hypothyroidism,unknown,no,75.0,119.0,79.0,99.0,36.8,15.0,NONE,GREEN,none,true,true,false,prohibited,offline_technical_pipeline_validation,SYNTHETIC_DATA_UNVALIDATED_FOR_STRUCTURAL_TESTING_ONLY_DO_NOT_USE_FOR_CLINICAL_DECISION_MAKING
CASE-V3-01373,PAT-V3-01373,FAM_YEL_14,CONCEPT_SPREADING_CELLULITIS,FAM_YEL_14_T03,72,FEMALE,or,କଣ୍ଟା ଫୁଟିବା ପରେ ହାତରୁ କାଖ ଆଡ଼କୁ ଲାଲ୍ ଧାର ମାଡ଼ିବା ଓ ଜ୍ୱର,"କାଖ ପର୍ଯ୍ୟନ୍ତ ନାଲି ଗାର ଟାଣି ହୋଇଛି, ହାତ ଧପଧପ ହୋଇ ଫୁଲିଛି, ୩୮.୪ ଡିଗ୍ରୀ ଜ୍ୱର",cellulitis_secondary_to_abrasion; ascending_lymphangitis; pain,24.0,7.0,coronary_artery_disease,nsaids,not_applicable,106.0,129.0,80.0,100.0,38.4,21.0,NONE,YELLOW,none,true,true,false,prohibited,offline_technical_pipeline_validation,SYNTHETIC_DATA_UNVALIDATED_FOR_STRUCTURAL_TESTING_ONLY_DO_NOT_USE_FOR_CLINICAL_DECISION_MAKING
CASE-V3-01374,PAT-V3-01374,FAM_GRN_19,CONCEPT_CHRONIC_ONYCHOMYCOSIS,FAM_GRN_19_T02,70,MALE,hi,"पैर के नाखूनों में फंगस लगने से पीलापन, नाखून का लोशन चाहिए","नाखून सख्त और भद्दे हो गए हैं, नेलकटर से नहीं कटते, कोई दर्द या सूजन नहीं",fungal_nail_infection; dystrophic_nail_plate; cosmetic_concern,720.0,1.0,hypertension,unknown,not_applicable,68.0,127.0,75.0,99.0,36.7,18.0,NONE,GREEN,none,true,true,false,prohibited,offline_technical_pipeline_validation,SYNTHETIC_DATA_UNVALIDATED_FOR_STRUCTURAL_TESTING_ONLY_DO_NOT_USE_FOR_CLINICAL_DECISION_MAKING
CASE-V3-01375,PAT-V3-01375,FAM_YEL_02,CONCEPT_ACUTE_RENAL_COLIC,FAM_YEL_02_T05,66,FEMALE,en,Intense cramping back pain on right side spreading forward,"Peaks every 15 minutes, severe nausea without diarrhea, history of kidney stones",unilateral_renal_colic; severe_pain_score; episodic_spasm,4.0,8.0,none_reported,none_known,not_applicable,109.0,147.0,82.0,99.0,37.1,23.0,NONE,YELLOW,none,true,true,false,prohibited,offline_technical_pipeline_validation,SYNTHETIC_DATA_UNVALIDATED_FOR_STRUCTURAL_TESTING_ONLY_DO_NOT_USE_FOR_CLINICAL_DECISION_MAKING
CASE-V3-01377,PAT-V3-01377,FAM_GRN_15,CONCEPT_CHRONIC_TINNITUS,FAM_GRN_15_T03,77,MALE,hi,शादी में लाउडस्पीकर सुनने के बाद दो हफ्ते से कानों में गूंज,"दोनों कानों में हल्की सनसनाहट जो धीरे-धीरे घट रही है, संतुलन ठीक है, बुखार नहीं",subacute_tinnitus; bilateral; no_neurological_symptoms,2160.0,1.0,asthma,nsaids,not_applicable,71.0,136.0,82.0,98.0,36.8,17.0,NONE,GREEN,none,true,true,false,prohibited,offline_technical_pipeline_validation,SYNTHETIC_DATA_UNVALIDATED_FOR_STRUCTURAL_TESTING_ONLY_DO_NOT_USE_FOR_CLINICAL_DECISION_MAKING
CASE-V3-01378,PAT-V3-01378,FAM_YEL_16,CONCEPT_ACUTE_MONOARTHRITIS,FAM_YEL_16_T05,56,FEMALE,hi,सुबह से पैर के पंजे में आग जैसी जलन और भयानक दर्द,"पंजे की हड्डियां सूजकर लाल, एक पैर से लंगड़ाकर चलना, यूरिक एसिड का पुराना इतिहास",inflammatory_arthropathy; severe_localized_joint_pain; unable_to_walk,24.0,7.0,chronic_kidney_disease_stage_2,none_known,not_applicable,84.0,128.0,88.0,98.0,37.8,19.0,NONE,YELLOW,none,true,true,false,prohibited,offline_technical_pipeline_validation,SYNTHETIC_DATA_UNVALIDATED_FOR_STRUCTURAL_TESTING_ONLY_DO_NOT_USE_FOR_CLINICAL_DECISION_MAKING
CASE-V3-01379,PAT-V3-01379,FAM_YEL_15,CONCEPT_HEAD_INJURY_CONCUSSION,FAM_YEL_15_T05,54,MALE,hi,रसोई की अलमारी से सिर टकराने के बाद लगातार बना रहने वाला तेज दर्द,"सिर के ऊपर नीला निशान, हल्का चक्कर, कोई दौरा या हाथ-पैर में कमजोरी नहीं",minor_closed_head_injury; scalp_bruising; observation_candidate,1.0,7.0,migraine,"dust_mites, pollen",not_applicable,82.0,146.0,92.0,100.0,36.7,16.0,NONE,YELLOW,none,true,true,false,prohibited,offline_technical_pipeline_validation,SYNTHETIC_DATA_UNVALIDATED_FOR_STRUCTURAL_TESTING_ONLY_DO_NOT_USE_FOR_CLINICAL_DECISION_MAKING
CASE-V3-01380,PAT-V3-01380,FAM_YEL_07,CONCEPT_EXTREMITY_FRACTURE,FAM_YEL_07_T02,47,MALE,or,ଖେଳ ବେଳେ ଗୋଡ଼ ମୋଡ଼ି ହୋଇ ହାଡ଼ ଫୁଟିବା ଶବ୍ଦ ଓ ଛିଡ଼ା ନହୋଇ ପାରିବା,"ଗୋଇଠି ବାହାର ପାଖରେ କଳାବାଇଗଣୀ ଫୁଲା, ଚାରି ପାଦ ଚାଲିବା ଅସମ୍ଭବ, ପାଦର ନାଡ଼ି ଚାଲୁଛି",ankle_fracture_suspect; inability_to_bear_weight; bony_tenderness; ecchymosis,2.0,8.0,osteoarthritis,ciprofloxacin,not_applicable,102.0,145.0,85.0,100.0,36.8,18.0,NONE,YELLOW,none,true,true,false,prohibited,offline_technical_pipeline_validation,SYNTHETIC_DATA_UNVALIDATED_FOR_STRUCTURAL_TESTING_ONLY_DO_NOT_USE_FOR_CLINICAL_DECISION_MAKING
CASE-V3-01383,PAT-V3-01383,FAM_GRN_09,CONCEPT_SUPERFICIAL_FOLLICULITIS,FAM_GRN_09_T05,46,MALE,en,Prickly heat pimples across upper back after gym workout,"Tiny itchy pinpoint red spots on sweaty skin, improving after cool shower, vitals normal",sweat_folliculitis; mild_pruritus; circumscribed,72.0,2.0,asthma,amoxicillin,not_applicable,70.0,121.0,79.0,100.0,36.6,15.0,NONE,GREEN,none,true,true,false,prohibited,offline_technical_pipeline_validation,SYNTHETIC_DATA_UNVALIDATED_FOR_STRUCTURAL_TESTING_ONLY_DO_NOT_USE_FOR_CLINICAL_DECISION_MAKING
CASE-V3-01385,PAT-V3-01385,FAM_YEL_06,CONCEPT_DEEP_LACERATION,FAM_YEL_06_T05,38,FEMALE,or,ଗାଧୁଆଘରେ ଖସିପଡ଼ି ଗାଲରେ ୫ ସେମି ଲମ୍ବା ଗଭୀର କଟା,"ଗାଲ ହାଡ଼ ଉପରେ କ୍ଷତ, ସଫା କନା ଦେଇ ରକ୍ତ ବନ୍ଦ କରାଯାଇଛି, ରୋଗୀ ସ୍ପଷ୍ଟ କଥାବାର୍ତ୍ତା କରୁଛନ୍ତି",traumatic_facial_laceration; cosmetic_suture_needed; stable,0.5,6.0,allergic_rhinitis,nsaids,no,93.0,134.0,89.0,100.0,36.8,17.0,NONE,YELLOW,none,true,true,false,prohibited,offline_technical_pipeline_validation,SYNTHETIC_DATA_UNVALIDATED_FOR_STRUCTURAL_TESTING_ONLY_DO_NOT_USE_FOR_CLINICAL_DECISION_MAKING
CASE-V3-01388,PAT-V3-01388,FAM_YEL_07,CONCEPT_EXTREMITY_FRACTURE,FAM_YEL_07_T05,45,MALE,or,ଖସି ପଡ଼ିବା ପରେ ପିଲାର କହୁଣୀ ଅତ୍ୟଧିକ ଫୁଲିବା ଓ ପ୍ରବଳ କାନ୍ଦିବା,"ହାତକୁ ପେଟରେ ଲଗାଇ ରଖିଛି, ହାତ ଛୁଇଁଲେ ଚିତ୍କାର କରୁଛି, ନାଡ଼ି ସ୍ୱାଭାବିକ",elbow_supracondylar_suspect; acute_swelling; splinted,6.0,9.0,none_reported,aspirin,not_applicable,89.0,142.0,82.0,100.0,36.9,20.0,NONE,YELLOW,none,true,true,false,prohibited,offline_technical_pipeline_validation,SYNTHETIC_DATA_UNVALIDATED_FOR_STRUCTURAL_TESTING_ONLY_DO_NOT_USE_FOR_CLINICAL_DECISION_MAKING
CASE-V3-01389,PAT-V3-01389,FAM_YEL_10,CONCEPT_ACUTE_DIVERTICULITIS,FAM_YEL_10_T03,49,MALE,hi,"पेट के निचले बाएं हिस्से में टीस, हल्की मतली और कंपकंपी","बाईं करवट सोना मुश्किल, हाथ लगाने पर तेज दर्द, भूख न लगना",colonic_inflammation; focal_abdominal_guarding; fever,24.0,7.0,migraine,amoxicillin,not_applicable,87.0,126.0,90.0,100.0,38.4,22.0,NONE,YELLOW,none,true,true,false,prohibited,offline_technical_pipeline_validation,SYNTHETIC_DATA_UNVALIDATED_FOR_STRUCTURAL_TESTING_ONLY_DO_NOT_USE_FOR_CLINICAL_DECISION_MAKING
CASE-V3-01390,PAT-V3-01390,FAM_YEL_16,CONCEPT_ACUTE_MONOARTHRITIS,FAM_YEL_16_T02,73,MALE,en,Rapidly ballooning hot right knee with severe pain and low fever,"Tense fluid effusion in right knee, ballottable patella, cannot bend joint past 20 degrees, warm skin",acute_knee_monoarthritis; large_joint_effusion; warmth; fever_mild,6.0,9.0,dyslipidemia,"dust_mites, pollen",not_applicable,101.0,129.0,87.0,99.0,38.1,19.0,NONE,YELLOW,none,true,true,false,prohibited,offline_technical_pipeline_validation,SYNTHETIC_DATA_UNVALIDATED_FOR_STRUCTURAL_TESTING_ONLY_DO_NOT_USE_FOR_CLINICAL_DECISION_MAKING
CASE-V3-01392,PAT-V3-01392,FAM_YEL_19,CONCEPT_PERITONSILLAR_ABSCESS,FAM_YEL_19_T04,26,FEMALE,or,"ଡାହାଣ ଟନସିଲ୍ ପୂଜ ଭଳି ବିନ୍ଧିବା, ପାଟି ବନ୍ଦ ହୋଇଯିବା ଓ କଥା ଅସ୍ପଷ୍ଟ","ଔଷଧ ଖାଇ ବି ୪ ଦିନରୁ କମୁନାହିଁ, ବେକ ଗାଣ୍ଠି ଫୁଲିଛି, ପ୍ରବଳ ଜ୍ୱର",tonsillar_abscess_progression; muffled_speech; high_fever,96.0,7.0,copd,sulfa_drugs,no,109.0,134.0,75.0,97.0,38.8,22.0,NONE,YELLOW,none,true,true,false,prohibited,offline_technical_pipeline_validation,SYNTHETIC_DATA_UNVALIDATED_FOR_STRUCTURAL_TESTING_ONLY_DO_NOT_USE_FOR_CLINICAL_DECISION_MAKING
CASE-V3-01393,PAT-V3-01393,FAM_YEL_02,CONCEPT_ACUTE_RENAL_COLIC,FAM_YEL_02_T04,49,MALE,hi,बाईं कोख में भयानक जकड़न और बूंद-बूंद दर्द भरा पेशाब,"बाईं तरफ भयानक दर्द, पेशाब में तेज जलन और रुकावट, बेचैनी में टहलना",paroxysmal_lobar_flank_pain; dysuria; urinary_hesitancy,4.0,7.0,allergic_rhinitis,"dust_mites, pollen",not_applicable,103.0,142.0,96.0,100.0,37.4,18.0,NONE,YELLOW,none,true,true,false,prohibited,offline_technical_pipeline_validation,SYNTHETIC_DATA_UNVALIDATED_FOR_STRUCTURAL_TESTING_ONLY_DO_NOT_USE_FOR_CLINICAL_DECISION_MAKING
